customer_id,first_name,last_name,full_name,addressing_title,email_address,phone,account_number,customer_type,city,address_line_1,address_no,address_st,address_line_2,State,Country,number_of_sales,total_amount_with_tax,last_order_date,status
22251,Martha,She,Martha She,Dear She,martha22@adventure-works.com,929-555-0195,AW00022251,I,Calgary,6827 Glaze Dr.,6827,Glaze Dr.,,Alberta,Canada,2,6598.3197,2004-02-25 00:00:00.000000 UTC,Active
15175,Kristi,Malhotra,Kristi Malhotra,Dear Malhotra,kristi21@adventure-works.com,380-555-0148,AW00015175,I,Calgary,4605 Springvale Court,4605,Springvale Court,,Alberta,Canada,2,5359.6147,2004-04-27 00:00:00.000000 UTC,Active
24757,Alisha,She,Alisha She,Dear She,alisha24@adventure-works.com,751-555-0159,AW00024757,I,Calgary,8892 Oak Grove Road,8892,Oak Grove Road,,Alberta,Canada,2,4799.667,2004-06-30 00:00:00.000000 UTC,Active
21652,Julia,Bell,Julia Bell,Dear Bell,julia51@adventure-works.com,362-555-0196,AW00021652,I,Vancouver,7516 Laguna Street,7516,Laguna Street,,British Columbia,Canada,2,2923.8944,2003-08-03 00:00:00.000000 UTC,Active
21618,Elijah,Carter,Elijah Carter,Dear Carter,elijah38@adventure-works.com,861-555-0126,AW00021618,I,N. Vancouver,6262 Pine Tree Dr.,6262,Pine Tree Dr.,,British Columbia,Canada,2,2885.2305,2003-08-05 00:00:00.000000 UTC,Active
11526,Katherine,Diaz,Katherine Diaz,Dear Diaz,katherine48@adventure-works.com,147-555-0124,AW00011526,I,Westminster,8160 Star Tree Court,8160,Star Tree Court,,British Columbia,Canada,1,2626.5408,2003-08-07 00:00:00.000000 UTC,Active
11618,Brian,Ramirez,Brian Ramirez,Dear Ramirez,brian19@adventure-works.com,167-555-0144,AW00011618,I,Cliffside,9145 Danesta Dr.,9145,Danesta Dr.,,British Columbia,Canada,1,2618.8058,2003-08-13 00:00:00.000000 UTC,Active
23172,Alexandra,Thomas,Alexandra Thomas,Dear Thomas,alexandra74@adventure-works.com,401-555-0167,AW00023172,I,Haney,5841 Westover Dr.,5841,Westover Dr.,,British Columbia,Canada,2,5314.376,2003-08-13 00:00:00.000000 UTC,Active
21332,Bailey,Carter,Bailey Carter,Dear Carter,bailey30@adventure-works.com,513-555-0117,AW00021332,I,Langford,6081 Westminster Pl.,6081,Westminster Pl.,,British Columbia,Canada,2,2891.6284,2003-08-13 00:00:00.000000 UTC,Active
23164,Kyle,Bryant,Kyle Bryant,Dear Bryant,kyle13@adventure-works.com,578-555-0154,AW00023164,I,Metchosin,6899 Jacqueline Way,6899,Jacqueline Way,,British Columbia,Canada,2,5311.8456000000006,2003-08-16 00:00:00.000000 UTC,Active
23209,Lucas,Lewis,Lucas Lewis,Dear Lewis,lucas35@adventure-works.com,810-555-0171,AW00023209,I,Royal Oak,5531 Fremont Street,5531,Fremont Street,,British Columbia,Canada,2,5306.3316,2003-08-16 00:00:00.000000 UTC,Active
22893,Chloe,Miller,Chloe Miller,Dear Miller,chloe39@adventure-works.com,332-555-0185,AW00022893,I,Cliffside,7390 Discovery Bay,7390,Discovery Bay,,British Columbia,Canada,2,6692.4436000000005,2003-08-17 00:00:00.000000 UTC,Active
11523,Lucas,Taylor,Lucas Taylor,Dear Taylor,lucas22@adventure-works.com,149-555-0146,AW00011523,I,N. Vancouver,2328 California Street,2328,California Street,,British Columbia,Canada,1,2626.5408,2003-08-19 00:00:00.000000 UTC,Active
29247,Sara,Gray,Sara Gray,Dear Gray,sara6@adventure-works.com,182-555-0192,AW00029247,I,Langford,8803 La Mar Ct,8803,La Mar Ct,,British Columbia,Canada,1,2703.9903,2003-08-19 00:00:00.000000 UTC,Active
11647,Randy,Wu,Randy Wu,Dear Wu,randy8@adventure-works.com,189-555-0124,AW00011647,I,Cliffside,589 Ashwood Dr.,589,Ashwood Dr.,,British Columbia,Canada,1,2614.3637,2003-08-19 00:00:00.000000 UTC,Active
22112,Paige,Reed,Paige Reed,Dear Reed,paige45@adventure-works.com,305-555-0120,AW00022112,I,Port Hammond,1256 Orangewood Ave.,1256,Orangewood Ave.,,British Columbia,Canada,2,6682.2887,2003-08-24 00:00:00.000000 UTC,Active
24778,Sean,Baker,Sean Baker,Dear Baker,sean39@adventure-works.com,957-555-0110,AW00024778,I,Langley,6132 Providence Dr.,6132,Providence Dr.,,British Columbia,Canada,2,3158.6343,2003-08-25 00:00:00.000000 UTC,Active
23858,Jonathan,Powell,Jonathan Powell,Dear Powell,jonathan8@adventure-works.com,366-555-0165,AW00023858,I,Oak Bay,2728 Clown Court,2728,Clown Court,,British Columbia,Canada,2,5207.5778,2003-08-25 00:00:00.000000 UTC,Active
29165,Benjamin,Perry,Benjamin Perry,Dear Perry,benjamin8@adventure-works.com,590-555-0180,AW00029165,I,N. Vancouver,3575 Tulip St,3575,Tulip St,,British Columbia,Canada,1,2659.7792,2003-08-30 00:00:00.000000 UTC,Active
24344,Wayne,Chander,Wayne Chander,Dear Chander,wayne18@adventure-works.com,951-555-0110,AW00024344,I,Cliffside,8989 Adelia Court,8989,Adelia Court,,British Columbia,Canada,2,4784.2191,2003-08-30 00:00:00.000000 UTC,Active
29277,Samantha,Mohamed,Samantha Mohamed,Dear Mohamed,samantha9@adventure-works.com,832-555-0138,AW00029277,I,Oak Bay,5331 Buskrik Avenue,5331,Buskrik Avenue,,British Columbia,Canada,1,2673.0613,2003-09-03 00:00:00.000000 UTC,Active
21741,Alexa,Sanders,Alexa Sanders,Dear Sanders,alexa3@adventure-works.com,263-555-0147,AW00021741,I,N. Vancouver,1133 Fillet Ave,1133,Fillet Ave,,British Columbia,Canada,2,4560.6113000000005,2003-09-03 00:00:00.000000 UTC,Active
22120,Jennifer,Perry,Jennifer Perry,Dear Perry,jennifer82@adventure-works.com,263-555-0116,AW00022120,I,Victoria,6274 San Antonio,6274,San Antonio,,British Columbia,Canada,2,6588.3858,2003-09-05 00:00:00.000000 UTC,Active
11888,Aaron,Ross,Aaron Ross,Dear Ross,aaron3@adventure-works.com,175-555-0139,AW00011888,I,Cliffside,2111 Ringing Dr,2111,Ringing Dr,,British Columbia,Canada,1,2626.5408,2003-09-19 00:00:00.000000 UTC,Active
29256,Noah,Harris,Noah Harris,Dear Harris,noah55@adventure-works.com,566-555-0114,AW00029256,I,Vancouver,3614 Golf Club Road,3614,Golf Club Road,,British Columbia,Canada,1,2644.3313,2003-09-20 00:00:00.000000 UTC,Active
16363,Melanie,Ramirez,Melanie Ramirez,Dear Ramirez,melanie32@adventure-works.com,328-555-0112,AW00016363,I,Langley,3131 San Miguel Circle,3131,San Miguel Circle,,British Columbia,Canada,1,2742.4111,2003-09-20 00:00:00.000000 UTC,Active
23267,Juan,James,Juan James,Dear James,juan9@adventure-works.com,734-555-0118,AW00023267,I,Cliffside,9221 Dutch Slough Rd.,9221,Dutch Slough Rd.,,British Columbia,Canada,2,5372.6095000000005,2003-09-20 00:00:00.000000 UTC,Active
12017,David,Simmons,David Simmons,Dear Simmons,david48@adventure-works.com,712-555-0167,AW00012017,I,Port Hammond,8442 Euclid Avenue,8442,Euclid Avenue,,British Columbia,Canada,1,2585.6669,2003-09-21 00:00:00.000000 UTC,Active
24960,Brianna,Gray,Brianna Gray,Dear Gray,brianna42@adventure-works.com,795-555-0174,AW00024960,I,Cliffside,1107 La Corte Bonita,1107,La Corte Bonita,,British Columbia,Canada,2,3324.7462,2003-09-21 00:00:00.000000 UTC,Active
25048,Yolanda,Sharma,Yolanda Sharma,Dear Sharma,yolanda8@adventure-works.com,275-555-0186,AW00025048,I,Cliffside,1819 Lilac Court,1819,Lilac Court,,British Columbia,Canada,2,3366.7583,2003-09-22 00:00:00.000000 UTC,Active
23281,Megan,Harris,Megan Harris,Dear Harris,megan16@adventure-works.com,751-555-0114,AW00023281,I,Sooke,5039 Keywood Ct.,5039,Keywood Ct.,,British Columbia,Canada,2,5335.0616,2003-09-24 00:00:00.000000 UTC,Active
23137,Chloe,Sanders,Chloe Sanders,Dear Sanders,chloe65@adventure-works.com,466-555-0127,AW00023137,I,Royal Oak,2320 Wee Donegal,2320,Wee Donegal,,British Columbia,Canada,2,5872.2463000000007,2003-09-25 00:00:00.000000 UTC,Active
21655,Zachary,Bryant,Zachary Bryant,Dear Bryant,zachary16@adventure-works.com,743-555-0146,AW00021655,I,Newton,2941 Jill Ave,2941,Jill Ave,,British Columbia,Canada,2,2926.1155,2003-09-25 00:00:00.000000 UTC,Active
16140,Seth,Harris,Seth Harris,Dear Harris,seth14@adventure-works.com,778-555-0114,AW00016140,I,Oak Bay,1487 Santa Fe,1487,Santa Fe,,British Columbia,Canada,1,2793.8047,2003-09-26 00:00:00.000000 UTC,Active
12080,Grace,Sanchez,Grace Sanchez,Dear Sanchez,grace26@adventure-works.com,207-555-0158,AW00012080,I,Cliffside,8844 Fitzpatrick Drive,8844,Fitzpatrick Drive,,British Columbia,Canada,1,2602.264,2003-10-02 00:00:00.000000 UTC,Active
23376,Zachary,Flores,Zachary Flores,Dear Flores,zachary11@adventure-works.com,377-555-0185,AW00023376,I,Royal Oak,5678 Stonyhill Circle,5678,Stonyhill Circle,,British Columbia,Canada,2,5872.2463000000007,2003-10-05 00:00:00.000000 UTC,Active
21354,Morgan,Bailey,Morgan Bailey,Dear Bailey,morgan54@adventure-works.com,669-555-0153,AW00021354,I,Langley,4250 Huston Rd,4250,Huston Rd,,British Columbia,Canada,2,2924.2716,2003-10-07 00:00:00.000000 UTC,Active
11328,Julian,Griffin,Julian Griffin,Dear Griffin,julian20@adventure-works.com,636-555-0197,AW00011328,I,Newton,7398 Withersed Lane,7398,Withersed Lane,,British Columbia,Canada,2,5213.4343,2003-10-09 00:00:00.000000 UTC,Active
21352,Morgan,Long,Morgan Long,Dear Long,morgan79@adventure-works.com,912-555-0160,AW00021352,I,Vancouver,5577 Laredo,5577,Laredo,,British Columbia,Canada,2,2901.0556,2003-10-11 00:00:00.000000 UTC,Active
21939,Thomas,Roberts,Thomas Roberts,Dear Roberts,thomas41@adventure-works.com,874-555-0175,AW00021939,I,Langford,448 Roanoke Dr.,448,Roanoke Dr.,,British Columbia,Canada,2,4600.3803,2003-10-11 00:00:00.000000 UTC,Active
11132,Melissa,Richardson,Melissa Richardson,Dear Richardson,melissa31@adventure-works.com,928-555-0118,AW00011132,I,Langford,6832 Fruitwood Dr,6832,Fruitwood Dr,,British Columbia,Canada,1,2620.9937,2003-10-11 00:00:00.000000 UTC,Active
23306,Byron,Ortega,Byron Ortega,Dear Ortega,byron16@adventure-works.com,853-555-0167,AW00023306,I,Burnaby,9123 James Donlon Blvd,9123,James Donlon Blvd,,British Columbia,Canada,2,5335.0616,2003-10-12 00:00:00.000000 UTC,Active
25104,Natalie,Parker,Natalie Parker,Dear Parker,natalie51@adventure-works.com,581-555-0184,AW00025104,I,Westminster,1500 Polk Street,1500,Polk Street,,British Columbia,Canada,2,3335.2547,2003-10-14 00:00:00.000000 UTC,Active
24392,Molly,Prasad,Molly Prasad,Dear Prasad,molly9@adventure-works.com,169-555-0169,AW00024392,I,Cliffside,1588 Prestwick Drive,1588,Prestwick Drive,,British Columbia,Canada,2,4784.2191,2003-10-14 00:00:00.000000 UTC,Active
21768,Cole,Watson,Cole Watson,Dear Watson,cole1@adventure-works.com,110-555-0129,AW00021768,I,Metchosin,601 Asilomar Dr.,601,Asilomar Dr.,,British Columbia,Canada,2,4550.6774000000005,2003-10-16 00:00:00.000000 UTC,Active
21336,Angel,Perez,Angel Perez,Dear Perez,angel25@adventure-works.com,181-555-0187,AW00021336,I,Langford,322 Market Pl.,322,Market Pl.,,British Columbia,Canada,2,2904.3264,2003-10-17 00:00:00.000000 UTC,Active
11739,Aaron,King,Aaron King,Dear King,aaron51@adventure-works.com,600-555-0195,AW00011739,I,Shawnee,2243 W St.,2243,W St.,,British Columbia,Canada,2,5257.6232,2003-10-18 00:00:00.000000 UTC,Active
23283,Haley,Torres,Haley Torres,Dear Torres,haley14@adventure-works.com,175-555-0194,AW00023283,I,Royal Oak,9275 Keller Ridge Dr.,9275,Keller Ridge Dr.,,British Columbia,Canada,2,5335.0616,2003-10-19 00:00:00.000000 UTC,Active
24418,Brandon,Garcia,Brandon Garcia,Dear Garcia,brandon39@adventure-works.com,291-555-0169,AW00024418,I,Sooke,2731 Wiget Lane,2731,Wiget Lane,,British Columbia,Canada,2,4784.2191,2003-10-29 00:00:00.000000 UTC,Active
22903,Hailey,Stewart,Hailey Stewart,Dear Stewart,hailey0@adventure-works.com,640-555-0133,AW00022903,I,Port Hammond,9710 Valley Blvd.,9710,Valley Blvd.,,British Columbia,Canada,2,6689.9132,2003-10-31 00:00:00.000000 UTC,Active
21582,Amber,Roberts,Amber Roberts,Dear Roberts,amber3@adventure-works.com,597-555-0197,AW00021582,I,Cliffside,9665 Geneva Ave.,9665,Geneva Ave.,,British Columbia,Canada,2,2915.0544,2003-11-03 00:00:00.000000 UTC,Active
12447,Carson,Hayes,Carson Hayes,Dear Hayes,carson22@adventure-works.com,137-555-0160,AW00012447,I,Port Hammond,6799 El Camino Dr.,6799,El Camino Dr.,,British Columbia,Canada,1,2576.8048,2003-11-04 00:00:00.000000 UTC,Active
11984,Alex,Campbell,Alex Campbell,Dear Campbell,alex35@adventure-works.com,376-555-0156,AW00011984,I,Oak Bay,4164 Kenneth Ct.,4164,Kenneth Ct.,,British Columbia,Canada,2,5227.0036,2003-11-07 00:00:00.000000 UTC,Active
11979,Christopher,Johnson,Christopher Johnson,Dear Johnson,christopher25@adventure-works.com,130-555-0198,AW00011979,I,Victoria,9234 Carmel Drive,9234,Carmel Drive,,British Columbia,Canada,2,5319.2049000000006,2003-11-09 00:00:00.000000 UTC,Active
12081,Kaitlyn,Perez,Kaitlyn Perez,Dear Perez,kaitlyn10@adventure-works.com,154-555-0159,AW00012081,I,Oak Bay,8089 Mariposa Ct.,8089,Mariposa Ct.,,British Columbia,Canada,1,2615.4908,2003-11-09 00:00:00.000000 UTC,Active
12090,Savannah,Carter,Savannah Carter,Dear Carter,savannah32@adventure-works.com,838-555-0118,AW00012090,I,Royal Oak,2582 South Ranchford Ct.,2582,South Ranchford Ct.,,British Columbia,Canada,1,2597.8108,2003-11-09 00:00:00.000000 UTC,Active
23385,Isaac,Brooks,Isaac Brooks,Dear Brooks,isaac1@adventure-works.com,120-555-0113,AW00023385,I,Langford,1917 Buskirk Ave.,1917,Buskirk Ave.,,British Columbia,Canada,2,5336.4760000000006,2003-11-12 00:00:00.000000 UTC,Active
21595,Juan,Ward,Juan Ward,Dear Ward,juan22@adventure-works.com,112-555-0119,AW00021595,I,N. Vancouver,4749 Blackwood Drive,4749,Blackwood Drive,,British Columbia,Canada,2,2927.7619,2003-11-12 00:00:00.000000 UTC,Active
24431,Abigail,Morgan,Abigail Morgan,Dear Morgan,abigail8@adventure-works.com,862-555-0137,AW00024431,I,Royal Oak,1363 Mount Circle,1363,Mount Circle,,British Columbia,Canada,2,4789.7331,2003-11-13 00:00:00.000000 UTC,Active
12086,Emily,Clark,Emily Clark,Dear Clark,emily20@adventure-works.com,165-555-0198,AW00012086,I,Royal Oak,5368 Pierce Ct.,5368,Pierce Ct.,,British Columbia,Canada,1,2535.964,2003-11-15 00:00:00.000000 UTC,Active
23351,Lucas,Sanchez,Lucas Sanchez,Dear Sanchez,lucas88@adventure-works.com,107-555-0140,AW00023351,I,Port Hammond,6679 Stanbridge Ct.,6679,Stanbridge Ct.,,British Columbia,Canada,2,5335.0616,2003-11-17 00:00:00.000000 UTC,Active
25971,Savannah,Young,Savannah Young,Dear Young,savannah40@adventure-works.com,785-555-0136,AW00025971,I,Oak Bay,280 Plymouth Dr.,280,Plymouth Dr.,,British Columbia,Canada,2,3038.0014,2003-11-17 00:00:00.000000 UTC,Active
23378,Jackson,Phillips,Jackson Phillips,Dear Phillips,jackson36@adventure-works.com,167-555-0118,AW00023378,I,Haney,8015 San Onofre Court,8015,San Onofre Court,,British Columbia,Canada,2,5875.5392,2003-11-17 00:00:00.000000 UTC,Active
25288,Jordyn,Flores,Jordyn Flores,Dear Flores,jordyn12@adventure-works.com,554-555-0169,AW00025288,I,Langford,6228 Rivewview,6228,Rivewview,,British Columbia,Canada,2,3007.3156,2003-11-19 00:00:00.000000 UTC,Active
11835,Elijah,Russell,Elijah Russell,Dear Russell,elijah21@adventure-works.com,188-555-0159,AW00011835,I,Metchosin,1592 Working Drive,1592,Working Drive,,British Columbia,Canada,2,5273.3915,2003-11-19 00:00:00.000000 UTC,Active
21589,Vanessa,Coleman,Vanessa Coleman,Dear Coleman,vanessa6@adventure-works.com,663-555-0181,AW00021589,I,Port Hammond,3525 E. Watson Court,3525,E. Watson Court,,British Columbia,Canada,2,2860.9426,2003-11-20 00:00:00.000000 UTC,Active
21400,Adam,Campbell,Adam Campbell,Dear Campbell,adam37@adventure-works.com,418-555-0138,AW00021400,I,Haney,827 Nulty Dr.,827,Nulty Dr.,,British Columbia,Canada,2,2971.2231,2003-11-20 00:00:00.000000 UTC,Active
23396,Kaitlyn,Long,Kaitlyn Long,Dear Long,kaitlyn76@adventure-works.com,357-555-0176,AW00023396,I,Shawnee,2237 Boca Raton Court,2237,Boca Raton Court,,British Columbia,Canada,2,5405.2291000000005,2003-11-21 00:00:00.000000 UTC,Active
25408,Karen,Zhao,Karen Zhao,Dear Zhao,karen20@adventure-works.com,270-555-0191,AW00025408,I,Cliffside,8964 Yosemite Ct,8964,Yosemite Ct,,British Columbia,Canada,2,3022.7635,2003-11-29 00:00:00.000000 UTC,Active
22121,Jackson,Henderson,Jackson Henderson,Dear Henderson,jackson7@adventure-works.com,547-555-0182,AW00022121,I,Haney,6715 North Park Court,6715,North Park Court,,British Columbia,Canada,2,6627.0497,2003-11-29 00:00:00.000000 UTC,Active
25287,Paige,Sanders,Paige Sanders,Dear Sanders,paige26@adventure-works.com,569-555-0191,AW00025287,I,Langley,243 Pine Dr,243,Pine Dr,,British Columbia,Canada,2,3296.5908,2003-11-29 00:00:00.000000 UTC,Active
22114,Lucas,Martin,Lucas Martin,Dear Martin,lucas28@adventure-works.com,434-555-0192,AW00022114,I,Cliffside,191 Trail Way,191,Trail Way,,British Columbia,Canada,2,4622.4692000000005,2003-12-01 00:00:00.000000 UTC,Active
25989,Jeremy,Price,Jeremy Price,Dear Price,jeremy21@adventure-works.com,836-555-0162,AW00025989,I,Sooke,2225 Stillwater Court,2225,Stillwater Court,,British Columbia,Canada,2,3032.6974,2003-12-02 00:00:00.000000 UTC,Active
12113,Nathan,Hughes,Nathan Hughes,Dear Hughes,nathan7@adventure-works.com,334-555-0173,AW00012113,I,Langford,1771 Coastal Blvd.,1771,Coastal Blvd.,,British Columbia,Canada,2,5234.9707,2003-12-03 00:00:00.000000 UTC,Active
24496,Katelyn,Mitchell,Katelyn Mitchell,Dear Mitchell,katelyn34@adventure-works.com,570-555-0129,AW00024496,I,Sooke,6634 Augustine Dr.,6634,Augustine Dr.,,British Columbia,Canada,2,4806.3191000000006,2003-12-06 00:00:00.000000 UTC,Active
25991,Arianna,Hayes,Arianna Hayes,Dear Hayes,arianna20@adventure-works.com,582-555-0144,AW00025991,I,Langley,5150 82nd Ave,5150,82nd Ave,,British Columbia,Canada,2,3144.3024,2003-12-09 00:00:00.000000 UTC,Active
23486,Benjamin,Coleman,Benjamin Coleman,Dear Coleman,benjamin7@adventure-works.com,524-555-0163,AW00023486,I,Sooke,539 Rolling Green Circle,539,Rolling Green Circle,,British Columbia,Canada,2,5904.2692000000006,2003-12-11 00:00:00.000000 UTC,Active
23725,Dennis,Ware,Dennis Ware,Dear Ware,dennis0@adventure-works.com,401-555-0138,AW00023725,I,Westminster,9905 North 29th St.,9905,North 29th St.,,British Columbia,Canada,2,5335.0616,2003-12-12 00:00:00.000000 UTC,Active
12449,Dylan,Brown,Dylan Brown,Dear Brown,dylan39@adventure-works.com,480-555-0194,AW00012449,I,Port Hammond,549 Via Appia,549,Via Appia,,British Columbia,Canada,1,2598.9158,2003-12-12 00:00:00.000000 UTC,Active
12122,Destiny,Coleman,Destiny Coleman,Dear Coleman,destiny54@adventure-works.com,446-555-0114,AW00012122,I,Vancouver,8713 Live Oak Avenue,8713,Live Oak Avenue,,British Columbia,Canada,2,5319.5143,2003-12-13 00:00:00.000000 UTC,Active
25992,Stephanie,Flores,Stephanie Flores,Dear Flores,stephanie39@adventure-works.com,583-555-0119,AW00025992,I,Victoria,1807 Trafalgar Circle,1807,Trafalgar Circle,,British Columbia,Canada,2,3007.3156,2003-12-14 00:00:00.000000 UTC,Active
23583,Brianna,Martin,Brianna Martin,Dear Martin,brianna13@adventure-works.com,810-555-0119,AW00023583,I,N. Vancouver,9594 Zion Avenue,9594,Zion Avenue,,British Columbia,Canada,2,5336.4760000000006,2003-12-15 00:00:00.000000 UTC,Active
22233,Xavier,Martin,Xavier Martin,Dear Martin,xavier12@adventure-works.com,398-555-0127,AW00022233,I,Haney,4539 Leeds Ct,4539,Leeds Ct,,British Columbia,Canada,2,6627.0497,2003-12-16 00:00:00.000000 UTC,Active
25981,Isaiah,Howard,Isaiah Howard,Dear Howard,isaiah10@adventure-works.com,916-555-0156,AW00025981,I,Sooke,2904 El Pueblo Pl.,2904,El Pueblo Pl.,,British Columbia,Canada,2,3335.2547,2003-12-16 00:00:00.000000 UTC,Active
22050,Richard,Bailey,Richard Bailey,Dear Bailey,richard97@adventure-works.com,818-555-0146,AW00022050,I,Burnaby,5826 Limewood Pl.,5826,Limewood Pl.,,British Columbia,Canada,2,4597.3857,2003-12-18 00:00:00.000000 UTC,Active
22232,Paige,Brooks,Paige Brooks,Dear Brooks,paige24@adventure-works.com,876-555-0142,AW00022232,I,Haney,6052 Sandy Way,6052,Sandy Way,,British Columbia,Canada,2,6613.7676,2003-12-18 00:00:00.000000 UTC,Active
23397,Isabelle,Bryant,Isabelle Bryant,Dear Bryant,isabelle16@adventure-works.com,259-555-0150,AW00023397,I,Newton,5025 Blue Jay Drive,5025,Blue Jay Drive,,British Columbia,Canada,2,5335.0616,2003-12-18 00:00:00.000000 UTC,Active
21614,William,Thomas,William Thomas,Dear Thomas,william26@adventure-works.com,181-555-0115,AW00021614,I,Cliffside,1277 Live Oak Avenue,1277,Live Oak Avenue,,British Columbia,Canada,2,2860.9426,2003-12-20 00:00:00.000000 UTC,Active
23511,Joshua,Rodriguez,Joshua Rodriguez,Dear Rodriguez,joshua22@adventure-works.com,339-555-0185,AW00023511,I,Shawnee,5671 Bel Air Dr.,5671,Bel Air Dr.,,British Columbia,Canada,2,5351.6366,2003-12-20 00:00:00.000000 UTC,Active
12781,Emma,James,Emma James,Dear James,emma44@adventure-works.com,145-555-0111,AW00012781,I,Langley,8626 Lillian Dr,8626,Lillian Dr,,British Columbia,Canada,1,2574.6279,2003-12-20 00:00:00.000000 UTC,Active
12089,Nathaniel,Richardson,Nathaniel Richardson,Dear Richardson,nathaniel10@adventure-works.com,170-555-0160,AW00012089,I,N. Vancouver,1881 Pinehurst Court,1881,Pinehurst Court,,British Columbia,Canada,2,5204.5832,2003-12-21 00:00:00.000000 UTC,Active
21613,Caleb,Powell,Caleb Powell,Dear Powell,caleb5@adventure-works.com,711-555-0115,AW00021613,I,Newton,5528 Ringing Court,5528,Ringing Court,,British Columbia,Canada,2,2884.689,2003-12-21 00:00:00.000000 UTC,Active
12451,Anna,Simmons,Anna Simmons,Dear Simmons,anna40@adventure-works.com,242-555-0193,AW00012451,I,Vancouver,6793 Longview Road,6793,Longview Road,,British Columbia,Canada,1,2616.5516,2003-12-22 00:00:00.000000 UTC,Active
22996,Jordan,Henderson,Jordan Henderson,Dear Henderson,jordan1@adventure-works.com,161-555-0113,AW00022996,I,Langford,1637 San Carlos Ave,1637,San Carlos Ave,,British Columbia,Canada,2,6669.3381000000008,2003-12-26 00:00:00.000000 UTC,Active
12060,Andrew,Wedge,Andrew Wedge,Dear Wedge,andrew22@adventure-works.com,842-555-0146,AW00012060,I,Sooke,9263 Mt. Mckinley Ct.,9263,Mt. Mckinley Ct.,,British Columbia,Canada,2,5316.7517,2003-12-27 00:00:00.000000 UTC,Active
21620,Mariah,Brooks,Mariah Brooks,Dear Brooks,mariah1@adventure-works.com,127-555-0131,AW00021620,I,Haney,8535 Meadowbrook Court,8535,Meadowbrook Court,,British Columbia,Canada,2,2895.5416,2003-12-29 00:00:00.000000 UTC,Active
12114,Charles,Richardson,Charles Richardson,Dear Richardson,charles58@adventure-works.com,385-555-0136,AW00012114,I,Metchosin,5466 Kaitlin Pl.,5466,Kaitlin Pl.,,British Columbia,Canada,2,5214.5171,2003-12-30 00:00:00.000000 UTC,Active
22182,Madeline,Parker,Madeline Parker,Dear Parker,madeline7@adventure-works.com,184-555-0138,AW00022182,I,Sooke,9379 Terrapin Court,9379,Terrapin Court,,British Columbia,Canada,2,6636.9837000000007,2003-12-30 00:00:00.000000 UTC,Active
22995,Isabella,Bryant,Isabella Bryant,Dear Bryant,isabella28@adventure-works.com,799-555-0198,AW00022995,I,Langley,4309 Cambridge Drive,4309,Cambridge Drive,,British Columbia,Canada,2,6696.8526,2003-12-31 00:00:00.000000 UTC,Active
12986,Rachel,Garcia,Rachel Garcia,Dear Garcia,rachel19@adventure-works.com,429-555-0199,AW00012986,I,Port Hammond,8403 Esperanza,8403,Esperanza,,British Columbia,Canada,2,5329.4261,2004-01-03 00:00:00.000000 UTC,Active
12782,Elizabeth,Long,Elizabeth Long,Dear Long,elizabeth39@adventure-works.com,921-555-0171,AW00012782,I,Sooke,110 E. Watson Court,110,E. Watson Court,,British Columbia,Canada,1,2653.0498,2004-01-03 00:00:00.000000 UTC,Active
13284,Victoria,Butler,Victoria Butler,Dear Butler,victoria61@adventure-works.com,108-555-0122,AW00013284,I,Langford,5423 Morengo Ct.,5423,Morengo Ct.,,British Columbia,Canada,2,5268.1206999999995,2004-01-03 00:00:00.000000 UTC,Active
13366,Austin,Davis,Austin Davis,Dear Davis,austin44@adventure-works.com,923-555-0190,AW00013366,I,Westminster,8547 Lyon Circle,8547,Lyon Circle,,British Columbia,Canada,2,5247.6892,2004-01-04 00:00:00.000000 UTC,Active
19987,Taylor,Moore,Taylor Moore,Dear Moore,taylor55@adventure-works.com,161-555-0178,AW00019987,I,Newton,9117 Jacqueline Way,9117,Jacqueline Way,,British Columbia,Canada,2,5043.7173,2004-01-04 00:00:00.000000 UTC,Active
26200,Ian,Baker,Ian Baker,Dear Baker,ian31@adventure-works.com,166-555-0176,AW00026200,I,Metchosin,8950 Olivera Rd,8950,Olivera Rd,,British Columbia,Canada,2,3045.9795,2004-01-05 00:00:00.000000 UTC,Active
23829,Anthony,Rodriguez,Anthony Rodriguez,Dear Rodriguez,anthony6@adventure-works.com,439-555-0185,AW00023829,I,Langford,8539 Glazier Dr.,8539,Glazier Dr.,,British Columbia,Canada,2,5306.3316,2004-01-05 00:00:00.000000 UTC,Active
23730,Morgan,Rodriguez,Morgan Rodriguez,Dear Rodriguez,morgan41@adventure-works.com,162-555-0126,AW00023730,I,Haney,5495 Glendale Circle,5495,Glendale Circle,,British Columbia,Canada,2,5335.0616,2004-01-05 00:00:00.000000 UTC,Active
23731,Jose,Thompson,Jose Thompson,Dear Thompson,jose77@adventure-works.com,989-555-0126,AW00023731,I,N. Vancouver,935 Rheem Drive,935,Rheem Drive,,British Columbia,Canada,2,5335.0616,2004-01-05 00:00:00.000000 UTC,Active
21621,Jordan,Parker,Jordan Parker,Dear Parker,jordan53@adventure-works.com,783-555-0193,AW00021621,I,N. Vancouver,2454 Clayton Way,2454,Clayton Way,,British Columbia,Canada,2,2891.6284,2004-01-07 00:00:00.000000 UTC,Active
12914,Jill,Miller,Jill Miller,Dear Miller,jill4@adventure-works.com,788-555-0113,AW00012914,I,Port Hammond,9425 Calle Verde Dr.,9425,Calle Verde Dr.,,British Columbia,Canada,1,2574.6279,2004-01-07 00:00:00.000000 UTC,Active
12193,Caleb,Simmons,Caleb Simmons,Dear Simmons,caleb12@adventure-works.com,164-555-0159,AW00012193,I,Newton,7450 Olivera Rd,7450,Olivera Rd,,British Columbia,Canada,2,5340.4982,2004-01-08 00:00:00.000000 UTC,Active
13328,Albert,Serrano,Albert Serrano,Dear Serrano,albert16@adventure-works.com,813-555-0171,AW00013328,I,Cliffside,4655 Shuey Ave,4655,Shuey Ave,,British Columbia,Canada,2,5202.3622,2004-01-08 00:00:00.000000 UTC,Active
12903,John,Sandstone,John Sandstone,Mr. Sandstone,john27@adventure-works.com,114-555-0100,AW00012903,I,Cliffside,2286 Sunset Way,2286,Sunset Way,,British Columbia,Canada,1,2577.1694,2004-01-09 00:00:00.000000 UTC,Active
26040,Ana,Butler,Ana Butler,Dear Butler,ana13@adventure-works.com,912-555-0166,AW00026040,I,Langley,6144 Rising Dawn Way,6144,Rising Dawn Way,,British Columbia,Canada,2,3335.2547,2004-01-09 00:00:00.000000 UTC,Active
13345,Dalton,Butler,Dalton Butler,Dear Butler,dalton60@adventure-works.com,557-555-0117,AW00013345,I,N. Vancouver,2906 Hillcrest Ave.,2906,Hillcrest Ave.,,British Columbia,Canada,2,5259.2586,2004-01-10 00:00:00.000000 UTC,Active
19874,Sara,Rogers,Sara Rogers,Dear Rogers,sara21@adventure-works.com,120-555-0113,AW00019874,I,Westminster,2061 Normal Ave.,2061,Normal Ave.,,British Columbia,Canada,2,5021.6173,2004-01-10 00:00:00.000000 UTC,Active
26202,Haley,Simmons,Haley Simmons,Dear Simmons,haley34@adventure-works.com,744-555-0111,AW00026202,I,N. Vancouver,2087 Plaza Del Rio,2087,Plaza Del Rio,,British Columbia,Canada,2,3038.0014,2004-01-10 00:00:00.000000 UTC,Active
22234,Katherine,Gonzalez,Katherine Gonzalez,Dear Gonzalez,katherine65@adventure-works.com,474-555-0142,AW00022234,I,Shawnee,9424 Oakgrove,9424,Oakgrove,,British Columbia,Canada,2,6603.8337,2004-01-13 00:00:00.000000 UTC,Active
23819,Vanessa,Washington,Vanessa Washington,Dear Washington,vanessa14@adventure-works.com,101-555-0122,AW00023819,I,Vancouver,5210 Lillian Dr,5210,Lillian Dr,,British Columbia,Canada,2,5306.3316,2004-01-13 00:00:00.000000 UTC,Active
22117,Sydney,Perez,Sydney Perez,Dear Perez,sydney53@adventure-works.com,171-555-0192,AW00022117,I,Vancouver,2402 Sutherland Dr.,2402,Sutherland Dr.,,British Columbia,Canada,2,4594.8553,2004-01-15 00:00:00.000000 UTC,Active
22247,Ryan,Williams,Ryan Williams,Dear Williams,ryan41@adventure-works.com,543-555-0176,AW00022247,I,Royal Oak,5075 William Reed Dr.,5075,William Reed Dr.,,British Columbia,Canada,2,6606.3641000000007,2004-01-15 00:00:00.000000 UTC,Active
26115,Savannah,Mitchell,Savannah Mitchell,Dear Mitchell,savannah33@adventure-works.com,913-555-0111,AW00026115,I,Cliffside,4712 Brook Way,4712,Brook Way,,British Columbia,Canada,2,3373.3441000000003,2004-01-18 00:00:00.000000 UTC,Active
13101,Alex,Sanchez,Alex Sanchez,Dear Sanchez,alex21@adventure-works.com,793-555-0179,AW00013101,I,Langley,3164 San Simeon Dr.,3164,San Simeon Dr.,,British Columbia,Canada,2,5233.3132000000005,2004-01-19 00:00:00.000000 UTC,Active
12177,Kevin,Campbell,Kevin Campbell,Dear Campbell,kevin44@adventure-works.com,929-555-0135,AW00012177,I,Oak Bay,1468 Napa St.,1468,Napa St.,,British Columbia,Canada,2,5316.7075,2004-01-19 00:00:00.000000 UTC,Active
26113,Caitlin,Rivera,Caitlin Rivera,Dear Rivera,caitlin14@adventure-works.com,177-555-0164,AW00026113,I,Oak Bay,3598 Walnut Place,3598,Walnut Place,,British Columbia,Canada,2,3017.2495,2004-01-21 00:00:00.000000 UTC,Active
13249,Ryan,Perry,Ryan Perry,Dear Perry,ryan10@adventure-works.com,787-555-0136,AW00013249,I,Shawnee,3651 Willow Lake Rd,3651,Willow Lake Rd,,British Columbia,Canada,2,5298.8507000000009,2004-01-22 00:00:00.000000 UTC,Active
12154,Hailey,Adams,Hailey Adams,Dear Adams,hailey55@adventure-works.com,906-555-0157,AW00012154,I,Westminster,4594 Rose Dr.,4594,Rose Dr.,,British Columbia,Canada,2,5302.3757000000005,2004-01-24 00:00:00.000000 UTC,Active
12902,Julia,Stewart,Julia Stewart,Dear Stewart,julia46@adventure-works.com,708-555-0197,AW00012902,I,Vancouver,4139 Bailey Road,4139,Bailey Road,,British Columbia,Canada,1,2574.6279,2004-01-24 00:00:00.000000 UTC,Active
13343,Melanie,Bradley,Melanie Bradley,Dear Bradley,melanie16@adventure-works.com,907-555-0122,AW00013343,I,Westminster,1732 Pine Creek Way,1732,Pine Creek Way,,British Columbia,Canada,2,5215.8984,2004-01-25 00:00:00.000000 UTC,Active
19884,James,Simmons,James Simmons,Dear Simmons,james31@adventure-works.com,151-555-0130,AW00019884,I,Sooke,3445 Fine Drive,3445,Fine Drive,,British Columbia,Canada,2,5070.2373,2004-01-25 00:00:00.000000 UTC,Active
22128,Melissa,Perry,Melissa Perry,Dear Perry,melissa2@adventure-works.com,641-555-0114,AW00022128,I,Langford,6828 Willow Pass Road,6828,Willow Pass Road,#5,British Columbia,Canada,2,4577.1642,2004-01-26 00:00:00.000000 UTC,Active
12710,Dalton,Evans,Dalton Evans,Dear Evans,dalton43@adventure-works.com,251-555-0135,AW00012710,I,Langley,3601 Stinson,3601,Stinson,#7,British Columbia,Canada,2,5275.3142,2004-01-27 00:00:00.000000 UTC,Active
22118,Jennifer,Parker,Jennifer Parker,Dear Parker,jennifer10@adventure-works.com,755-555-0136,AW00022118,I,Vancouver,5772 Ridgewood Drive,5772,Ridgewood Drive,,British Columbia,Canada,2,4594.8553,2004-01-27 00:00:00.000000 UTC,Active
19829,Lucas,Mitchell,Lucas Mitchell,Dear Mitchell,lucas3@adventure-works.com,491-555-0164,AW00019829,I,Royal Oak,3450 Villageoaks Dr.,3450,Villageoaks Dr.,,British Columbia,Canada,2,5009.4623,2004-01-28 00:00:00.000000 UTC,Active
12785,Javier,Ortega,Javier Ortega,Dear Ortega,javier15@adventure-works.com,175-555-0128,AW00012785,I,Burnaby,7948 Walnut Blvd,7948,Walnut Blvd,,British Columbia,Canada,1,2535.964,2004-01-29 00:00:00.000000 UTC,Active
12783,Jerome,Gutierrez,Jerome Gutierrez,Dear Gutierrez,jerome9@adventure-works.com,781-555-0154,AW00012783,I,Cliffside,6797 Smiling Tree Court,6797,Smiling Tree Court,,British Columbia,Canada,1,2674.6083,2004-01-30 00:00:00.000000 UTC,Active
22252,Makayla,Brooks,Makayla Brooks,Dear Brooks,makayla1@adventure-works.com,336-555-0117,AW00022252,I,Oak Bay,6693 Ryan Rd,6693,Ryan Rd,,British Columbia,Canada,2,6682.2887,2004-02-01 00:00:00.000000 UTC,Active
19989,Ethan,Thompson,Ethan Thompson,Dear Thompson,ethan49@adventure-works.com,450-555-0194,AW00019989,I,Vancouver,8452 Green Street,8452,Green Street,,British Columbia,Canada,2,4967.5055,2004-02-02 00:00:00.000000 UTC,Active
13143,Hannah,Jackson,Hannah Jackson,Dear Jackson,hannah11@adventure-works.com,565-555-0181,AW00013143,I,Langford,3486 Flora Ave.,3486,Flora Ave.,,British Columbia,Canada,1,2657.4919,2004-02-03 00:00:00.000000 UTC,Active
16754,Alex,Bell,Alex Bell,Dear Bell,alex18@adventure-works.com,582-555-0181,AW00016754,I,N. Vancouver,435 Santa Barbara,435,Santa Barbara,,British Columbia,Canada,2,3446.0531,2004-02-03 00:00:00.000000 UTC,Active
16103,Haley,Hill,Haley Hill,Dear Hill,haley56@adventure-works.com,547-555-0187,AW00016103,I,Royal Oak,5200 Woodchuck Pl.,5200,Woodchuck Pl.,,British Columbia,Canada,2,3472.2635999999998,2004-02-06 00:00:00.000000 UTC,Active
13460,Jasmine,Walker,Jasmine Walker,Dear Walker,jasmine20@adventure-works.com,184-555-0189,AW00013460,I,Newton,7289 Brookview Dr.,7289,Brookview Dr.,,British Columbia,Canada,2,5185.8093,2004-02-06 00:00:00.000000 UTC,Active
13440,Sydney,Miller,Sydney Miller,Dear Miller,sydney70@adventure-works.com,134-555-0132,AW00013440,I,Victoria,7474 High St.,7474,High St.,,British Columbia,Canada,2,5324.4757000000009,2004-02-07 00:00:00.000000 UTC,Active
16654,Heather,Zhang,Heather Zhang,Dear Zhang,heather0@adventure-works.com,302-555-0184,AW00016654,I,Cliffside,4286 NE 3rd Court,4286,NE 3rd Court,,British Columbia,Canada,2,3377.2336,2004-02-08 00:00:00.000000 UTC,Active
16906,Brittany,Flores,Brittany Flores,Dear Flores,brittany11@adventure-works.com,367-555-0114,AW00016906,I,Oak Bay,6310 Jamie Way,6310,Jamie Way,,British Columbia,Canada,1,2607.7779,2004-02-11 00:00:00.000000 UTC,Active
13027,Jeremy,Patterson,Jeremy Patterson,Dear Patterson,jeremy27@adventure-works.com,924-555-0142,AW00013027,I,Port Hammond,9412 Alhambra Avenue,9412,Alhambra Avenue,,British Columbia,Canada,1,2562.7823,2004-02-12 00:00:00.000000 UTC,Active
16987,Miguel,Clark,Miguel Clark,Dear Clark,miguel19@adventure-works.com,188-555-0182,AW00016987,I,Port Hammond,3244 E Eagle Peak Rd.,3244,E Eagle Peak Rd.,,British Columbia,Canada,1,2668.564,2004-02-14 00:00:00.000000 UTC,Active
13660,Ethan,Davis,Ethan Davis,Dear Davis,ethan37@adventure-works.com,225-555-0119,AW00013660,I,Metchosin,4054 Breck Court,4054,Breck Court,,British Columbia,Canada,2,5248.7611,2004-02-15 00:00:00.000000 UTC,Active
13418,Devin,Cox,Devin Cox,Dear Cox,devin78@adventure-works.com,279-555-0143,AW00013418,I,Vancouver,2557 Meadowbrook Dr.,2557,Meadowbrook Dr.,,British Columbia,Canada,2,5268.6953,2004-02-15 00:00:00.000000 UTC,Active
19988,Jordan,Long,Jordan Long,Dear Long,jordan6@adventure-works.com,445-555-0153,AW00019988,I,Sooke,3733 Water Street,3733,Water Street,,British Columbia,Canada,2,5033.7944,2004-02-16 00:00:00.000000 UTC,Active
16491,Christian,Garcia,Christian Garcia,Dear Garcia,christian52@adventure-works.com,172-555-0164,AW00016491,I,Langford,2860 Brentwood Circle,2860,Brentwood Circle,,British Columbia,Canada,2,3432.4947,2004-02-17 00:00:00.000000 UTC,Active
16098,Jasmine,Diaz,Jasmine Diaz,Dear Diaz,jasmine61@adventure-works.com,253-555-0162,AW00016098,I,Victoria,7427 Terra Catalina,7427,Terra Catalina,,British Columbia,Canada,2,3426.9255000000003,2004-02-17 00:00:00.000000 UTC,Active
13908,Alyssa,Diaz,Alyssa Diaz,Dear Diaz,alyssa66@adventure-works.com,506-555-0145,AW00013908,I,Cliffside,6922 Estudello,6922,Estudello,,British Columbia,Canada,2,5210.4397,2004-02-18 00:00:00.000000 UTC,Active
24664,Ian,Washington,Ian Washington,Dear Washington,ian54@adventure-works.com,135-555-0185,AW00024664,I,Langford,4444 Buckingham Dr.,4444,Buckingham Dr.,,British Columbia,Canada,2,4827.281,2004-02-20 00:00:00.000000 UTC,Active
23830,Cameron,White,Cameron White,Dear White,cameron31@adventure-works.com,297-555-0143,AW00023830,I,Metchosin,6096 Pheasant Circle,6096,Pheasant Circle,,British Columbia,Canada,2,5306.3316,2004-02-21 00:00:00.000000 UTC,Active
20000,Elijah,Diaz,Elijah Diaz,Dear Diaz,elijah23@adventure-works.com,200-555-0143,AW00020000,I,Haney,3128 Morgan Territory Rd,3128,Morgan Territory Rd,,British Columbia,Canada,2,4967.5055,2004-02-22 00:00:00.000000 UTC,Active
16758,Justin,Perry,Justin Perry,Dear Perry,justin4@adventure-works.com,349-555-0169,AW00016758,I,Victoria,6312 Woodcrest Dr,6312,Woodcrest Dr,,British Columbia,Canada,2,3383.8858,2004-02-23 00:00:00.000000 UTC,Active
16678,Ian,Ramirez,Ian Ramirez,Dear Ramirez,ian73@adventure-works.com,406-555-0196,AW00016678,I,Langley,5092 Almondwood Dr.,5092,Almondwood Dr.,,British Columbia,Canada,2,3494.3526,2004-02-27 00:00:00.000000 UTC,Active
22268,Alexandra,Barnes,Alexandra Barnes,Dear Barnes,alexandra26@adventure-works.com,574-555-0184,AW00022268,I,Newton,4618 Olive Hill,4618,Olive Hill,,British Columbia,Canada,2,6664.5976,2004-02-27 00:00:00.000000 UTC,Active
17403,Greg,White,Greg White,Dear White,greg9@adventure-works.com,940-555-0115,AW00017403,I,Newton,8514 Bounty Way,8514,Bounty Way,,British Columbia,Canada,1,2566.1194,2004-03-01 00:00:00.000000 UTC,Active
20007,Ashley,Alexander,Ashley Alexander,Dear Alexander,ashley46@adventure-works.com,432-555-0113,AW00020007,I,Westminster,5884 Maureen Circle,5884,Maureen Circle,,British Columbia,Canada,2,4967.5055,2004-03-02 00:00:00.000000 UTC,Active
13209,Alexandria,Bailey,Alexandria Bailey,Dear Bailey,alexandria38@adventure-works.com,172-555-0175,AW00013209,I,Langford,6970 Frame Ln,6970,Frame Ln,,British Columbia,Canada,1,2563.589,2004-03-03 00:00:00.000000 UTC,Active
22373,Gabrielle,Bell,Gabrielle Bell,Dear Bell,gabrielle6@adventure-works.com,123-555-0110,AW00022373,I,Port Hammond,4068 Camelback Road,4068,Camelback Road,,British Columbia,Canada,2,6603.8337,2004-03-03 00:00:00.000000 UTC,Active
13909,Riley,Price,Riley Price,Dear Price,riley0@adventure-works.com,246-555-0191,AW00013909,I,Haney,9778 Concord Royale,9778,Concord Royale,,British Columbia,Canada,2,5264.2420999999995,2004-03-06 00:00:00.000000 UTC,Active
17037,Kenneth,Nath,Kenneth Nath,Dear Nath,kenneth15@adventure-works.com,155-555-0111,AW00017037,I,Cliffside,1872 Chance Drive,1872,Chance Drive,,British Columbia,Canada,1,2580.1419,2004-03-07 00:00:00.000000 UTC,Active
14478,Abigail,Patterson,Abigail Patterson,Dear Patterson,abigail35@adventure-works.com,209-555-0125,AW00014478,I,Langford,7401 Las Palmas,7401,Las Palmas,,British Columbia,Canada,2,5298.4861,2004-03-07 00:00:00.000000 UTC,Active
13241,Natalie,Ward,Natalie Ward,Dear Ward,natalie15@adventure-works.com,392-555-0168,AW00013241,I,Victoria,3800 Breck Court,3800,Breck Court,# 60,British Columbia,Canada,1,2570.1858,2004-03-07 00:00:00.000000 UTC,Active
14041,Danielle,Bell,Danielle Bell,Dear Bell,danielle16@adventure-works.com,390-555-0199,AW00014041,I,Westminster,8092 West Las Vegas,8092,West Las Vegas,,British Columbia,Canada,2,5265.3471000000009,2004-03-09 00:00:00.000000 UTC,Active
20023,Edward,Hughes,Edward Hughes,Dear Hughes,edward60@adventure-works.com,459-555-0138,AW00020023,I,Vancouver,1120 Jeff Ct.,1120,Jeff Ct.,,British Columbia,Canada,2,5006.1694,2004-03-09 00:00:00.000000 UTC,Active
17175,Amanda,Roberts,Amanda Roberts,Dear Roberts,amanda47@adventure-works.com,233-555-0116,AW00017175,I,Sooke,6929 Citrus Ave.,6929,Citrus Ave.,,British Columbia,Canada,1,2580.1529,2004-03-12 00:00:00.000000 UTC,Active
22765,Luis,Collins,Luis Collins,Dear Collins,luis35@adventure-works.com,110-555-0123,AW00022765,I,Westminster,399 Orange Street,399,Orange Street,,British Columbia,Canada,2,6606.3641000000007,2004-03-13 00:00:00.000000 UTC,Active
17400,Emily,Wilson,Emily Wilson,Dear Wilson,emily7@adventure-works.com,145-555-0153,AW00017400,I,N. Vancouver,5444 Bellord Ct.,5444,Bellord Ct.,,British Columbia,Canada,1,2576.8048,2004-03-14 00:00:00.000000 UTC,Active
14459,Cody,Gray,Cody Gray,Dear Gray,cody6@adventure-works.com,430-555-0114,AW00014459,I,Vancouver,6415 Mayda Way,6415,Mayda Way,,British Columbia,Canada,2,5276.3861,2004-03-17 00:00:00.000000 UTC,Active
14281,Daniel,Wilson,Daniel Wilson,Dear Wilson,daniel25@adventure-works.com,478-555-0188,AW00014281,I,Vancouver,4609 Parkway Drive,4609,Parkway Drive,,British Columbia,Canada,2,5244.6615,2004-03-17 00:00:00.000000 UTC,Active
21423,Connor,Adams,Connor Adams,Dear Adams,connor44@adventure-works.com,895-555-0169,AW00021423,I,Westminster,8308 La Salle Ave.,8308,La Salle Ave.,,British Columbia,Canada,2,3191.8568999999998,2004-03-17 00:00:00.000000 UTC,Active
21622,Ethan,Winston,Ethan Winston,Dear Winston,ethan21@adventure-works.com,369-555-0123,AW00021622,I,Oak Bay,1047 Las Quebradas Lane,1047,Las Quebradas Lane,,British Columbia,Canada,2,2886.3244,2004-03-18 00:00:00.000000 UTC,Active
13271,Ryan,Anderson,Ryan Anderson,Dear Anderson,ryan49@adventure-works.com,630-555-0121,AW00013271,I,Port Hammond,9093 Gilardy Dr.,9093,Gilardy Dr.,,British Columbia,Canada,1,2563.589,2004-03-18 00:00:00.000000 UTC,Active
17622,Courtney,Young,Courtney Young,Dear Young,courtney20@adventure-works.com,683-555-0161,AW00017622,I,Langley,8020 Gladstone Drive,8020,Gladstone Drive,,British Columbia,Canada,1,2624.3529,2004-03-19 00:00:00.000000 UTC,Active
13217,Julian,Alexander,Julian Alexander,Dear Alexander,julian18@adventure-works.com,735-555-0162,AW00013217,I,Langford,9534 Ridgewood Ct.,9534,Ridgewood Ct.,,British Columbia,Canada,1,2598.9158,2004-03-20 00:00:00.000000 UTC,Active
23842,Connor,Bryant,Connor Bryant,Dear Bryant,connor12@adventure-works.com,182-555-0167,AW00023842,I,Langford,2495 Rachele Road,2495,Rachele Road,,British Columbia,Canada,2,5335.0616,2004-03-21 00:00:00.000000 UTC,Active
14118,Elizabeth,Ross,Elizabeth Ross,Dear Ross,elizabeth33@adventure-works.com,436-555-0128,AW00014118,I,Royal Oak,9682 Bon Homme Way,9682,Bon Homme Way,,British Columbia,Canada,2,5239.1807,2004-03-21 00:00:00.000000 UTC,Active
17402,Bryce,Rogers,Bryce Rogers,Dear Rogers,bryce18@adventure-works.com,184-555-0158,AW00017402,I,Langford,4252 Ofarrell Dr.,4252,Ofarrell Dr.,,British Columbia,Canada,1,2547.0029,2004-03-22 00:00:00.000000 UTC,Active
13358,Alexandra,Edwards,Alexandra Edwards,Dear Edwards,alexandra45@adventure-works.com,940-555-0193,AW00013358,I,Metchosin,138 Lancelot Dr.,138,Lancelot Dr.,# 105,British Columbia,Canada,1,2637.5687,2004-03-23 00:00:00.000000 UTC,Active
23865,Lori,Sanz,Lori Sanz,Dear Sanz,lori20@adventure-works.com,371-555-0174,AW00023865,I,Burnaby,7120 Panoramic Drive,7120,Panoramic Drive,,British Columbia,Canada,2,5405.2291000000005,2004-03-23 00:00:00.000000 UTC,Active
17613,Dakota,Bryant,Dakota Bryant,Dear Bryant,dakota14@adventure-works.com,849-555-0117,AW00017613,I,Langford,4402 Baker Drive,4402,Baker Drive,,British Columbia,Canada,1,2654.1548,2004-03-28 00:00:00.000000 UTC,Active
14436,John,Martin,John Martin,Dear Martin,john52@adventure-works.com,718-555-0190,AW00014436,I,Vancouver,1312 Garaventa Dr.,1312,Garaventa Dr.,,British Columbia,Canada,2,5277.4910999999993,2004-03-28 00:00:00.000000 UTC,Active
22230,Jordyn,Bennett,Jordyn Bennett,Dear Bennett,jordyn0@adventure-works.com,627-555-0187,AW00022230,I,N. Vancouver,1702 Vista,1702,Vista,,British Columbia,Canada,2,4666.6692,2004-03-28 00:00:00.000000 UTC,Active
17625,Mason,Allen,Mason Allen,Dear Allen,mason38@adventure-works.com,504-555-0144,AW00017625,I,Victoria,3008 Brookdale Dr.,3008,Brookdale Dr.,,British Columbia,Canada,1,2687.3048,2004-03-30 00:00:00.000000 UTC,Active
13270,Mason,Baker,Mason Baker,Dear Baker,mason28@adventure-works.com,680-555-0199,AW00013270,I,Cliffside,6519 Alier Drive,6519,Alier Drive,,British Columbia,Canada,1,2646.4198,2004-03-30 00:00:00.000000 UTC,Active
23846,Aidan,Diaz,Aidan Diaz,Dear Diaz,aidan23@adventure-works.com,342-555-0173,AW00023846,I,Vancouver,7178 B Avenue I,7178,B Avenue I,,British Columbia,Canada,2,5335.0616,2004-03-30 00:00:00.000000 UTC,Active
18237,Nicole,Russell,Nicole Russell,Dear Russell,nicole69@adventure-works.com,150-555-0156,AW00018237,I,Cliffside,5587 D St.,5587,D St.,,British Columbia,Canada,1,2562.4508,2004-04-02 00:00:00.000000 UTC,Active
20208,Austin,Hayes,Austin Hayes,Dear Hayes,austin19@adventure-works.com,954-555-0119,AW00020208,I,Langford,8746 Gonzalez Ct,8746,Gonzalez Ct,,British Columbia,Canada,2,3557.634,2004-04-02 00:00:00.000000 UTC,Active
22267,Brianna,Rodriguez,Brianna Rodriguez,Dear Rodriguez,brianna19@adventure-works.com,116-555-0176,AW00022267,I,Newton,7342 Dew Drop Circle,7342,Dew Drop Circle,,British Columbia,Canada,2,4604.7892,2004-04-03 00:00:00.000000 UTC,Active
24235,Jill,Martinez,Jill Martinez,Dear Martinez,jill7@adventure-works.com,885-555-0112,AW00024235,I,Langford,3952 Morello Ave.,3952,Morello Ave.,,British Columbia,Canada,2,5336.4760000000006,2004-04-03 00:00:00.000000 UTC,Active
13391,Brenda,Malhotra,Brenda Malhotra,Dear Malhotra,brenda8@adventure-works.com,113-555-0198,AW00013391,I,Burnaby,5190 Jacqueline Way,5190,Jacqueline Way,,British Columbia,Canada,1,2658.0444,2004-04-04 00:00:00.000000 UTC,Active
15362,Jennifer,Adams,Jennifer Adams,Dear Adams,jennifer18@adventure-works.com,124-555-0126,AW00015362,I,Shawnee,7700 Meaham Drive,7700,Meaham Drive,,British Columbia,Canada,2,5243.2471000000005,2004-04-04 00:00:00.000000 UTC,Active
20186,Connor,Li,Connor Li,Dear Li,connor21@adventure-works.com,491-555-0190,AW00020186,I,Shawnee,3737 Bellord Ct,3737,Bellord Ct,,British Columbia,Canada,2,3527.0602,2004-04-06 00:00:00.000000 UTC,Active
18377,Madison,Robinson,Madison Robinson,Dear Robinson,madison19@adventure-works.com,573-555-0151,AW00018377,I,Metchosin,200 Mitchelleanjen Ln.,200,Mitchelleanjen Ln.,,British Columbia,Canada,1,2646.4419,2004-04-08 00:00:00.000000 UTC,Active
23592,Joseph,Jackson,Joseph Jackson,Dear Jackson,joseph18@adventure-works.com,326-555-0196,AW00023592,I,Oak Bay,4251 San Onofre Court,4251,San Onofre Court,,British Columbia,Canada,2,5833.5824,2004-04-11 00:00:00.000000 UTC,Active
20209,Andrea,Turner,Andrea Turner,Dear Turner,andrea30@adventure-works.com,654-555-0111,AW00020209,I,Langley,6588 Palms Drive,6588,Palms Drive,,British Columbia,Canada,2,3611.7459,2004-04-12 00:00:00.000000 UTC,Active
14605,Allison,Brooks,Allison Brooks,Dear Brooks,allison0@adventure-works.com,993-555-0174,AW00014605,I,Royal Oak,9395 Aspect Dr,9395,Aspect Dr,,British Columbia,Canada,2,5248.7611,2004-04-12 00:00:00.000000 UTC,Active
18389,Marcus,Gray,Marcus Gray,Dear Gray,marcus81@adventure-works.com,465-555-0183,AW00018389,I,Cliffside,7610 Northridge Ct.,7610,Northridge Ct.,,British Columbia,Canada,1,2653.6023,2004-04-12 00:00:00.000000 UTC,Active
22877,Xavier,Griffin,Xavier Griffin,Dear Griffin,xavier61@adventure-works.com,573-555-0144,AW00022877,I,Cliffside,6936 Woodruff Lane,6936,Woodruff Lane,,British Columbia,Canada,2,6588.3858,2004-04-12 00:00:00.000000 UTC,Active
23866,Xavier,Flores,Xavier Flores,Dear Flores,xavier52@adventure-works.com,802-555-0166,AW00023866,I,Cliffside,60 Reliz Valley Road,60,Reliz Valley Road,,British Columbia,Canada,2,5335.0616,2004-04-12 00:00:00.000000 UTC,Active
21658,Jocelyn,Powell,Jocelyn Powell,Dear Powell,jocelyn9@adventure-works.com,864-555-0118,AW00021658,I,Vancouver,5242 Miguel Drive,5242,Miguel Drive,,British Columbia,Canada,2,2919.2881,2004-04-14 00:00:00.000000 UTC,Active
18116,Thomas,Li,Thomas Li,Dear Li,thomas29@adventure-works.com,427-555-0142,AW00018116,I,N. Vancouver,8389 Richard Ave.,8389,Richard Ave.,,British Columbia,Canada,1,2626.5408,2004-04-14 00:00:00.000000 UTC,Active
18433,Seth,Ross,Seth Ross,Dear Ross,seth52@adventure-works.com,970-555-0180,AW00018433,I,Oak Bay,3588 Green Valley Road,3588,Green Valley Road,,British Columbia,Canada,1,2574.6279,2004-04-14 00:00:00.000000 UTC,Active
14598,Miranda,Ross,Miranda Ross,Dear Ross,miranda4@adventure-works.com,128-555-0181,AW00014598,I,Vancouver,1454 Colton Ln,1454,Colton Ln,,British Columbia,Canada,2,5347.0949999999993,2004-04-15 00:00:00.000000 UTC,Active
13434,Kaitlyn,Wright,Kaitlyn Wright,Dear Wright,kaitlyn18@adventure-works.com,706-555-0121,AW00013434,I,N. Vancouver,1589 Santa Teresa Dr.,1589,Santa Teresa Dr.,,British Columbia,Canada,1,2602.264,2004-04-15 00:00:00.000000 UTC,Active
16011,Maria,Murphy,Maria Murphy,Dear Murphy,maria8@adventure-works.com,459-555-0122,AW00016011,I,Royal Oak,3469 Relief Valley Ct.,3469,Relief Valley Ct.,# 22,British Columbia,Canada,2,4041.2722999999996,2004-04-17 00:00:00.000000 UTC,Active
14606,Amanda,Cooper,Amanda Cooper,Dear Cooper,amanda8@adventure-works.com,424-555-0137,AW00014606,I,Victoria,6196 Nottingham Place,6196,Nottingham Place,#313,British Columbia,Canada,2,5211.2022,2004-04-18 00:00:00.000000 UTC,Active
21642,Alexandra,Rodriguez,Alexandra Rodriguez,Dear Rodriguez,alexandra84@adventure-works.com,519-555-0137,AW00021642,I,Oak Bay,333 Merced Circle,333,Merced Circle,,British Columbia,Canada,2,2895.5416,2004-04-19 00:00:00.000000 UTC,Active
15363,Justin,Yang,Justin Yang,Dear Yang,justin24@adventure-works.com,289-555-0163,AW00015363,I,Sooke,6813 Morning Way,6813,Morning Way,,British Columbia,Canada,2,5214.5393,2004-04-20 00:00:00.000000 UTC,Active
11251,Xavier,Long,Xavier Long,Dear Long,xavier51@adventure-works.com,243-555-0114,AW00011251,I,Haney,9245 Dantley Way,9245,Dantley Way,,British Columbia,Canada,1,2562.4508,2004-04-20 00:00:00.000000 UTC,Active
18236,Andrew,Wilson,Andrew Wilson,Dear Wilson,andrew16@adventure-works.com,984-555-0144,AW00018236,I,Shawnee,8582 San Jose Ave.,8582,San Jose Ave.,,British Columbia,Canada,1,2668.564,2004-04-20 00:00:00.000000 UTC,Active
15304,Miranda,Powell,Miranda Powell,Dear Powell,miranda8@adventure-works.com,869-555-0114,AW00015304,I,Haney,2603 Line Court,2603,Line Court,,British Columbia,Canada,2,5351.5149999999994,2004-04-21 00:00:00.000000 UTC,Active
18392,Jasmine,Gonzales,Jasmine Gonzales,Dear Gonzales,jasmine56@adventure-works.com,122-555-0136,AW00018392,I,Royal Oak,1914 N Lucile Lane,1914,N Lucile Lane,,British Columbia,Canada,1,2588.9377,2004-04-21 00:00:00.000000 UTC,Active
21629,Thomas,Thomas,Thomas Thomas,Dear Thomas,thomas72@adventure-works.com,159-555-0178,AW00021629,I,Langley,7921 Detroit Ave.,7921,Detroit Ave.,,British Columbia,Canada,2,2899.6065,2004-04-22 00:00:00.000000 UTC,Active
14597,Sean,Reed,Sean Reed,Dear Reed,sean28@adventure-works.com,594-555-0175,AW00014597,I,Langford,9129 Shenandoah Dr.,9129,Shenandoah Dr.,,British Columbia,Canada,2,5307.6576000000005,2004-04-23 00:00:00.000000 UTC,Active
15176,Kristi,Ramos,Kristi Ramos,Dear Ramos,kristi13@adventure-works.com,187-555-0112,AW00015176,I,Cliffside,4594 Springer Court,4594,Springer Court,,British Columbia,Canada,2,5196.8482,2004-04-25 00:00:00.000000 UTC,Active
23868,Abigail,Coleman,Abigail Coleman,Ms. Coleman,abigail74@adventure-works.com,464-555-0173,AW00023868,I,Victoria,9996 Asilomaar Dr.,9996,Asilomaar Dr.,,British Columbia,Canada,2,5336.4760000000006,2004-04-25 00:00:00.000000 UTC,Active
18379,Abigail,Robinson,Abigail Robinson,Dear Robinson,abigail59@adventure-works.com,171-555-0162,AW00018379,I,Port Hammond,2934 Village Pl.,2934,Village Pl.,,British Columbia,Canada,1,2610.3084,2004-04-27 00:00:00.000000 UTC,Active
18122,Justin,Hughes,Justin Hughes,Dear Hughes,justin8@adventure-works.com,189-555-0112,AW00018122,I,Langley,1646 Twinview Drive,1646,Twinview Drive,,British Columbia,Canada,1,2696.189,2004-04-27 00:00:00.000000 UTC,Active
15187,Benjamin,Brown,Benjamin Brown,Dear Brown,benjamin36@adventure-works.com,228-555-0178,AW00015187,I,Langford,4296 Mountaire Pkwy.,4296,Mountaire Pkwy.,,British Columbia,Canada,2,5221.4786,2004-04-28 00:00:00.000000 UTC,Active
18595,Marcus,Hernandez,Marcus Hernandez,Dear Hernandez,marcus28@adventure-works.com,735-555-0116,AW00018595,I,Oak Bay,2197 Clay Road,2197,Clay Road,,British Columbia,Canada,1,2574.639,2004-04-28 00:00:00.000000 UTC,Active
20188,Kimberly,Watson,Kimberly Watson,Dear Watson,kimberly3@adventure-works.com,335-555-0154,AW00020188,I,Langford,1359 Montgomery Avenue,1359,Montgomery Avenue,,British Columbia,Canada,2,3565.7241000000004,2004-04-28 00:00:00.000000 UTC,Active
20318,Amanda,Turner,Amanda Turner,Dear Turner,amanda48@adventure-works.com,765-555-0188,AW00020318,I,N. Vancouver,6518 Wilke Drive,6518,Wilke Drive,,British Columbia,Canada,2,3582.2991,2004-04-29 00:00:00.000000 UTC,Active
20206,Olivia,Murphy,Olivia Murphy,Dear Murphy,olivia31@adventure-works.com,575-555-0153,AW00020206,I,Langley,628 Marina Lakes Drive,628,Marina Lakes Drive,,British Columbia,Canada,2,3541.059,2004-04-29 00:00:00.000000 UTC,Active
15201,Miranda,Washington,Miranda Washington,Dear Washington,miranda13@adventure-works.com,580-555-0132,AW00015201,I,Westminster,4698 Pepper Way,4698,Pepper Way,,British Columbia,Canada,2,5296.2871,2004-04-29 00:00:00.000000 UTC,Active
18401,Joshua,Jones,Joshua Jones,Dear Jones,joshua5@adventure-works.com,301-555-0197,AW00018401,I,Metchosin,8938 West Hookston Road,8938,West Hookston Road,,British Columbia,Canada,1,2535.964,2004-04-29 00:00:00.000000 UTC,Active
22299,Richard,Murphy,Richard Murphy,Dear Murphy,richard96@adventure-works.com,258-555-0135,AW00022299,I,Oak Bay,4528 Summit View Dr.,4528,Summit View Dr.,,British Columbia,Canada,2,4580.8218,2004-04-30 00:00:00.000000 UTC,Active
23867,Sarah,Henderson,Sarah Henderson,Dear Henderson,sarah30@adventure-works.com,715-555-0180,AW00023867,I,Sooke,5710 Encino Drive,5710,Encino Drive,,British Columbia,Canada,2,5306.3316,2004-04-30 00:00:00.000000 UTC,Active
16810,Michael,Rodriguez,Michael Rodriguez,Dear Rodriguez,michael52@adventure-works.com,352-555-0170,AW00016810,I,Oak Bay,5053 Loftus Road,5053,Loftus Road,,British Columbia,Canada,2,3386.4162,2004-05-01 00:00:00.000000 UTC,Active
19997,Beth,Gill,Beth Gill,Dear Gill,beth16@adventure-works.com,938-555-0177,AW00019997,I,Cliffside,9326 Mayda Way,9326,Mayda Way,,British Columbia,Canada,2,6425.553,2004-05-02 00:00:00.000000 UTC,Active
13710,Destiny,Harris,Destiny Harris,Dear Harris,destiny13@adventure-works.com,923-555-0137,AW00013710,I,Oak Bay,3142 Broadway St.,3142,Broadway St.,,British Columbia,Canada,1,2587.3133,2004-05-02 00:00:00.000000 UTC,Active
19830,Gabrielle,Long,Gabrielle Long,Dear Long,gabrielle32@adventure-works.com,328-555-0139,AW00019830,I,Langford,9818 Frisbie Court,9818,Frisbie Court,,British Columbia,Canada,2,6371.3417,2004-05-04 00:00:00.000000 UTC,Active
15391,Jordyn,Powell,Jordyn Powell,Dear Powell,jordyn8@adventure-works.com,809-555-0141,AW00015391,I,Newton,3156 Crystal Avenue,3156,Crystal Avenue,,British Columbia,Canada,2,5334.9511,2004-05-05 00:00:00.000000 UTC,Active
18972,Benjamin,Butler,Benjamin Butler,Dear Butler,benjamin15@adventure-works.com,117-555-0115,AW00018972,I,Port Hammond,8153 Shoe St.,8153,Shoe St.,,British Columbia,Canada,1,2618.8169,2004-05-05 00:00:00.000000 UTC,Active
18959,Seth,Morris,Seth Morris,Dear Morris,seth89@adventure-works.com,600-555-0112,AW00018959,I,Westminster,6816 Detroit Ave.,6816,Detroit Ave.,,British Columbia,Canada,1,2587.3133,2004-05-06 00:00:00.000000 UTC,Active
21659,Gabrielle,Jenkins,Gabrielle Jenkins,Dear Jenkins,gabrielle29@adventure-works.com,625-555-0151,AW00021659,I,Haney,1661 Beauty St.,1661,Beauty St.,,British Columbia,Canada,2,4578.8328,2004-05-07 00:00:00.000000 UTC,Active
20182,Isabelle,Price,Isabelle Price,Dear Price,isabelle0@adventure-works.com,835-555-0119,AW00020182,I,Westminster,5412 Iris Ct,5412,Iris Ct,,British Columbia,Canada,2,6353.7168999999994,2004-05-08 00:00:00.000000 UTC,Active
20375,Olivia,Perry,Olivia Perry,Dear Perry,olivia53@adventure-works.com,727-555-0182,AW00020375,I,Westminster,3369 Houston Ct.,3369,Houston Ct.,,British Columbia,Canada,2,4904.4095,2004-05-08 00:00:00.000000 UTC,Active
19705,Anna,Hughes,Anna Hughes,Dear Hughes,anna36@adventure-works.com,747-555-0119,AW00019705,I,Sooke,7902 Crescent Avenue,7902,Crescent Avenue,,British Columbia,Canada,1,2587.8769,2004-05-08 00:00:00.000000 UTC,Active
22901,Katherine,Stewart,Katherine Stewart,Dear Stewart,katherine2@adventure-works.com,231-555-0156,AW00022901,I,Newton,7561 Humphrey Drive,7561,Humphrey Drive,,British Columbia,Canada,2,6598.3197,2004-05-09 00:00:00.000000 UTC,Active
18950,Lauren,Alexander,Lauren Alexander,Dear Alexander,lauren65@adventure-works.com,345-555-0173,AW00018950,I,N. Vancouver,5629 San Francisco,5629,San Francisco,,British Columbia,Canada,1,2598.9158,2004-05-09 00:00:00.000000 UTC,Active
20651,Timothy,Cooper,Timothy Cooper,Dear Cooper,timothy10@adventure-works.com,912-555-0115,AW00020651,I,Westminster,3331 Buchanan St.,3331,Buchanan St.,,British Columbia,Canada,2,3534.4179999999997,2004-05-09 00:00:00.000000 UTC,Active
13743,Isabella,Anderson,Isabella Anderson,Dear Anderson,isabella65@adventure-works.com,139-555-0156,AW00013743,I,Oak Bay,3746 Via Romero,3746,Via Romero,,British Columbia,Canada,1,2596.7279,2004-05-10 00:00:00.000000 UTC,Active
24284,Melissa,Sanders,Melissa Sanders,Dear Sanders,melissa26@adventure-works.com,156-555-0137,AW00024284,I,Victoria,8360 Frisbie Court,8360,Frisbie Court,,British Columbia,Canada,2,5345.2608,2004-05-10 00:00:00.000000 UTC,Active
20350,Isabella,Campbell,Isabella Campbell,Dear Campbell,isabella37@adventure-works.com,678-555-0163,AW00020350,I,Oak Bay,1986 Attic Rd.,1986,Attic Rd.,,British Columbia,Canada,2,3565.7241000000004,2004-05-11 00:00:00.000000 UTC,Active
19844,Emma,Murphy,Emma Murphy,Dear Murphy,emma32@adventure-works.com,831-555-0134,AW00019844,I,Oak Bay,3754 Alray Drive,3754,Alray Drive,,British Columbia,Canada,2,6417.7627,2004-05-11 00:00:00.000000 UTC,Active
20373,Morgan,Williams,Morgan Williams,Dear Williams,morgan25@adventure-works.com,575-555-0199,AW00020373,I,Langley,6529 Greentree Drive,6529,Greentree Drive,,British Columbia,Canada,2,3565.7241000000004,2004-05-11 00:00:00.000000 UTC,Active
21710,Brittany,Gonzales,Brittany Gonzales,Dear Gonzales,brittany15@adventure-works.com,978-555-0123,AW00021710,I,Royal Oak,2332 Treat Blvd,2332,Treat Blvd,,British Columbia,Canada,2,4626.8892000000005,2004-05-12 00:00:00.000000 UTC,Active
19746,Stephanie,Sanders,Stephanie Sanders,Dear Sanders,stephanie27@adventure-works.com,356-555-0193,AW00019746,I,Haney,8423 Roundtree Court,8423,Roundtree Court,,British Columbia,Canada,1,2574.639,2004-05-13 00:00:00.000000 UTC,Active
18839,Don,Lee,Don Lee,Dear Lee,don4@adventure-works.com,465-555-0196,AW00018839,I,Port Hammond,6212 C Olivera Rd,6212,C Olivera Rd,,British Columbia,Canada,1,2635.3919,2004-05-13 00:00:00.000000 UTC,Active
20035,Cesar,Fernandez,Cesar Fernandez,Dear Fernandez,cesar15@adventure-works.com,677-555-0141,AW00020035,I,Cliffside,9699 Gilardy Drive,9699,Gilardy Drive,,British Columbia,Canada,2,6292.9529999999995,2004-05-13 00:00:00.000000 UTC,Active
16366,Isabelle,Henderson,Isabelle Henderson,Dear Henderson,isabelle5@adventure-works.com,112-555-0156,AW00016366,I,Cliffside,5799 Abbey Court,5799,Abbey Court,,British Columbia,Canada,1,2832.5018,2004-05-14 00:00:00.000000 UTC,Active
13709,Zachary,Robinson,Zachary Robinson,Dear Robinson,zachary49@adventure-works.com,489-555-0170,AW00013709,I,Langford,8964 Mills Dr.,8964,Mills Dr.,,British Columbia,Canada,1,2577.1694,2004-05-14 00:00:00.000000 UTC,Active
13851,Seth,Moore,Seth Moore,Dear Moore,seth8@adventure-works.com,481-555-0125,AW00013851,I,Port Hammond,1059 Delta Fair Blvd.,1059,Delta Fair Blvd.,,British Columbia,Canada,1,2576.8048,2004-05-14 00:00:00.000000 UTC,Active
19661,Nathaniel,Cox,Nathaniel Cox,Dear Cox,nathaniel11@adventure-works.com,432-555-0179,AW00019661,I,Metchosin,4866 Sequoia Woods Pl.,4866,Sequoia Woods Pl.,,British Columbia,Canada,1,2786.0034,2004-05-14 00:00:00.000000 UTC,Active
20470,Melissa,Gonzales,Melissa Gonzales,Dear Gonzales,melissa12@adventure-works.com,811-555-0197,AW00020470,I,Royal Oak,2983 Birchbark Place,2983,Birchbark Place,,British Columbia,Canada,2,4871.6021,2004-05-15 00:00:00.000000 UTC,Active
15395,Joseph,Clark,Joseph Clark,Dear Clark,joseph26@adventure-works.com,656-555-0119,AW00015395,I,Victoria,9608 Grammercy Lane,9608,Grammercy Lane,,British Columbia,Canada,2,5281.9221,2004-05-16 00:00:00.000000 UTC,Active
15490,Kaitlyn,Rivera,Kaitlyn Rivera,Dear Rivera,kaitlyn55@adventure-works.com,197-555-0170,AW00015490,I,Port Hammond,9748 Sutherland Dr,9748,Sutherland Dr,,British Columbia,Canada,2,5318.9396,2004-05-17 00:00:00.000000 UTC,Active
20656,Marcus,Perry,Marcus Perry,Dear Perry,marcus57@adventure-works.com,237-555-0115,AW00020656,I,Sooke,8501 Second Ave.,8501,Second Ave.,,British Columbia,Canada,2,3586.7191000000003,2004-05-17 00:00:00.000000 UTC,Active
20546,Ruth,Fernandez,Ruth Fernandez,Dear Fernandez,ruth20@adventure-works.com,701-555-0131,AW00020546,I,Burnaby,7239 Green Leaf Drive,7239,Green Leaf Drive,,British Columbia,Canada,2,3587.4359,2004-05-17 00:00:00.000000 UTC,Active
18961,Jeremiah,Henderson,Jeremiah Henderson,Dear Henderson,jeremiah28@adventure-works.com,162-555-0111,AW00018961,I,Shawnee,6075 Lake Nadine Pl.,6075,Lake Nadine Pl.,,British Columbia,Canada,1,2618.8058,2004-05-19 00:00:00.000000 UTC,Active
16365,Jenna,Young,Jenna Young,Dear Young,jenna23@adventure-works.com,296-555-0190,AW00016365,I,Oak Bay,24 Jennifer Way,24,Jennifer Way,,British Columbia,Canada,1,2751.6489,2004-05-19 00:00:00.000000 UTC,Active
13711,Thomas,Mitchell,Thomas Mitchell,Dear Mitchell,thomas48@adventure-works.com,948-555-0140,AW00013711,I,Royal Oak,378 Canyon Road,378,Canyon Road,,British Columbia,Canada,1,2630.4194,2004-05-19 00:00:00.000000 UTC,Active
18971,Wyatt,Moore,Wyatt Moore,Dear Moore,wyatt8@adventure-works.com,895-555-0181,AW00018971,I,N. Vancouver,384 Price Lane,384,Price Lane,,British Columbia,Canada,1,2598.9158,2004-05-20 00:00:00.000000 UTC,Active
24666,Hannah,Martinez,Hannah Martinez,Dear Martinez,hannah15@adventure-works.com,130-555-0114,AW00024666,I,Port Hammond,750 Cataline Avenue,750,Cataline Avenue,,British Columbia,Canada,2,4829.5241000000005,2004-05-20 00:00:00.000000 UTC,Active
20468,Olivia,Richardson,Olivia Richardson,Dear Richardson,olivia35@adventure-works.com,114-555-0177,AW00020468,I,Sooke,6863 Shakespeare Dr,6863,Shakespeare Dr,,British Columbia,Canada,2,3502.3950999999997,2004-05-21 00:00:00.000000 UTC,Active
22881,Wyatt,Martinez,Wyatt Martinez,Dear Martinez,wyatt18@adventure-works.com,392-555-0121,AW00022881,I,Newton,7784 Door Way,7784,Door Way,,British Columbia,Canada,2,6627.0497,2004-05-21 00:00:00.000000 UTC,Active
19710,Arianna,Gonzales,Arianna Gonzales,Dear Gonzales,arianna15@adventure-works.com,223-555-0195,AW00019710,I,Port Hammond,7886 Ruth Drive,7886,Ruth Drive,,British Columbia,Canada,1,2598.9158,2004-05-22 00:00:00.000000 UTC,Active
19855,John,Smith,John Smith,Dear Smith,john37@adventure-works.com,835-555-0141,AW00019855,I,Port Hammond,9869 Fall Creek,9869,Fall Creek,,British Columbia,Canada,2,6309.5059,2004-05-24 00:00:00.000000 UTC,Active
18788,Madison,Thompson,Madison Thompson,Dear Thompson,madison16@adventure-works.com,697-555-0160,AW00018788,I,N. Vancouver,5967 Greystone Dr.,5967,Greystone Dr.,,British Columbia,Canada,1,2598.9158,2004-05-24 00:00:00.000000 UTC,Active
20034,Wyatt,Turner,Wyatt Turner,Dear Turner,wyatt43@adventure-works.com,924-555-0116,AW00020034,I,Vancouver,2444 North Ranchford,2444,North Ranchford,,British Columbia,Canada,2,6375.8058999999994,2004-05-25 00:00:00.000000 UTC,Active
22889,Julia,Long,Julia Long,Dear Long,julia75@adventure-works.com,721-555-0117,AW00022889,I,Newton,2528 Fall Creek Road,2528,Fall Creek Road,,British Columbia,Canada,2,6598.3197,2004-05-28 00:00:00.000000 UTC,Active
22976,Eric,Foster,Eric Foster,Dear Foster,eric23@adventure-works.com,295-555-0116,AW00022976,I,Oak Bay,1905 Horseshoe Circle,1905,Horseshoe Circle,,British Columbia,Canada,2,6598.3197,2004-05-28 00:00:00.000000 UTC,Active
21727,Arianna,Flores,Arianna Flores,Dear Flores,arianna10@adventure-works.com,580-555-0124,AW00021727,I,Shawnee,4082 Shell Ct,4082,Shell Ct,,British Columbia,Canada,2,4566.1253,2004-05-29 00:00:00.000000 UTC,Active
18882,Dalton,Hayes,Dalton Hayes,Dear Hayes,dalton68@adventure-works.com,138-555-0196,AW00018882,I,Shawnee,7311 Blackridge Dr.,7311,Blackridge Dr.,,British Columbia,Canada,1,2566.1194,2004-05-29 00:00:00.000000 UTC,Active
18951,Dalton,Jones,Dalton Jones,Dear Jones,dalton3@adventure-works.com,249-555-0126,AW00018951,I,Shawnee,9975 Haynes Court,9975,Haynes Court,,British Columbia,Canada,1,2580.1419,2004-05-30 00:00:00.000000 UTC,Active
13706,Kaitlyn,Peterson,Kaitlyn Peterson,Dear Peterson,kaitlyn61@adventure-works.com,942-555-0153,AW00013706,I,Cliffside,7537 Kaski Lane,7537,Kaski Lane,,British Columbia,Canada,1,2582.6834,2004-05-31 00:00:00.000000 UTC,Active
18785,Sara,Rivera,Sara Rivera,Dear Rivera,sara18@adventure-works.com,870-555-0111,AW00018785,I,Port Hammond,256 Gumwood Dr,256,Gumwood Dr,,British Columbia,Canada,1,2597.8108,2004-05-31 00:00:00.000000 UTC,Active
18922,Madeline,Gonzalez,Madeline Gonzalez,Dear Gonzalez,madeline8@adventure-works.com,721-555-0130,AW00018922,I,Metchosin,3091 Hickory Drive,3091,Hickory Drive,,British Columbia,Canada,1,2571.2908,2004-05-31 00:00:00.000000 UTC,Active
13852,Ian,Robinson,Ian Robinson,Dear Robinson,ian16@adventure-works.com,813-555-0130,AW00013852,I,N. Vancouver,6463 Landover Ln,6463,Landover Ln,,British Columbia,Canada,1,2535.964,2004-05-31 00:00:00.000000 UTC,Active
22058,Jake,Zukowski,Jake Zukowski,Dear Zukowski,jake22@adventure-works.com,139-555-0143,AW00022058,I,Cliffside,5888 Salem St.,5888,Salem St.,,British Columbia,Canada,2,4550.6774000000005,2004-06-03 00:00:00.000000 UTC,Active
15876,Eduardo,Turner,Eduardo Turner,Dear Turner,eduardo38@adventure-works.com,500-555-0170,AW00015876,I,Metchosin,5345 Willow Avenue,5345,Willow Avenue,,British Columbia,Canada,2,5291.8671,2004-06-03 00:00:00.000000 UTC,Active
24759,Brooke,Stewart,Brooke Stewart,Dear Stewart,brooke21@adventure-works.com,350-555-0125,AW00024759,I,Vancouver,8212 String Dr,8212,String Dr,,British Columbia,Canada,2,4828.397,2004-06-04 00:00:00.000000 UTC,Active
11619,Sierra,Young,Sierra Young,Dear Young,sierra15@adventure-works.com,410-555-0125,AW00011619,I,Victoria,3230 Virginia Hills,3230,Virginia Hills,,British Columbia,Canada,16,701.4987,2004-06-04 00:00:00.000000 UTC,Active
23113,Elijah,Powell,Elijah Powell,Dear Powell,elijah12@adventure-works.com,154-555-0176,AW00023113,I,Shawnee,7573 Star Dr,7573,Star Dr,#5188,British Columbia,Canada,2,6627.0497,2004-06-05 00:00:00.000000 UTC,Active
11253,José,Hernandez,José Hernandez,Dear Hernandez,josé54@adventure-works.com,712-555-0130,AW00011253,I,Victoria,5703 Donald Dr.,5703,Donald Dr.,,British Columbia,Canada,16,769.7546,2004-06-05 00:00:00.000000 UTC,Active
15905,Taylor,Taylor,Taylor Taylor,Dear Taylor,taylor56@adventure-works.com,187-555-0152,AW00015905,I,Langley,613 Lakehurst Dr.,613,Lakehurst Dr.,,British Columbia,Canada,2,5413.4172,2004-06-06 00:00:00.000000 UTC,Active
21138,Kaylee,Phillips,Kaylee Phillips,Dear Phillips,kaylee27@adventure-works.com,745-555-0127,AW00021138,I,Langford,531 Northridge Drive,531,Northridge Drive,,British Columbia,Canada,2,4830.373,2004-06-06 00:00:00.000000 UTC,Active
20669,Rachel,Ross,Rachel Ross,Dear Ross,rachel51@adventure-works.com,792-555-0116,AW00020669,I,Shawnee,4519 Sequoia Drive,4519,Sequoia Drive,,British Columbia,Canada,2,3502.3950999999997,2004-06-06 00:00:00.000000 UTC,Active
24332,Abigail,Thompson,Abigail Thompson,Dear Thompson,abigail56@adventure-works.com,792-555-0194,AW00024332,I,Metchosin,6738 Court Street,6738,Court Street,,British Columbia,Canada,2,5321.7795000000006,2004-06-07 00:00:00.000000 UTC,Active
22732,Sean,Turner,Sean Turner,Dear Turner,sean37@adventure-works.com,535-555-0140,AW00022732,I,Sooke,869 Cherry St.,869,Cherry St.,,British Columbia,Canada,2,4567.2303,2004-06-07 00:00:00.000000 UTC,Active
16000,Gabrielle,Ramirez,Gabrielle Ramirez,Dear Ramirez,gabrielle16@adventure-works.com,122-555-0129,AW00016000,I,Westminster,9564 Pennsylvania Blvd.,9564,Pennsylvania Blvd.,,British Columbia,Canada,2,5319.4148000000005,2004-06-07 00:00:00.000000 UTC,Active
24309,Ethan,Williams,Ethan Williams,Dear Williams,ethan32@adventure-works.com,406-555-0156,AW00024309,I,Shawnee,4944 Abbey Court,4944,Abbey Court,,British Columbia,Canada,2,5296.3977,2004-06-07 00:00:00.000000 UTC,Active
15916,Brandon,Walker,Brandon Walker,Dear Walker,brandon53@adventure-works.com,180-555-0147,AW00015916,I,Royal Oak,9093 Kirker Pass Road,9093,Kirker Pass Road,,British Columbia,Canada,2,5296.5634,2004-06-07 00:00:00.000000 UTC,Active
23074,Megan,Flores,Megan Flores,Dear Flores,megan61@adventure-works.com,347-555-0187,AW00023074,I,Royal Oak,2129 Acacia Drive,2129,Acacia Drive,,British Columbia,Canada,2,6654.1112,2004-06-08 00:00:00.000000 UTC,Active
21148,Brianna,Gonzales,Brianna Gonzales,Dear Gonzales,brianna62@adventure-works.com,928-555-0116,AW00021148,I,N. Vancouver,5581 Stanford Street,5581,Stanford Street,,British Columbia,Canada,2,3562.054,2004-06-09 00:00:00.000000 UTC,Active
15567,Carmen,Madan,Carmen Madan,Dear Madan,carmen10@adventure-works.com,134-555-0143,AW00015567,I,Cliffside,7682 Vista,7682,Vista,,British Columbia,Canada,2,5215.8984,2004-06-09 00:00:00.000000 UTC,Active
15566,Aaron,Foster,Aaron Foster,Dear Foster,aaron15@adventure-works.com,477-555-0181,AW00015566,I,Newton,4461 Centennial Way,4461,Centennial Way,,British Columbia,Canada,2,5428.2793999999994,2004-06-09 00:00:00.000000 UTC,Active
20708,Devin,Thompson,Devin Thompson,Dear Thompson,devin14@adventure-works.com,681-555-0150,AW00020708,I,Langley,618 Oak Street,618,Oak Street,,British Columbia,Canada,2,4869.0716,2004-06-09 00:00:00.000000 UTC,Active
15889,Robert,Wright,Robert Wright,Dear Wright,robert63@adventure-works.com,676-555-0147,AW00015889,I,Haney,361 Olivera Rd.,361,Olivera Rd.,,British Columbia,Canada,2,5357.0732,2004-06-10 00:00:00.000000 UTC,Active
16820,Isabella,Gray,Isabella Gray,Dear Gray,isabella5@adventure-works.com,438-555-0150,AW00016820,I,Port Hammond,6400 St. John Lane,6400,St. John Lane,,British Columbia,Canada,2,3555.658,2004-06-11 00:00:00.000000 UTC,Active
22008,Alisha,Ye,Alisha Ye,Dear Ye,alisha9@adventure-works.com,292-555-0192,AW00022008,I,Cliffside,9525 Canyon Way,9525,Canyon Way,,British Columbia,Canada,2,4576.0592,2004-06-11 00:00:00.000000 UTC,Active
23114,Caroline,Washington,Caroline Washington,Dear Washington,caroline14@adventure-works.com,107-555-0115,AW00023114,I,Haney,8752 Longview Rd,8752,Longview Rd,,British Columbia,Canada,2,6625.9337,2004-06-12 00:00:00.000000 UTC,Active
11203,Luis,Diaz,Luis Diaz,Dear Diaz,luis21@adventure-works.com,171-555-0126,AW00011203,I,Port Hammond,3682 Diablo View Road,3682,Diablo View Road,,British Columbia,Canada,17,885.9564,2004-06-13 00:00:00.000000 UTC,Active
24342,Evan,Campbell,Evan Campbell,Dear Campbell,evan31@adventure-works.com,645-555-0133,AW00024342,I,Sooke,9585 Macarthur Ave.,9585,Macarthur Ave.,,British Columbia,Canada,2,5335.0616,2004-06-13 00:00:00.000000 UTC,Active
15850,Rachel,Bradley,Rachel Bradley,Dear Bradley,rachel48@adventure-works.com,252-555-0158,AW00015850,I,Victoria,1673 Buena Vista,1673,Buena Vista,,British Columbia,Canada,2,5318.4092,2004-06-13 00:00:00.000000 UTC,Active
24671,Christian,Perry,Christian Perry,Dear Perry,christian22@adventure-works.com,292-555-0195,AW00024671,I,Newton,716 Anchor Drive,716,Anchor Drive,,British Columbia,Canada,2,4811.8331,2004-06-13 00:00:00.000000 UTC,Active
21348,Alexis,Patterson,Alexis Patterson,Dear Patterson,alexis33@adventure-works.com,396-555-0117,AW00021348,I,Langley,3162 Glazier Dr.,3162,Glazier Dr.,,British Columbia,Canada,2,4853.1802,2004-06-13 00:00:00.000000 UTC,Active
20665,James,Evans,James Evans,Dear Evans,james50@adventure-works.com,726-555-0110,AW00020665,I,Oak Bay,4123 Lakehurst Dr.,4123,Lakehurst Dr.,,British Columbia,Canada,2,4871.4569,2004-06-14 00:00:00.000000 UTC,Active
13853,Connor,Zhang,Connor Zhang,Dear Zhang,connor18@adventure-works.com,861-555-0111,AW00013853,I,Newton,2923 Napa St,2923,Napa St,,British Columbia,Canada,1,2574.6279,2004-06-15 00:00:00.000000 UTC,Active
21921,Lucas,Collins,Lucas Collins,Dear Collins,lucas12@adventure-works.com,367-555-0120,AW00021921,I,Oak Bay,8108 Abbey Court,8108,Abbey Court,,British Columbia,Canada,2,4577.7388,2004-06-16 00:00:00.000000 UTC,Active
13916,Eduardo,Ward,Eduardo Ward,Dear Ward,eduardo71@adventure-works.com,969-555-0186,AW00013916,I,Westminster,9478 Rheem Dr.,9478,Rheem Dr.,,British Columbia,Canada,1,2602.2529,2004-06-16 00:00:00.000000 UTC,Active
13878,Sebastian,Gray,Sebastian Gray,Dear Gray,sebastian7@adventure-works.com,822-555-0190,AW00013878,I,Oak Bay,4493 N. Broadway,4493,N. Broadway,,British Columbia,Canada,1,2615.4908,2004-06-17 00:00:00.000000 UTC,Active
15846,Julian,Flores,Julian Flores,Dear Flores,julian14@adventure-works.com,494-555-0138,AW00015846,I,Metchosin,4194 Baywood Drive,4194,Baywood Drive,,British Columbia,Canada,2,5462.3687,2004-06-17 00:00:00.000000 UTC,Active
11215,Ana,Perry,Ana Perry,Dear Perry,ana7@adventure-works.com,446-555-0134,AW00011215,I,Royal Oak,3114 Arlington Way,3114,Arlington Way,,British Columbia,Canada,17,1276.8500999999994,2004-06-17 00:00:00.000000 UTC,Active
20670,Julia,Cox,Julia Cox,Dear Cox,julia55@adventure-works.com,647-555-0111,AW00020670,I,Victoria,1362 Geary Road,1362,Geary Road,,British Columbia,Canada,2,3567.568,2004-06-18 00:00:00.000000 UTC,Active
13918,Armando,Blanco,Armando Blanco,Dear Blanco,armando16@adventure-works.com,783-555-0163,AW00013918,I,Burnaby,4064 Regina Lane,4064,Regina Lane,,British Columbia,Canada,1,2649.7348,2004-06-18 00:00:00.000000 UTC,Active
16836,David,Thomas,David Thomas,Dear Thomas,david69@adventure-works.com,278-555-0197,AW00016836,I,Cliffside,6219 Marcia Drive,6219,Marcia Drive,,British Columbia,Canada,2,3529.138,2004-06-20 00:00:00.000000 UTC,Active
15997,Melissa,Jenkins,Melissa Jenkins,Dear Jenkins,melissa1@adventure-works.com,321-555-0186,AW00015997,I,Oak Bay,8750 Union St,8750,Union St,,British Columbia,Canada,2,5244.7058,2004-06-21 00:00:00.000000 UTC,Active
21305,Hunter,Garcia,Hunter Garcia,Dear Garcia,hunter48@adventure-works.com,284-555-0113,AW00021305,I,Shawnee,6901 Hamilton Avenue,6901,Hamilton Avenue,,British Columbia,Canada,2,3541.059,2004-06-21 00:00:00.000000 UTC,Active
20736,Alexandra,Howard,Alexandra Howard,Dear Howard,alexandra15@adventure-works.com,512-555-0160,AW00020736,I,Newton,4399 Shuey Ave,4399,Shuey Ave,,British Columbia,Canada,2,3530.009,2004-06-23 00:00:00.000000 UTC,Active
23057,Caitlin,Richardson,Caitlin Richardson,Dear Richardson,caitlin7@adventure-works.com,238-555-0129,AW00023057,I,Shawnee,9471 Tobi Drive,9471,Tobi Drive,,British Columbia,Canada,2,6654.1112,2004-06-24 00:00:00.000000 UTC,Active
22041,Paige,Morris,Paige Morris,Dear Morris,paige43@adventure-works.com,711-555-0136,AW00022041,I,Haney,6720 Primrose Dr.,6720,Primrose Dr.,,British Columbia,Canada,2,4604.7892,2004-06-24 00:00:00.000000 UTC,Active
21284,Cody,Stewart,Cody Stewart,Dear Stewart,cody22@adventure-works.com,605-555-0110,AW00021284,I,Shawnee,9848 Angi Lane,9848,Angi Lane,,British Columbia,Canada,2,3562.054,2004-06-26 00:00:00.000000 UTC,Active
21813,Dalton,Brown,Dalton Brown,Dear Brown,dalton4@adventure-works.com,602-555-0134,AW00021813,I,Shawnee,1471 Michigan Blvd.,1471,Michigan Blvd.,,British Columbia,Canada,2,4550.6774000000005,2004-06-26 00:00:00.000000 UTC,Active
15917,Emily,White,Emily White,Dear White,emily13@adventure-works.com,619-555-0125,AW00015917,I,Cliffside,8781 Valley Crest Drive,8781,Valley Crest Drive,,British Columbia,Canada,2,5170.3614,2004-06-26 00:00:00.000000 UTC,Active
13987,Eduardo,Collins,Eduardo Collins,Dear Collins,eduardo43@adventure-works.com,100-555-0124,AW00013987,I,Langley,2100 Linton Terr,2100,Linton Terr,,British Columbia,Canada,1,2574.639,2004-06-26 00:00:00.000000 UTC,Active
11505,Jasmine,Powell,Jasmine Powell,Dear Powell,jasmine48@adventure-works.com,847-555-0156,AW00011505,I,Burnaby,5684 San Marino Ct.,5684,San Marino Ct.,,British Columbia,Canada,16,935.6812,2004-06-26 00:00:00.000000 UTC,Active
20483,Austin,Kumar,Austin Kumar,Dear Kumar,austin25@adventure-works.com,216-555-0183,AW00020483,I,Shawnee,2846 Thomas Ave,2846,Thomas Ave,,British Columbia,Canada,2,4862.0644,2004-06-26 00:00:00.000000 UTC,Active
22713,Joseph,Miller,Joseph Miller,Dear Miller,joseph12@adventure-works.com,122-555-0193,AW00022713,I,Cliffside,3570 Court Lane,3570,Court Lane,,British Columbia,Canada,2,4583.75,2004-06-27 00:00:00.000000 UTC,Active
11631,Antonio,Bennett,Antonio Bennett,Dear Bennett,antonio1@adventure-works.com,380-555-0192,AW00011631,I,Langley,6200 Mt. Pisgah,6200,Mt. Pisgah,,British Columbia,Canada,16,781.78780000000006,2004-06-27 00:00:00.000000 UTC,Active
21311,Jennifer,Ramirez,Jennifer Ramirez,Dear Ramirez,jennifer69@adventure-works.com,626-555-0164,AW00021311,I,Royal Oak,7556 Garcia Ranch Road,7556,Garcia Ranch Road,,British Columbia,Canada,2,4942.1990000000005,2004-06-28 00:00:00.000000 UTC,Active
15906,Kaitlyn,Lewis,Kaitlyn Lewis,Dear Lewis,kaitlyn44@adventure-works.com,982-555-0123,AW00015906,I,Sooke,3192 Shore Rd.,3192,Shore Rd.,,British Columbia,Canada,2,5260.9382000000005,2004-06-28 00:00:00.000000 UTC,Active
20680,Ashley,Anderson,Ashley Anderson,Dear Anderson,ashley10@adventure-works.com,883-555-0115,AW00020680,I,Port Hammond,1867 Buchanan Rd.,1867,Buchanan Rd.,,British Columbia,Canada,2,3557.634,2004-06-28 00:00:00.000000 UTC,Active
22748,Adam,Phillips,Adam Phillips,Dear Phillips,adam36@adventure-works.com,114-555-0113,AW00022748,I,Royal Oak,152 Scenic Ave.,152,Scenic Ave.,,British Columbia,Canada,2,4628.0053,2004-06-29 00:00:00.000000 UTC,Active
24310,Gabrielle,Peterson,Gabrielle Peterson,Dear Peterson,gabrielle14@adventure-works.com,117-555-0139,AW00024310,I,Shawnee,1955 Glaze Dr.,1955,Glaze Dr.,,British Columbia,Canada,2,5336.4760000000006,2004-06-29 00:00:00.000000 UTC,Active
21272,Nicole,Ward,Nicole Ward,Dear Ward,nicole39@adventure-works.com,408-555-0113,AW00021272,I,Port Hammond,7681 Hillcrest,7681,Hillcrest,,British Columbia,Canada,2,4901.0945,2004-06-30 00:00:00.000000 UTC,Active
21266,Taylor,Washington,Taylor Washington,Dear Washington,taylor38@adventure-works.com,170-555-0113,AW00021266,I,N. Vancouver,2679 Eagle Peak,2679,Eagle Peak,#7,British Columbia,Canada,2,5000.2005,2004-06-30 00:00:00.000000 UTC,Active
11512,Natalie,Campbell,Natalie Campbell,Dear Campbell,natalie50@adventure-works.com,178-555-0147,AW00011512,I,Oak Bay,3481 Broadmoor Drive,3481,Broadmoor Drive,,British Columbia,Canada,1,2563.589,2004-06-30 00:00:00.000000 UTC,Active
11530,Andrew,Martinez,Andrew Martinez,Dear Martinez,andrew24@adventure-works.com,226-555-0113,AW00011530,I,N. Vancouver,3183 Trasher Road,3183,Trasher Road,,British Columbia,Canada,16,634.04939999999988,2004-07-02 00:00:00.000000 UTC,Active
11300,Fernando,Barnes,Fernando Barnes,Dear Barnes,fernando47@adventure-works.com,469-555-0125,AW00011300,I,N. Vancouver,7633 Greenhills Circle,7633,Greenhills Circle,,British Columbia,Canada,27,1658.0753000000002,2004-07-03 00:00:00.000000 UTC,Active
11632,Alexandra,Jenkins,Alexandra Jenkins,Dear Jenkins,alexandra30@adventure-works.com,664-555-0121,AW00011632,I,Langford,346 Sutcliffe Pl.,346,Sutcliffe Pl.,,British Columbia,Canada,16,1107.3099,2004-07-06 00:00:00.000000 UTC,Active
11223,Hailey,Patterson,Hailey Patterson,Dear Patterson,hailey30@adventure-works.com,480-555-0126,AW00011223,I,Langley,5045 Vancouver Way,5045,Vancouver Way,# 133,British Columbia,Canada,27,1331.9454999999998,2004-07-09 00:00:00.000000 UTC,Active
11211,Samantha,Russell,Samantha Russell,Dear Russell,samantha42@adventure-works.com,547-555-0121,AW00011211,I,Haney,9256 Village Oaks Dr.,9256,Village Oaks Dr.,,British Columbia,Canada,17,876.87330000000009,2004-07-10 00:00:00.000000 UTC,Active
11091,Dalton,Perez,Dalton Perez,Dear Perez,dalton37@adventure-works.com,559-555-0115,AW00011091,I,Haney,6083 San Jose,6083,San Jose,,British Columbia,Canada,28,1314.2103,2004-07-11 00:00:00.000000 UTC,Active
11498,Arturo,Sun,Arturo Sun,Dear Sun,arturo14@adventure-works.com,694-555-0114,AW00011498,I,Cliffside,4023 Jasper Court,4023,Jasper Court,,British Columbia,Canada,16,620.4912,2004-07-12 00:00:00.000000 UTC,Active
11500,Sarah,Simmons,Sarah Simmons,Dear Simmons,sarah40@adventure-works.com,579-555-0169,AW00011500,I,Langley,1005 Valley Oak Plaza,1005,Valley Oak Plaza,,British Columbia,Canada,16,722.96890000000008,2004-07-13 00:00:00.000000 UTC,Active
11519,Jerome,Navarro,Jerome Navarro,Dear Navarro,jerome8@adventure-works.com,934-555-0191,AW00011519,I,Cliffside,9537 Ridgewood Drive,9537,Ridgewood Drive,,British Columbia,Canada,16,836.7838,2004-07-14 00:00:00.000000 UTC,Active
11019,Luke,Lal,Luke Lal,Dear Lal,luke18@adventure-works.com,262-555-0112,AW00011019,I,Langley,7832 Landing Dr,7832,Landing Dr,,British Columbia,Canada,17,975.384,2004-07-15 00:00:00.000000 UTC,Active
11142,Eduardo,Patterson,Eduardo Patterson,Dear Patterson,eduardo55@adventure-works.com,190-555-0184,AW00011142,I,Langford,6255 Macalvey Dr.,6255,Macalvey Dr.,,British Columbia,Canada,17,1083.7513000000001,2004-07-16 00:00:00.000000 UTC,Active
11277,Charles,Jackson,Charles Jackson,Dear Jackson,charles15@adventure-works.com,194-555-0175,AW00011277,I,Royal Oak,3400 Folson Drive,3400,Folson Drive,,British Columbia,Canada,27,1585.6647999999996,2004-07-19 00:00:00.000000 UTC,Active
11212,Chloe,Campbell,Chloe Campbell,Dear Campbell,chloe4@adventure-works.com,205-555-0169,AW00011212,I,Metchosin,3562 East Ave.,3562,East Ave.,# 4,British Columbia,Canada,17,914.0453,2004-07-20 00:00:00.000000 UTC,Active
11520,Jada,Morgan,Jada Morgan,Dear Morgan,jada14@adventure-works.com,160-555-0131,AW00011520,I,Port Hammond,8394 Lincoln Drive,8394,Lincoln Drive,,British Columbia,Canada,16,909.3822,2004-07-22 00:00:00.000000 UTC,Active
11507,Isabella,Russell,Isabella Russell,Dear Russell,isabella30@adventure-works.com,168-555-0190,AW00011507,I,Victoria,2427 Pastime Dr,2427,Pastime Dr,,British Columbia,Canada,16,721.6317,2004-07-23 00:00:00.000000 UTC,Active
11200,Jason,Griffin,Jason Griffin,Dear Griffin,jason18@adventure-works.com,232-555-0160,AW00011200,I,Victoria,7239 Nicholas Drive,7239,Nicholas Drive,,British Columbia,Canada,27,1617.0356,2004-07-23 00:00:00.000000 UTC,Active
11506,Nicholas,Brown,Nicholas Brown,Dear Brown,nicholas6@adventure-works.com,883-555-0144,AW00011506,I,Port Hammond,2813 Dew Drop Circle,2813,Dew Drop Circle,,British Columbia,Canada,16,827.2035,2004-07-25 00:00:00.000000 UTC,Active
11330,Ryan,Thompson,Ryan Thompson,Dear Thompson,ryan38@adventure-works.com,138-555-0142,AW00011330,I,Oak Bay,3407 Pinon Dr.,3407,Pinon Dr.,,British Columbia,Canada,27,1255.6674999999998,2004-07-25 00:00:00.000000 UTC,Active
11501,Brandy,Chandra,Brandy Chandra,Dear Chandra,brandy20@adventure-works.com,323-555-0162,AW00011501,I,Cliffside,7089 Monti Circle,7089,Monti Circle,,British Columbia,Canada,16,963.8368,2004-07-25 00:00:00.000000 UTC,Active
11276,Nancy,Chapman,Nancy Chapman,Dear Chapman,nancy7@adventure-works.com,909-555-0129,AW00011276,I,Cliffside,1480 Shoenic,1480,Shoenic,,British Columbia,Canada,27,1092.0944000000002,2004-07-25 00:00:00.000000 UTC,Active
11262,Jennifer,Simmons,Jennifer Simmons,Dear Simmons,jennifer88@adventure-works.com,148-555-0115,AW00011262,I,Port Hammond,7959 Mt. Wilson Way,7959,Mt. Wilson Way,,British Columbia,Canada,27,1245.1368,2004-07-25 00:00:00.000000 UTC,Active
11331,Samantha,Jenkins,Samantha Jenkins,Dear Jenkins,samantha32@adventure-works.com,936-555-0152,AW00011331,I,Shawnee,1046 Cloverleaf Circle,1046,Cloverleaf Circle,,British Columbia,Canada,27,1468.8882999999996,2004-07-27 00:00:00.000000 UTC,Active
11711,Daniel,Davis,Daniel Davis,Dear Davis,daniel23@adventure-works.com,217-555-0147,AW00011711,I,N. Vancouver,263 La Orinda Pl.,263,La Orinda Pl.,,British Columbia,Canada,27,1219.6778,2004-07-29 00:00:00.000000 UTC,Active
11185,Ashley,Henderson,Ashley Henderson,Dear Henderson,ashley31@adventure-works.com,173-555-0121,AW00011185,I,Metchosin,8834 San Jose Ave.,8834,San Jose Ave.,,British Columbia,Canada,27,1786.0232999999998,2004-07-29 00:00:00.000000 UTC,Active
11176,Mason,Roberts,Mason Roberts,Dear Roberts,mason25@adventure-works.com,539-555-0162,AW00011176,I,Haney,5753 Megan Dr.,5753,Megan Dr.,,British Columbia,Canada,28,1458.6118,2004-07-30 00:00:00.000000 UTC,Active
11502,Jared,Peterson,Jared Peterson,Dear Peterson,jared8@adventure-works.com,879-555-0159,AW00011502,I,Shawnee,6878 Dublin,6878,Dublin,,British Columbia,Canada,16,1134.0509,2004-07-30 00:00:00.000000 UTC,Active
11287,Henry,Garcia,Henry Garcia,Dear Garcia,henry16@adventure-works.com,282-555-0185,AW00011287,I,Cliffside,3268 Hazelwood Lane,3268,Hazelwood Lane,,British Columbia,Canada,27,1289.6131,2004-07-31 00:00:00.000000 UTC,Active
11078,Gina,Martin,Gina Martin,Dear Martin,gina1@adventure-works.com,196-555-0114,AW00011078,I,Cliffside,1349 Sol St.,1349,Sol St.,,British Columbia,Canada,17,1009.1637000000002,2004-07-31 00:00:00.000000 UTC,Active
12053,Cedric,Gao,Cedric Gao,Dear Gao,cedric14@adventure-works.com,778-555-0133,AW00012053,I,Burbank,4283 Meaham Drive,4283,Meaham Drive,,California,United States,2,6600.4303,2003-08-03 00:00:00.000000 UTC,Active
13883,Brandon,Lal,Brandon Lal,Dear Lal,brandon26@adventure-works.com,445-555-0135,AW00013883,I,Long Beach,3577 Pembroke Court,3577,Pembroke Court,,California,United States,2,3338.252,2003-08-03 00:00:00.000000 UTC,Active
11818,Daniel,Garcia,Daniel Garcia,Dear Garcia,daniel8@adventure-works.com,125-555-0145,AW00011818,I,Coronado,4010 Willow Pass Road,4010,Willow Pass Road,,California,United States,2,6579.4132,2003-08-03 00:00:00.000000 UTC,Active
11323,Jose,Patterson,Jose Patterson,Dear Patterson,jose33@adventure-works.com,768-555-0153,AW00011323,I,Daly City,648 Newport Drive,648,Newport Drive,,California,United States,2,6712.3668,2003-08-03 00:00:00.000000 UTC,Active
11830,Taylor,Garcia,Taylor Garcia,Dear Garcia,taylor63@adventure-works.com,301-555-0163,AW00011830,I,Lincoln Acres,6986 Ida Ave.,6986,Ida Ave.,,California,United States,2,6552.9042000000009,2003-08-03 00:00:00.000000 UTC,Active
20204,Renee,Carlson,Renee Carlson,Dear Carlson,renee16@adventure-works.com,626-555-0119,AW00020204,I,Berkeley,845 Olive Ave,845,Olive Ave,,California,United States,1,2735.9248,2003-08-03 00:00:00.000000 UTC,Active
11327,Jaime,Moreno,Jaime Moreno,Dear Moreno,jaime48@adventure-works.com,457-555-0178,AW00011327,I,Burbank,83 Mountain View Blvd,83,Mountain View Blvd,,California,United States,2,6536.6718,2003-08-05 00:00:00.000000 UTC,Active
24660,Anna,Perry,Anna Perry,Dear Perry,anna32@adventure-works.com,608-555-0125,AW00024660,I,West Covina,67 Warren Street,67,Warren Street,,California,United States,1,2673.0613,2003-08-05 00:00:00.000000 UTC,Active
12058,Chloe,Nelson,Chloe Nelson,Dear Nelson,chloe6@adventure-works.com,202-555-0125,AW00012058,I,Fremont,4627 Lakefield Place,4627,Lakefield Place,,California,United States,2,6559.5011,2003-08-07 00:00:00.000000 UTC,Active
24528,Katherine,Hernandez,Katherine Hernandez,Dear Hernandez,katherine66@adventure-works.com,658-555-0194,AW00024528,I,Colma,8079 Prestwick Drive,8079,Prestwick Drive,,California,United States,1,2674.4757,2003-08-08 00:00:00.000000 UTC,Active
24522,Alex,Perez,Alex Perez,Dear Perez,alex31@adventure-works.com,698-555-0174,AW00024522,I,Santa Monica,194 Barberry Court,194,Barberry Court,,California,United States,1,2743.2288,2003-08-08 00:00:00.000000 UTC,Active
24529,Jillian,Martinez,Jillian Martinez,Dear Martinez,jillian18@adventure-works.com,801-555-0165,AW00024529,I,Berkeley,1383 Bola Raton Court,1383,Bola Raton Court,,California,United States,1,2649.8453,2003-08-08 00:00:00.000000 UTC,Active
11885,Kurt,Sharma,Kurt Sharma,Dear Sharma,kurt9@adventure-works.com,146-555-0179,AW00011885,I,Burlingame,4461 Centennial Way,4461,Centennial Way,,California,United States,2,6520.1078,2003-08-08 00:00:00.000000 UTC,Active
24669,Xavier,Parker,Xavier Parker,Dear Parker,xavier39@adventure-works.com,761-555-0130,AW00024669,I,San Gabriel,5098 N. Civic Dr,5098,N. Civic Dr,,California,United States,1,2673.0613,2003-08-09 00:00:00.000000 UTC,Active
13882,Mariah,Russell,Mariah Russell,Dear Russell,mariah24@adventure-works.com,403-555-0138,AW00013882,I,Imperial Beach,2292 Springlake Drive,2292,Springlake Drive,,California,United States,2,3627.5051000000003,2003-08-09 00:00:00.000000 UTC,Active
11324,Zachary,Anderson,Zachary Anderson,Dear Anderson,zachary39@adventure-works.com,693-555-0118,AW00011324,I,Glendale,2476 Mt. Whitney Way,2476,Mt. Whitney Way,,California,United States,2,6569.4792,2003-08-09 00:00:00.000000 UTC,Active
12050,Aaron,Young,Aaron Young,Dear Young,aaron49@adventure-works.com,911-555-0153,AW00012050,I,Lincoln Acres,6350 Plumas Court,6350,Plumas Court,,California,United States,2,6656.2217,2003-08-10 00:00:00.000000 UTC,Active
11683,Greg,Taylor,Greg Taylor,Dear Taylor,greg10@adventure-works.com,959-555-0135,AW00011683,I,El Cajon,1052 Stanford Street,1052,Stanford Street,,California,United States,2,6516.4392000000007,2003-08-11 00:00:00.000000 UTC,Active
11666,Angel,Baker,Angel Baker,Dear Baker,angel30@adventure-works.com,616-555-0161,AW00011666,I,Torrance,7119 Iowa Drive,7119,Iowa Drive,,California,United States,2,6572.8053,2003-08-11 00:00:00.000000 UTC,Active
24523,Mariah,Coleman,Mariah Coleman,Dear Coleman,mariah10@adventure-works.com,632-555-0154,AW00024523,I,Colma,9815 Marlboro Court,9815,Marlboro Court,,California,United States,1,2753.6821,2003-08-11 00:00:00.000000 UTC,Active
11307,Hunter,Rodriguez,Hunter Rodriguez,Dear Rodriguez,hunter53@adventure-works.com,996-555-0142,AW00011307,I,Daly City,4343 Cook Street,4343,Cook Street,,California,United States,2,6590.4632,2003-08-12 00:00:00.000000 UTC,Active
13060,Eugene,Zhu,Eugene Zhu,Dear Zhu,eugene18@adventure-works.com,246-555-0155,AW00013060,I,Concord,1292 Marsh Elder,1292,Marsh Elder,,California,United States,2,3102.8428,2003-08-12 00:00:00.000000 UTC,Active
11531,Nina,Yuan,Nina Yuan,Dear Yuan,nina7@adventure-works.com,568-555-0198,AW00011531,I,Beverly Hills,4851 Heights Ave.,4851,Heights Ave.,,California,United States,2,6492.4828,2003-08-12 00:00:00.000000 UTC,Active
12052,Makayla,Ward,Makayla Ward,Dear Ward,makayla11@adventure-works.com,328-555-0112,AW00012052,I,Redwood City,9023 Brush Creek Court,9023,Brush Creek Court,,California,United States,2,6558.7828000000009,2003-08-13 00:00:00.000000 UTC,Active
11016,Wyatt,Hill,Wyatt Hill,Dear Hill,wyatt32@adventure-works.com,135-555-0171,AW00011016,I,Imperial Beach,9666 Northridge Ct.,9666,Northridge Ct.,,California,United States,1,2577.1694,2003-08-13 00:00:00.000000 UTC,Active
28673,Arianna,Reed,Arianna Reed,Dear Reed,arianna42@adventure-works.com,510-555-0172,AW00028673,I,Mill Valley,6810 San Vincente Drive,6810,San Vincente Drive,,California,United States,2,4840.0106000000005,2003-08-13 00:00:00.000000 UTC,Active
13854,Kyle,Parker,Kyle Parker,Dear Parker,kyle29@adventure-works.com,132-555-0146,AW00013854,I,Chula Vista,8447 East Lake Court,8447,East Lake Court,,California,United States,2,3588.8412,2003-08-13 00:00:00.000000 UTC,Active
11329,Andy,Alvarez,Andy Alvarez,Dear Alvarez,andy9@adventure-works.com,367-555-0172,AW00011329,I,Concord,9466 Morning Glory Dr.,9466,Morning Glory Dr.,,California,United States,2,6517.5774,2003-08-14 00:00:00.000000 UTC,Active
11227,Marshall,Chavez,Marshall Chavez,Dear Chavez,marshall35@adventure-works.com,712-555-0116,AW00011227,I,Colma,9022 Estudillo Street,9022,Estudillo Street,,California,United States,2,6530.7932,2003-08-14 00:00:00.000000 UTC,Active
11831,Christian,Ross,Christian Ross,Dear Ross,christian18@adventure-works.com,123-555-0152,AW00011831,I,San Carlos,971 Harness Circle,971,Harness Circle,,California,United States,2,6556.2413,2003-08-14 00:00:00.000000 UTC,Active
11817,Morgan,Miller,Morgan Miller,Dear Miller,morgan29@adventure-works.com,339-555-0137,AW00011817,I,Colma,5929 William Reed Dr.,5929,William Reed Dr.,,California,United States,2,6517.5774,2003-08-16 00:00:00.000000 UTC,Active
11825,Aimee,She,Aimee She,Dear She,aimee17@adventure-works.com,137-555-0149,AW00011825,I,Bellflower,6752 Covington Court,6752,Covington Court,,California,United States,2,6520.1078,2003-08-16 00:00:00.000000 UTC,Active
11834,Fernando,Flores,Fernando Flores,Dear Flores,fernando55@adventure-works.com,162-555-0175,AW00011834,I,Mill Valley,3789 Linden Lane,3789,Linden Lane,,California,United States,2,6528.6163,2003-08-17 00:00:00.000000 UTC,Active
24662,Arianna,Price,Arianna Price,Dear Price,arianna0@adventure-works.com,447-555-0154,AW00024662,I,Spring Valley,9768 Brandywine Way,9768,Brandywine Way,,California,United States,1,2755.3617,2003-08-17 00:00:00.000000 UTC,Active
11534,Cameron,Lewis,Cameron Lewis,Dear Lewis,cameron39@adventure-works.com,199-555-0180,AW00011534,I,Long Beach,7665 Terrace Road,7665,Terrace Road,,California,United States,2,6541.3017,2003-08-18 00:00:00.000000 UTC,Active
11665,Janet,Dominguez,Janet Dominguez,Dear Dominguez,janet18@adventure-works.com,142-555-0139,AW00011665,I,Chula Vista,8914 Jam Way,8914,Jam Way,,California,United States,2,6552.9042000000009,2003-08-18 00:00:00.000000 UTC,Active
11826,Jessie,Alonso,Jessie Alonso,Dear Alonso,jessie6@adventure-works.com,579-555-0138,AW00011826,I,Beverly Hills,7342 Dew Drop Circle,7342,Dew Drop Circle,,California,United States,2,6517.5774,2003-08-19 00:00:00.000000 UTC,Active
13856,Ian,Scott,Ian Scott,Dear Scott,ian28@adventure-works.com,729-555-0153,AW00013856,I,Lincoln Acres,9845 Oxford Place,9845,Oxford Place,,California,United States,2,3295.1349,2003-08-20 00:00:00.000000 UTC,Active
13862,Andrew,Walker,Andrew Walker,Dear Walker,andrew30@adventure-works.com,851-555-0118,AW00013862,I,Bellflower,6774 Bonanza,6774,Bonanza,,California,United States,2,3299.577,2003-08-21 00:00:00.000000 UTC,Active
12071,Robert,Robinson,Robert Robinson,Dear Robinson,robert78@adventure-works.com,190-555-0141,AW00012071,I,Beverly Hills,9896 Walkim Court,9896,Walkim Court,,California,United States,2,6600.4303,2003-08-21 00:00:00.000000 UTC,Active
11162,Chase,Cox,Chase Cox,Dear Cox,chase10@adventure-works.com,764-555-0116,AW00011162,I,La Jolla,P.O. Box 8070,8070,P.O. Box,,California,United States,1,2574.6279,2003-08-22 00:00:00.000000 UTC,Active
14081,Nicole,Butler,Nicole Butler,Dear Butler,nicole63@adventure-works.com,946-555-0142,AW00014081,I,Oakland,1996 Sand Pointe Lane,1996,Sand Pointe Lane,,California,United States,2,3814.1699,2003-08-22 00:00:00.000000 UTC,Active
16235,Sebastian,Morris,Sebastian Morris,Dear Morris,sebastian17@adventure-works.com,153-555-0190,AW00016235,I,Lincoln Acres,1730 D Reliez Valley Ct.,1730,D Reliez Valley Ct.,,California,United States,1,2699.9018,2003-08-22 00:00:00.000000 UTC,Active
11528,Joan,Washington,Joan Washington,Dear Washington,joan7@adventure-works.com,732-555-0144,AW00011528,I,Glendale,2932 Esperanza Dr,2932,Esperanza Dr,,California,United States,2,6585.4796000000006,2003-08-23 00:00:00.000000 UTC,Active
11837,Haley,Alexander,Haley Alexander,Dear Alexander,haley38@adventure-works.com,951-555-0164,AW00011837,I,San Francisco,80 Mozden Lane,80,Mozden Lane,,California,United States,2,6545.1692,2003-08-24 00:00:00.000000 UTC,Active
11297,Noah,Coleman,Noah Coleman,Dear Coleman,noah2@adventure-works.com,847-555-0167,AW00011297,I,Burbank,5562 Galindo Street,5562,Galindo Street,,California,United States,2,6572.8053,2003-08-24 00:00:00.000000 UTC,Active
11326,Rafael,Xie,Rafael Xie,Dear Xie,rafael26@adventure-works.com,663-555-0137,AW00011326,I,Beverly Hills,369 Peabody Road,369,Peabody Road,,California,United States,2,6572.8053,2003-08-24 00:00:00.000000 UTC,Active
11741,Tamara,Chander,Tamara Chander,Dear Chander,tamara27@adventure-works.com,112-555-0164,AW00011741,I,Chula Vista,6344 Dartmouth Way,6344,Dartmouth Way,,California,United States,2,6717.5603,2003-08-24 00:00:00.000000 UTC,Active
11816,Joe,Torres,Joe Torres,Dear Torres,joe35@adventure-works.com,450-555-0115,AW00011816,I,Beverly Hills,8069 Vine Hill Way,8069,Vine Hill Way,,California,United States,2,6556.2413,2003-08-24 00:00:00.000000 UTC,Active
20199,Hailey,Cook,Hailey Cook,Dear Cook,hailey4@adventure-works.com,894-555-0112,AW00020199,I,Newport Beach,2061 Matchstick Drive,2061,Matchstick Drive,,California,United States,1,2765.6272,2003-08-24 00:00:00.000000 UTC,Active
28674,Nathan,Yang,Nathan Yang,Dear Yang,nathan24@adventure-works.com,148-555-0190,AW00028674,I,Santa Monica,102 Vista Place,102,Vista Place,,California,United States,2,4895.2495,2003-08-25 00:00:00.000000 UTC,Active
11160,Maurice,Tang,Maurice Tang,Dear Tang,maurice4@adventure-works.com,947-555-0172,AW00011160,I,Concord,2886 Chaparral Court,2886,Chaparral Court,Space # 45,California,United States,1,2566.1194,2003-08-25 00:00:00.000000 UTC,Active
11664,Alyssa,Morgan,Alyssa Morgan,Dear Morgan,alyssa30@adventure-works.com,144-555-0113,AW00011664,I,Burlingame,6751 Yosemite Ct.,6751,Yosemite Ct.,,California,United States,2,6572.8053,2003-08-25 00:00:00.000000 UTC,Active
26315,Taylor,Peterson,Taylor Peterson,Dear Peterson,taylor17@adventure-works.com,291-555-0119,AW00026315,I,San Gabriel,2137 Birchwood Dr,2137,Birchwood Dr,,California,United States,2,3122.0983,2003-08-25 00:00:00.000000 UTC,Active
11983,Cheryl,Ortega,Cheryl Ortega,Dear Ortega,cheryl24@adventure-works.com,354-555-0177,AW00011983,I,Bellflower,6501 West Way,6501,West Way,,California,United States,2,6489.9524,2003-08-25 00:00:00.000000 UTC,Active
11298,Jon,Luo,Jon Luo,Dear Luo,jon46@adventure-works.com,127-555-0189,AW00011298,I,Chula Vista,3560 River Rock Lane,3560,River Rock Lane,,California,United States,2,6544.0642000000007,2003-08-25 00:00:00.000000 UTC,Active
24437,Nicole,Blue,Nicole Blue,Dear Blue,nicole31@adventure-works.com,454-555-0153,AW00024437,I,Newport Beach,8882 Weatherly Way,8882,Weatherly Way,,California,United States,1,2681.8792,2003-08-25 00:00:00.000000 UTC,Active
13871,Sarah,Gonzales,Sarah Gonzales,Dear Gonzales,sarah41@adventure-works.com,258-555-0127,AW00013871,I,Palo Alto,2286 Sunset Way,2286,Sunset Way,,California,United States,2,3381.8774000000003,2003-08-27 00:00:00.000000 UTC,Active
11299,Orlando,Vazquez,Orlando Vazquez,Dear Vazquez,orlando14@adventure-works.com,757-555-0143,AW00011299,I,Burbank,8547 Catherine Way,8547,Catherine Way,,California,United States,2,6646.8403,2003-08-28 00:00:00.000000 UTC,Active
24341,Wyatt,Jones,Wyatt Jones,Dear Jones,wyatt3@adventure-works.com,663-555-0190,AW00024341,I,Coronado,6578 Woodhaven Ln.,6578,Woodhaven Ln.,,California,United States,1,2710.6092,2003-08-28 00:00:00.000000 UTC,Active
24340,Chloe,Clark,Chloe Clark,Dear Clark,chloe29@adventure-works.com,631-555-0127,AW00024340,I,Palo Alto,6819 Meadow Lane,6819,Meadow Lane,,California,United States,1,2644.3313,2003-08-28 00:00:00.000000 UTC,Active
11319,Jade,Bailey,Jade Bailey,Dear Bailey,jade13@adventure-works.com,819-555-0160,AW00011319,I,Oakland,8119 Northridge Ct,8119,Northridge Ct,# 1,California,United States,2,6552.9042000000009,2003-08-28 00:00:00.000000 UTC,Active
24436,Jennifer,Hernandez,Jennifer Hernandez,Dear Hernandez,jennifer21@adventure-works.com,972-555-0197,AW00024436,I,Grossmont,6157 San Benito,6157,San Benito,,California,United States,1,2694.0563,2003-08-29 00:00:00.000000 UTC,Active
24526,Julian,Barnes,Julian Barnes,Dear Barnes,julian4@adventure-works.com,669-555-0176,AW00024526,I,Lemon Grove,1851 Prospect St.,1851,Prospect St.,,California,United States,1,2673.0613,2003-08-29 00:00:00.000000 UTC,Active
13855,Sarah,Washington,Sarah Washington,Dear Washington,sarah38@adventure-works.com,368-555-0136,AW00013855,I,Colma,2887 Pinecrest Court,2887,Pinecrest Court,,California,United States,2,3420.5524,2003-08-30 00:00:00.000000 UTC,Active
24527,Gavin,Coleman,Gavin Coleman,Dear Coleman,gavin5@adventure-works.com,158-555-0176,AW00024527,I,Santa Cruz,5095 Chablis Way,5095,Chablis Way,,California,United States,1,2673.0613,2003-08-31 00:00:00.000000 UTC,Active
13877,Adam,Lal,Adam Lal,Dear Lal,adam25@adventure-works.com,513-555-0110,AW00013877,I,Lakewood,5053 Sea Point Way,5053,Sea Point Way,,California,United States,2,3348.186,2003-08-31 00:00:00.000000 UTC,Active
12069,Garrett,Kelly,Garrett Kelly,Dear Kelly,garrett6@adventure-works.com,694-555-0142,AW00012069,I,Chula Vista,7129 N Larwin Ave.,7129,N Larwin Ave.,,California,United States,2,6516.7707,2003-08-31 00:00:00.000000 UTC,Active
12102,Devin,Simmons,Devin Simmons,Dear Simmons,devin53@adventure-works.com,250-555-0138,AW00012102,I,Novato,3716 D Mt. Hood Circle,3716,D Mt. Hood Circle,,California,United States,2,6523.025,2003-09-01 00:00:00.000000 UTC,Active
13917,Samuel,Allen,Samuel Allen,Dear Allen,samuel52@adventure-works.com,636-555-0112,AW00013917,I,Novato,3221 Mt. Washington Way,3221,Mt. Washington Way,,California,United States,2,3627.5051000000003,2003-09-02 00:00:00.000000 UTC,Active
11538,Nicole,Taylor,Nicole Taylor,Dear Taylor,nicole9@adventure-works.com,217-555-0170,AW00011538,I,Palo Alto,112 Kathleen Drive,112,Kathleen Drive,,California,United States,2,6514.2403,2003-09-02 00:00:00.000000 UTC,Active
12164,Noah,Butler,Noah Butler,Dear Butler,noah11@adventure-works.com,426-555-0158,AW00012164,I,Spring Valley,476 Bay Drive,476,Bay Drive,,California,United States,2,6528.6274,2003-09-02 00:00:00.000000 UTC,Active
13915,Allison,King,Allison King,Dear King,allison42@adventure-works.com,199-555-0195,AW00013915,I,Glendale,4620 Kane Circle,4620,Kane Circle,,California,United States,2,3365.3135,2003-09-03 00:00:00.000000 UTC,Active
28840,Valerie,Harrison,Valerie Harrison,Dear Harrison,valerie20@adventure-works.com,511-555-0152,AW00028840,I,Burbank,1694 Ohara Avenue,1694,Ohara Avenue,,California,United States,2,4861.0056,2003-09-03 00:00:00.000000 UTC,Active
12105,Abigail,Foster,Abigail Foster,Dear Foster,abigail68@adventure-works.com,156-555-0118,AW00012105,I,Woodland Hills,9849 Santa Fe Court,9849,Santa Fe Court,,California,United States,2,6622.5524000000005,2003-09-05 00:00:00.000000 UTC,Active
12153,Kaitlyn,Bailey,Kaitlyn Bailey,Dear Bailey,kaitlyn54@adventure-works.com,848-555-0159,AW00012153,I,Oakland,4836 Stratton Circle,4836,Stratton Circle,,California,United States,2,6561.7442,2003-09-05 00:00:00.000000 UTC,Active
20337,Xavier,Hall,Xavier Hall,Dear Hall,xavier21@adventure-works.com,780-555-0196,AW00020337,I,La Jolla,1293 F Street,1293,F Street,,California,United States,1,2709.8357,2003-09-05 00:00:00.000000 UTC,Active
12156,Bonnie,Raji,Bonnie Raji,Dear Raji,bonnie27@adventure-works.com,409-555-0193,AW00012156,I,Burbank,359 Pleasant Hill Rd,359,Pleasant Hill Rd,,California,United States,2,6541.8653,2003-09-05 00:00:00.000000 UTC,Active
12163,Aaron,Wang,Aaron Wang,Dear Wang,aaron24@adventure-works.com,648-555-0158,AW00012163,I,Santa Cruz,228 Rock Creek Way,228,Rock Creek Way,,California,United States,2,6568.9267,2003-09-05 00:00:00.000000 UTC,Active
12190,Justin,Gonzales,Justin Gonzales,Dear Gonzales,justin14@adventure-works.com,801-555-0176,AW00012190,I,San Gabriel,9163 Hilltop Road,9163,Hilltop Road,,California,United States,2,6509.0357,2003-09-05 00:00:00.000000 UTC,Active
24675,Jackson,Nelson,Jackson Nelson,Dear Nelson,jackson39@adventure-works.com,884-555-0150,AW00024675,I,West Covina,1898 South St.,1898,South St.,,California,United States,1,2673.0613,2003-09-05 00:00:00.000000 UTC,Active
12173,Dalton,Edwards,Dalton Edwards,Dear Edwards,dalton44@adventure-works.com,745-555-0145,AW00012173,I,Newport Beach,4588 Morgan Territory Road,4588,Morgan Territory Road,,California,United States,2,6551.7992,2003-09-06 00:00:00.000000 UTC,Active
12151,Steven,Kelly,Steven Kelly,Dear Kelly,steven12@adventure-works.com,582-555-0134,AW00012151,I,Lemon Grove,8625 Olive Ave.,8625,Olive Ave.,,California,United States,2,6514.2403,2003-09-07 00:00:00.000000 UTC,Active
24681,Arianna,Murphy,Arianna Murphy,Dear Murphy,arianna37@adventure-works.com,236-555-0145,AW00024681,I,Santa Cruz,4205 Seabourne Ct,4205,Seabourne Ct,,California,United States,1,2710.6092,2003-09-07 00:00:00.000000 UTC,Active
12171,Alyssa,Cooper,Alyssa Cooper,Dear Cooper,alyssa35@adventure-works.com,491-555-0143,AW00012171,I,Lemon Grove,9584 Logan Ct,9584,Logan Ct,,California,United States,2,6612.0328000000009,2003-09-08 00:00:00.000000 UTC,Active
24674,Dylan,Kumar,Dylan Kumar,Dear Kumar,dylan27@adventure-works.com,716-555-0155,AW00024674,I,Spring Valley,3796 Lindley Ct,3796,Lindley Ct,,California,United States,1,2634.3974,2003-09-08 00:00:00.000000 UTC,Active
12152,Adrian,Ramirez,Adrian Ramirez,Dear Ramirez,adrian9@adventure-works.com,728-555-0143,AW00012152,I,Lemon Grove,1461 Dantley Way,1461,Dantley Way,,California,United States,2,6561.1917,2003-09-08 00:00:00.000000 UTC,Active
24343,Tyler,Harris,Tyler Harris,Dear Harris,tyler2@adventure-works.com,656-555-0111,AW00024343,I,Fremont,8920 Corte Poquito,8920,Corte Poquito,,California,United States,1,2700.1228,2003-09-09 00:00:00.000000 UTC,Active
12186,Bryant,Srini,Bryant Srini,Dear Srini,bryant8@adventure-works.com,949-555-0125,AW00012186,I,Berkeley,9854 Martindale Drive,9854,Martindale Drive,,California,United States,2,6534.1303000000007,2003-09-09 00:00:00.000000 UTC,Active
12206,Sierra,Parker,Sierra Parker,Dear Parker,sierra7@adventure-works.com,220-555-0129,AW00012206,I,Long Beach,9593 Power Ave.,9593,Power Ave.,,California,United States,2,6528.6163,2003-09-09 00:00:00.000000 UTC,Active
13925,Wyatt,Barnes,Wyatt Barnes,Dear Barnes,wyatt54@adventure-works.com,358-555-0164,AW00013925,I,Redwood City,1211 Sherry Circle,1211,Sherry Circle,,California,United States,2,3558.973,2003-09-09 00:00:00.000000 UTC,Active
12170,Sara,Reed,Sara Reed,Dear Reed,sara22@adventure-works.com,653-555-0182,AW00012170,I,Glendale,7884 Power Ave.,7884,Power Ave.,,California,United States,2,6528.6274,2003-09-09 00:00:00.000000 UTC,Active
12104,Mariah,Ross,Mariah Ross,Dear Ross,mariah8@adventure-works.com,129-555-0115,AW00012104,I,Palo Alto,1698 10th Avenue,1698,10th Avenue,,California,United States,2,6528.6163,2003-09-09 00:00:00.000000 UTC,Active
13939,Eduardo,Ramirez,Eduardo Ramirez,Dear Ramirez,eduardo75@adventure-works.com,552-555-0158,AW00013939,I,Burbank,352 Margo Dr.,352,Margo Dr.,,California,United States,2,3407.8449,2003-09-10 00:00:00.000000 UTC,Active
12200,Rafael,Sharma,Rafael Sharma,Dear Sharma,rafael33@adventure-works.com,717-555-0111,AW00012200,I,Colma,1693 C Northwood Dr,1693,C Northwood Dr,,California,United States,2,6558.7828000000009,2003-09-10 00:00:00.000000 UTC,Active
13984,Adrian,Richardson,Adrian Richardson,Dear Richardson,adrian11@adventure-works.com,408-555-0120,AW00013984,I,San Diego,3930 Sony Hill Circle,3930,Sony Hill Circle,,California,United States,2,3627.5272,2003-09-10 00:00:00.000000 UTC,Active
12188,Ashley,Thomas,Ashley Thomas,Dear Thomas,ashley11@adventure-works.com,190-555-0190,AW00012188,I,Chula Vista,5071 Almaden Dr.,5071,Almaden Dr.,,California,United States,2,6556.2413,2003-09-11 00:00:00.000000 UTC,Active
12187,Ruben,Subram,Ruben Subram,Dear Subram,ruben14@adventure-works.com,504-555-0163,AW00012187,I,Beverly Hills,9058 East 23rd Street,9058,East 23rd Street,,California,United States,2,6528.6163,2003-09-12 00:00:00.000000 UTC,Active
16361,Wyatt,White,Wyatt White,Dear White,wyatt13@adventure-works.com,698-555-0113,AW00016361,I,Spring Valley,2479 Killdeer Court,2479,Killdeer Court,# 120,California,United States,1,2778.9977,2003-09-12 00:00:00.000000 UTC,Active
20297,Valerie,Wu,Valerie Wu,Dear Wu,valerie8@adventure-works.com,164-555-0125,AW00020297,I,Berkeley,4250 Park Tree Ct,4250,Park Tree Ct,,California,United States,1,2725.2836,2003-09-13 00:00:00.000000 UTC,Active
12072,Tristan,Ross,Tristan Ross,Dear Ross,tristan4@adventure-works.com,805-555-0133,AW00012072,I,Lakewood,5862 Crivello Ave.,5862,Crivello Ave.,,California,United States,2,6576.054,2003-09-13 00:00:00.000000 UTC,Active
28842,Nicole,Bailey,Nicole Bailey,Dear Bailey,nicole33@adventure-works.com,191-555-0167,AW00028842,I,Long Beach,3328 Via Cortez,3328,Via Cortez,,California,United States,2,4854.906,2003-09-13 00:00:00.000000 UTC,Active
12181,Katelyn,Sanders,Katelyn Sanders,Dear Sanders,katelyn2@adventure-works.com,417-555-0163,AW00012181,I,Palo Alto,2334 Brandywine Way,2334,Brandywine Way,,California,United States,2,6584.4078000000009,2003-09-13 00:00:00.000000 UTC,Active
24735,Madison,Powell,Madison Powell,Dear Powell,madison44@adventure-works.com,406-555-0174,AW00024735,I,Chula Vista,6819 Terry Lynn Lane,6819,Terry Lynn Lane,,California,United States,1,2738.2342,2003-09-15 00:00:00.000000 UTC,Active
12076,Chloe,Washington,Chloe Washington,Dear Washington,chloe80@adventure-works.com,276-555-0136,AW00012076,I,Fremont,9115 Arthur Rd.,9115,Arthur Rd.,,California,United States,2,6489.9524,2003-09-16 00:00:00.000000 UTC,Active
28828,Andrea,Murphy,Andrea Murphy,Dear Murphy,andrea16@adventure-works.com,372-555-0196,AW00028828,I,Santa Monica,649 Hoke Dr,649,Hoke Dr,,California,United States,2,4784.2191,2003-09-17 00:00:00.000000 UTC,Active
26329,Angelica,Bryant,Angelica Bryant,Dear Bryant,angelica17@adventure-works.com,910-555-0188,AW00026329,I,Fremont,7344 Raymond Dr,7344,Raymond Dr,,California,United States,2,3160.7622,2003-09-17 00:00:00.000000 UTC,Active
28841,Samuel,Gonzales,Samuel Gonzales,Dear Gonzales,samuel16@adventure-works.com,891-555-0125,AW00028841,I,Colma,1510 Bidwell Street,1510,Bidwell Street,,California,United States,2,4789.7331,2003-09-18 00:00:00.000000 UTC,Active
12189,Sophia,Wright,Sophia Wright,Dear Wright,sophia18@adventure-works.com,612-555-0166,AW00012189,I,Los Angeles,832 Bellows Ct.,832,Bellows Ct.,,California,United States,2,6575.0042,2003-09-18 00:00:00.000000 UTC,Active
13938,Alejandro,Cai,Alejandro Cai,Dear Cai,alejandro24@adventure-works.com,991-555-0152,AW00013938,I,Bellflower,6905 Camino Ricardo,6905,Camino Ricardo,,California,United States,2,3393.4689,2003-09-18 00:00:00.000000 UTC,Active
12172,Eduardo,Alexander,Eduardo Alexander,Dear Alexander,eduardo62@adventure-works.com,313-555-0148,AW00012172,I,Newport Beach,2878 Bounty Way,2878,Bounty Way,,California,United States,2,6552.9042000000009,2003-09-19 00:00:00.000000 UTC,Active
12112,Arianna,Henderson,Arianna Henderson,Dear Henderson,arianna5@adventure-works.com,218-555-0142,AW00012112,I,Long Beach,5283 Dumbarton Drive,5283,Dumbarton Drive,,California,United States,2,6552.9042000000009,2003-09-19 00:00:00.000000 UTC,Active
12169,Abigail,Howard,Abigail Howard,Dear Howard,abigail16@adventure-works.com,197-555-0113,AW00012169,I,Coronado,6490 El Camino,6490,El Camino,,California,United States,2,6572.8053,2003-09-19 00:00:00.000000 UTC,Active
13927,Gabriel,Gonzales,Gabriel Gonzales,Dear Gonzales,gabriel14@adventure-works.com,622-555-0136,AW00013927,I,Bellflower,220 N Ridgewood Drive,220,N Ridgewood Drive,,California,United States,2,3338.252,2003-09-21 00:00:00.000000 UTC,Active
24680,Thomas,Flores,Thomas Flores,Dear Flores,thomas14@adventure-works.com,229-555-0184,AW00024680,I,San Diego,6975 Olivera Road,6975,Olivera Road,,California,United States,1,2671.9453,2003-09-22 00:00:00.000000 UTC,Active
12103,Chloe,White,Chloe White,Dear White,chloe45@adventure-works.com,432-555-0119,AW00012103,I,Oakland,9312 Virginia Hills Drive,9312,Virginia Hills Drive,,California,United States,2,6627.4917000000005,2003-09-22 00:00:00.000000 UTC,Active
11540,Alberto,Navarro,Alberto Navarro,Dear Navarro,alberto11@adventure-works.com,535-555-0131,AW00011540,I,Coronado,7615 Buena Vista,7615,Buena Vista,,California,United States,2,6583.7890000000007,2003-09-22 00:00:00.000000 UTC,Active
11536,Logan,Chow,Logan Chow,Dear Chow,logan25@adventure-works.com,545-555-0121,AW00011536,I,Fremont,6024 Lacanda,6024,Lacanda,,California,United States,2,6536.6718,2003-09-22 00:00:00.000000 UTC,Active
12174,Charles,Phillips,Charles Phillips,Dear Phillips,charles42@adventure-works.com,184-555-0111,AW00012174,I,Torrance,2499 Wilke Drive,2499,Wilke Drive,,California,United States,2,6489.9524,2003-09-23 00:00:00.000000 UTC,Active
28844,Emma,Rivera,Emma Rivera,Dear Rivera,emma34@adventure-works.com,535-555-0160,AW00028844,I,Bellflower,4782 Mt. Whitney Dr.,4782,Mt. Whitney Dr.,,California,United States,2,4793.0039,2003-09-24 00:00:00.000000 UTC,Active
11537,Dakota,Ross,Dakota Ross,Dear Ross,dakota3@adventure-works.com,186-555-0170,AW00011537,I,Colma,1024 Walnut Blvd.,1024,Walnut Blvd.,,California,United States,2,6489.9524,2003-09-25 00:00:00.000000 UTC,Active
20303,Bryce,Morgan,Bryce Morgan,Dear Morgan,bryce12@adventure-works.com,828-555-0122,AW00020303,I,Colma,1509 Orangewood Ave.,1509,Orangewood Ave.,,California,United States,1,2776.1136,2003-09-25 00:00:00.000000 UTC,Active
20302,Tasha,Andersen,Tasha Andersen,Dear Andersen,tasha14@adventure-works.com,599-555-0175,AW00020302,I,Burlingame,4440 Algiers Drive,4440,Algiers Drive,,California,United States,1,2708.6865,2003-09-25 00:00:00.000000 UTC,Active
11539,Justin,Washington,Justin Washington,Dear Washington,justin10@adventure-works.com,701-555-0175,AW00011539,I,Concord,6092 Chestnut,6092,Chestnut,,California,United States,2,6627.4917000000005,2003-09-26 00:00:00.000000 UTC,Active
12162,Luke,Mitchell,Luke Mitchell,Dear Mitchell,luke43@adventure-works.com,150-555-0113,AW00012162,I,La Jolla,7150 N. Broadway,7150,N. Broadway,,California,United States,2,6534.1303000000007,2003-09-26 00:00:00.000000 UTC,Active
12082,Lauren,Sanchez,Lauren Sanchez,Dear Sanchez,lauren0@adventure-works.com,694-555-0111,AW00012082,I,Downey,5379 Treasure Island Way,5379,Treasure Island Way,Bldg 14,California,United States,2,6534.1303000000007,2003-09-26 00:00:00.000000 UTC,Active
24670,Alexandria,Ross,Alexandria Ross,Dear Ross,alexandria4@adventure-works.com,867-555-0177,AW00024670,I,Santa Monica,8280 Sequoia Court,8280,Sequoia Court,# 1699,California,United States,1,2673.0613,2003-09-27 00:00:00.000000 UTC,Active
20339,Kaitlyn,Hughes,Kaitlyn Hughes,Dear Hughes,kaitlyn78@adventure-works.com,117-555-0199,AW00020339,I,Long Beach,9846 Powell Drive,9846,Powell Drive,,California,United States,1,2793.8047,2003-09-28 00:00:00.000000 UTC,Active
24673,Paige,Cox,Paige Cox,Dear Cox,paige34@adventure-works.com,156-555-0162,AW00024673,I,Newport Beach,4770 Detroit Avenue,4770,Detroit Avenue,,California,United States,1,2682.9953,2003-09-28 00:00:00.000000 UTC,Active