BAD,MORTDUE,VALUE,JOB,YOJ,DEROG,DELINQ,CLAGE,NINQ,CLNO,DEBTINC,PD_model,LGD,EAD,K,RWA_IRB,Capital_IRB,Capital_check
1,25860.0,39025.0,Other,10.5,0.0,0.0,94.36666667,1.0,9.0,,0.21890293157970667,0.4,25860.0,0.18284301806677639,59104.00559008547,4728.320447206838,4728.320447206837
1,70053.0,68400.0,Other,7.0,0.0,2.0,121.8333333,0.0,14.0,,0.4796546685308544,0.4,70053.0,0.1653511458801176,144791.79777924847,11583.343822339879,11583.343822339877
1,13500.0,16700.0,Other,4.0,0.0,0.0,149.4666667,1.0,10.0,,0.17134244253319192,0.4,13500.0,0.17387081708305419,29340.700382765397,2347.2560306212317,2347.2560306212317
1,,,,,,,,,,,0.12287613667008887,0.4,0.0,0.1570986157876793,0.0,0.0,0.0
0,97800.0,112000.0,Office,3.0,0.0,0.0,93.33333333,0.0,14.0,,0.1012591942487649,0.4,97800.0,0.1460863376792508,178590.54781288412,14287.24382503073,14287.24382503073
1,30548.0,40320.0,Other,9.0,0.0,0.0,101.4660019,1.0,8.0,37.11361356,0.2446382694844481,0.4,30548.0,0.18542877821736742,70805.97896230174,5664.478316984139,5664.47831698414
1,48649.0,57037.0,Other,5.0,3.0,2.0,77.1,1.0,17.0,,0.8829355109286205,0.4,48649.0,0.04489882330744921,27303.53568855121,2184.282855084097,2184.282855084097
1,28502.0,43034.0,Other,11.0,0.0,0.0,88.76602988,0.0,8.0,36.88489409,0.22896573314720414,0.4,28502.0,0.18402053891379638,65561.9175015128,5244.953400121024,5244.953400121024
1,32700.0,46740.0,Other,3.0,0.0,2.0,216.9333333,1.0,12.0,,0.39224972807638275,0.4,32700.0,0.1797877153328244,73488.22864229197,5879.058291383358,5879.058291383358
1,,62250.0,Sales,16.0,0.0,0.0,115.8,0.0,13.0,,0.36092996880748995,0.4,0.0,0.18327943497575114,0.0,0.0,0.0
1,22608.0,,,18.0,,,,,,,0.11497790264128889,0.4,22608.0,0.15338038735757242,43345.29746724997,3467.6237973799975,3467.6237973799975
1,20627.0,29800.0,Office,11.0,0.0,1.0,122.5333333,1.0,9.0,,0.20170398330580155,0.4,20627.0,0.18028840011825423,46485.11036549038,3718.8088292392304,3718.80882923923
1,45000.0,55000.0,Other,3.0,0.0,0.0,86.06666667,2.0,25.0,,0.19691078519270258,0.4,45000.0,0.1794456142335928,100938.15800639594,8075.052640511675,8075.052640511675
0,64536.0,87400.0,Mgr,2.5,0.0,0.0,147.1333333,0.0,24.0,,0.11442785500012524,0.4,64536.0,0.15310902013582373,123513.046543569,9881.04372348552,9881.04372348552
1,71000.0,83850.0,Other,8.0,0.0,1.0,123.0,0.0,16.0,,0.2831203531840197,0.4,71000.0,0.1869442617395709,165913.03229386918,13273.042583509536,13273.042583509534
1,24280.0,34687.0,Other,,0.0,1.0,300.8666667,0.0,8.0,,0.14303485208710326,0.4,24280.0,0.16522285947018278,50145.13784920047,4011.6110279360378,4011.6110279360378
1,90957.0,102600.0,Mgr,7.0,2.0,6.0,122.9,1.0,22.0,,0.9844190113542957,0.4,90957.0,0.0061769244771374245,7022.931495837359,561.8345196669887,561.8345196669887
1,23030.0,,,19.0,,,,,,3.7113123,0.015126634895429628,0.4,23030.0,0.052507201346806434,15115.510587711904,1209.2408470169523,1209.240847016952
1,28192.0,40150.0,Other,4.5,0.0,0.0,54.6,1.0,16.0,,0.23934793447630695,0.4,28192.0,0.18500900717302968,65197.17412777566,5215.7739302220525,5215.7739302220525
0,102370.0,120953.0,Office,2.0,0.0,0.0,90.99253347,0.0,13.0,31.58850318,0.08598238591782842,0.4,102370.0,0.13650566661395233,174676.06364087874,13974.085091270299,13974.0850912703
1,37626.0,46200.0,Other,3.0,0.0,1.0,122.2666667,1.0,14.0,,0.3291311029296295,0.4,37626.0,0.18572186752023082,87349.63734145256,6987.970987316205,6987.970987316205
1,50000.0,73395.0,ProfExe,5.0,1.0,0.0,,1.0,0.0,,0.28630071591481643,0.4,50000.0,0.186958524826566,116849.07801660376,9347.926241328301,9347.9262413283
1,28000.0,40800.0,Mgr,12.0,0.0,0.0,67.2,2.0,22.0,,0.20947358900384866,0.4,28000.0,0.18153080309335848,63535.78108267547,5082.862486614038,5082.862486614037
1,18000.0,,Mgr,22.0,,2.0,121.7333333,0.0,10.0,,0.46680790130214483,0.4,18000.0,0.16785273119036137,37766.86451783131,3021.349161426505,3021.3491614265045
1,,17180.0,Other,,0.0,0.0,14.56666667,3.0,4.0,,0.40207597758216257,0.4,0.0,0.1784913464525002,0.0,0.0,0.0
1,34863.0,47471.0,Mgr,12.0,0.0,0.0,70.49108003,1.0,21.0,38.26360073,0.22703244823154917,0.4,34863.0,0.18381150630032125,80102.75680185124,6408.220544148099,6408.2205441481
0,98449.0,117195.0,Office,4.0,0.0,0.0,93.81177486,0.0,13.0,29.68182705,0.07417007721807932,0.4,98449.0,0.12782247740374472,157299.9384740158,12583.995077921265,12583.995077921265
1,15000.0,20200.0,,18.0,0.0,0.0,136.0666667,1.0,19.0,,0.14195940562105933,0.4,15000.0,0.16483457100871118,30906.482064133346,2472.518565130668,2472.518565130668
1,25116.0,36350.0,Other,10.0,1.0,2.0,276.9666667,0.0,9.0,,0.42121596439237546,0.4,25116.0,0.17571161730885673,55164.662254115574,4413.1729803292465,4413.172980329246
0,7229.0,44516.0,Self,,0.0,0.0,208.0,0.0,12.0,,0.17670432303309885,0.4,7229.0,0.17520010490335258,15831.5194793292,1266.521558346336,1266.5215583463357
0,71408.0,78600.0,ProfExe,8.0,0.0,0.0,255.7333333,0.0,12.0,,0.0819120228592765,0.4,71408.0,0.13365174139505157,119297.54436922303,9543.803549537843,9543.803549537843
1,50795.0,63100.0,Self,26.0,2.0,15.0,145.6333333,3.0,45.0,,0.999988050408718,0.4,50795.0,4.779019743672564e-06,3.0343788484980987,0.2427503078798479,0.2427503078798479
1,4000.0,60850.0,Other,16.0,4.0,0.0,112.6333333,2.0,9.0,,0.742974130272096,0.4,4000.0,0.09383777831833529,4691.888915916764,375.3511132733411,375.3511132733411
1,78600.0,113000.0,ProfExe,6.0,1.0,0.0,165.3333333,2.0,26.0,,0.20789288087053137,0.4,78600.0,0.18129012970731756,178117.55243743953,14249.404194995162,14249.40419499516
0,103949.0,112505.0,Office,1.0,0.0,0.0,96.10232967,0.0,13.0,30.05113629,0.07641541117362878,0.4,103949.0,0.1295700773030374,168358.49956966794,13468.679965573436,13468.679965573436
0,104373.0,120702.0,Office,2.0,0.0,0.0,101.5402975,0.0,13.0,29.91585903,0.07307954374560821,0.4,104373.0,0.1269560361163839,165634.7794696917,13250.782357575337,13250.782357575337
1,7750.0,67996.0,Other,16.0,3.0,0.0,122.2046628,2.0,8.0,36.211348,0.6301643078012689,0.4,7750.0,0.12849397474710936,12447.853803626218,995.8283042900974,995.8283042900975
1,61962.0,70915.0,Mgr,2.0,0.0,0.0,282.8016592,3.0,37.0,49.20639579,0.14607134111215966,0.4,61962.0,0.16629374827377405,128798.66538174484,10303.893230539587,10303.893230539588
0,104570.0,121729.0,Office,2.0,0.0,0.0,85.8843719,0.0,14.0,32.05978327,0.08913600524678507,0.4,104570.0,0.13862450904277127,181199.56138253238,14495.96491060259,14495.964910602592
1,7000.0,20300.0,Other,3.0,0.0,0.0,50.8,5.0,9.0,,0.3933659825053593,0.4,7000.0,0.17964507445244945,15718.944014589326,1257.515521167146,1257.5155211671463
1,,8800.0,Other,2.0,0.0,1.0,77.76666667,0.0,3.0,,0.42002910393874543,0.4,0.0,0.17589343431035045,0.0,0.0,0.0
1,,33000.0,Other,1.0,0.0,1.0,23.3,1.0,2.0,,0.5403045356884449,0.4,0.0,0.15204753500088178,0.0,0.0,0.0
1,119826.0,193500.0,Other,8.0,0.0,0.0,130.0333585,0.0,27.0,,0.11808564015648458,0.4,119826.0,0.15488265758147468,231987.11659197233,18558.969327357787,18558.969327357787
1,20000.0,29750.0,Other,2.0,0.0,0.0,187.0666667,0.0,12.0,,0.1231417005597125,0.4,20000.0,0.15721802496877624,39304.50624219406,3144.360499375525,3144.360499375525
1,,14500.0,Other,3.0,0.0,0.0,9.3,14.0,2.0,,0.7622193923559222,0.4,0.0,0.08745939999573356,0.0,0.0,0.0
1,,14100.0,Other,1.0,0.0,0.0,104.2,0.0,19.0,,0.16428412962520708,0.4,0.0,0.1719799272541868,0.0,0.0,0.0
1,47000.0,82700.0,ProfExe,10.0,0.0,1.0,262.1666667,5.0,26.0,,0.20772273664359237,0.4,47000.0,0.18126386095232072,106492.51830948841,8519.401464759074,8519.401464759074
1,34542.0,45900.0,Mgr,8.5,0.0,2.0,62.36666667,0.0,10.0,,0.5770097658684177,0.4,34542.0,0.14292869372430883,61713.03673281344,4937.042938625075,4937.042938625075
0,58000.0,71500.0,Mgr,10.0,,2.0,211.9333333,0.0,25.0,,0.28341181627846185,0.4,58000.0,0.18694622655948318,135536.0142556253,10842.881140450025,10842.881140450025
0,47000.0,56400.0,Office,21.0,0.0,0.0,201.8666667,0.0,20.0,,0.04369898995964374,0.4,47000.0,0.09818666974719487,57684.66847647698,4614.773478118159,4614.773478118159
1,39589.0,36100.0,Other,1.5,0.0,0.0,153.1666667,1.0,14.0,,0.1580873138880623,0.4,39589.0,0.1701807701004784,84216.081343848,6737.28650750784,6737.28650750784
0,,70400.0,,,,,,,,,0.12287613667008887,0.4,0.0,0.1570986157876793,0.0,0.0,0.0
0,67848.0,74566.0,Mgr,10.0,,1.0,206.4266021,0.0,25.0,40.11567728,0.21005740321299088,0.4,67848.0,0.18161816025447577,154030.3617118209,12322.428936945673,12322.428936945673
1,48603.0,61000.0,ProfExe,28.0,0.0,4.0,122.0333333,1.0,25.0,,0.7726537267237176,0.4,48603.0,0.08395061680137338,51003.14785496437,4080.25182839715,4080.2518283971503
1,27200.0,40834.0,Other,,0.0,0.0,298.131564,0.0,7.0,35.55353879,0.07639232525712829,0.4,27200.0,0.12955235318177147,44047.8000818023,3523.824006544184,3523.8240065441837
1,54000.0,64850.0,Other,1.0,0.0,0.0,121.8666667,3.0,21.0,,0.2010899452226695,0.4,54000.0,0.18018375003258183,121624.03127199273,9729.922501759418,9729.922501759418
0,74864.0,87266.0,ProfExe,7.0,0.0,0.0,250.6312692,0.0,12.0,42.90999735,0.13820881597396137,0.4,74864.0,0.16344262557443803,152949.60901255909,12235.968721004727,12235.968721004729
1,23159.0,,Mgr,20.0,,2.0,117.8057478,0.0,9.0,0.5244992154,0.08172411293478146,0.4,23159.0,0.13351662132609993,38651.39291613935,3092.1114332911484,3092.1114332911484
1,126541.0,134527.0,Sales,9.0,1.0,0.0,139.0,0.0,36.0,,0.3541620914773168,0.4,126541.0,0.1838973533289933,290881.93734505173,23270.55498760414,23270.55498760414
1,130518.0,164317.0,Other,9.0,0.0,6.0,192.289149,0.0,33.0,35.73055919,0.9058612680431747,0.4,130518.0,0.03637034107104355,59337.30219888078,4746.984175910463,4746.984175910463
1,37000.0,52000.0,Office,2.0,0.0,1.0,183.2999156,0.0,6.0,,0.14970145416052702,0.4,37000.0,0.16752587418552142,77480.71681080366,6198.457344864292,6198.457344864292
1,23200.0,38666.0,Other,11.0,0.0,0.0,162.3666667,0.0,14.0,,0.12735870378851105,0.4,23200.0,0.15906743696927633,46129.556721090135,3690.364537687211,3690.364537687211
1,19400.0,20494.0,Other,5.0,0.0,0.0,95.93333333,0.0,9.0,,0.2016334825603517,0.4,19400.0,0.18027643369765284,43717.03517168081,3497.3628137344645,3497.362813734465
1,61584.0,61800.0,ProfExe,10.0,,,,,,,0.11997851330479224,0.4,61584.0,0.1557724416727682,119913.62559969697,9593.090047975758,9593.090047975758
1,41900.0,52490.0,Mgr,3.0,0.0,0.0,72.03333333,2.0,4.0,,0.29264904899729305,0.4,41900.0,0.1869404812699342,97910.07706512803,7832.806165210242,7832.806165210243
0,83700.0,111800.0,ProfExe,6.0,0.0,0.0,192.7333333,1.0,28.0,,0.09409392141151793,0.4,83700.0,0.14180221715021954,148360.5696934172,11868.845575473377,11868.845575473375
0,61327.0,76484.0,Mgr,9.0,,2.0,202.5107752,0.0,25.0,41.5163897,0.3987060578675903,0.4,61327.0,0.17894621721390325,137177.93328846307,10974.234663077046,10974.234663077044
0,100693.0,114743.0,Office,6.0,0.0,0.0,88.47045214,0.0,14.0,29.39354338,0.07248895837513457,0.4,100693.0,0.12648188079017283,159198.0002800609,12735.840022404871,12735.840022404873
1,48507.0,61000.0,Office,13.0,1.0,4.0,97.4,0.0,17.0,,0.8012595016126001,0.4,48507.0,0.07415670125309091,44963.98884604601,3597.1191076836812,3597.119107683681
0,52337.0,63989.0,Office,20.0,0.0,0.0,204.2724988,0.0,20.0,20.47091551,0.016682485145351113,0.4,52337.0,0.05586265911180027,36546.049874178636,2923.683989934291,2923.683989934291
1,17857.0,21144.0,Other,5.0,0.0,0.0,129.7173231,1.0,9.0,26.63434752,0.11859889583462364,0.4,17857.0,0.155125785286677,34626.01434830239,2770.0811478641913,2770.0811478641913
1,19135.0,97692.0,Mgr,1.6,1.0,6.0,252.6333333,1.0,25.0,,0.9405143851833871,0.4,19135.0,0.023234911118728132,5557.500303210784,444.60002425686275,444.6000242568628
0,51180.0,63459.0,Office,20.0,0.0,0.0,203.7515336,0.0,20.0,20.06704205,0.016285153001822806,0.4,51180.0,0.055020813260260426,35199.565283251606,2815.9652226601283,2815.965222660129
0,,73189.0,,,,,,,,22.25394916,0.055875716278864035,0.4,0.0,0.11154871039568547,0.0,0.0,0.0
0,11543.0,46045.0,Self,,0.0,0.0,204.6479917,0.0,11.0,42.17316588,0.2695201485861374,0.4,11543.0,0.18670063369168105,26938.567683788428,2155.085414703074,2155.0854147030745
1,29896.0,45960.0,Other,11.0,0.0,0.0,146.1232422,0.0,14.0,24.47888119,0.07322558884566288,0.4,29896.0,0.12707275237868362,47487.08756391407,3798.9670051131257,3798.9670051131257
1,14500.0,22092.0,Other,3.5,0.0,1.0,150.3,5.0,8.0,,0.4467416833146903,0.4,14500.0,0.1715150630645409,31087.105180448034,2486.968414435843,2486.968414435843
0,52825.0,63000.0,ProfExe,8.0,0.0,4.0,171.6666667,1.0,31.0,,0.7169890004129157,0.4,52825.0,0.10224950216109484,67516.62439574793,5401.3299516598345,5401.3299516598345
0,102143.0,118742.0,Office,2.0,0.0,0.0,85.27736558,0.0,13.0,29.34392109,0.07704054235790432,0.4,102143.0,0.13004812148012637,166043.81590430686,13283.50527234455,13283.505272344548
1,21200.0,39000.0,Mgr,4.0,0.0,1.0,86.56666667,2.0,14.0,,0.397375519860664,0.4,21200.0,0.1791228773716417,47467.56250348505,3797.4050002788044,3797.405000278804
0,105164.0,112774.0,Office,1.0,0.0,0.0,94.72487417,0.0,13.0,29.39092806,0.07384761296133423,0.4,105164.0,0.127567495567482,167693.85129823347,13415.508103858678,13415.508103858678
0,54543.0,61777.0,Office,21.0,0.0,0.0,205.58668,0.0,19.0,21.80656346,0.018396204955399776,0.4,54543.0,0.05938412525952988,40487.35430038173,3238.9883440305384,3238.9883440305384
1,,80609.0,Other,1.5,0.0,2.0,126.5333333,3.0,12.0,,0.5918867247238666,0.4,0.0,0.13902811933358647,0.0,0.0,0.0
1,26572.0,31960.0,Office,11.0,0.0,0.0,117.7951039,0.0,8.0,41.28649195,0.14102623814754991,0.4,26572.0,0.1644937731420845,54636.60674914336,4370.928539931469,4370.9285399314695
1,17000.0,52012.0,ProfExe,22.0,3.0,1.0,85.33333333,1.0,9.0,,0.7762591618336,0.4,17000.0,0.08273014711517819,17580.156261975364,1406.412500958029,1406.4125009580293
1,29562.0,37200.0,Other,6.0,0.0,0.0,92.13333333,1.0,26.0,,0.16554462355496713,0.4,29562.0,0.17232972418665282,63680.14133007289,5094.411306405831,5094.411306405831
1,41700.0,76725.0,Other,0.5,0.0,3.0,136.1333333,0.0,15.0,,0.6555932822198293,0.4,41700.0,0.12112660496205399,63137.24283647064,5050.979426917652,5050.979426917652
1,58000.0,69440.0,Other,3.5,0.0,1.0,168.6666667,0.0,18.0,,0.2290000439613256,0.4,58000.0,0.1840241763953575,133417.5278866342,10673.402230930737,10673.402230930735
1,5700.0,18000.0,Other,,0.0,0.0,12.2,0.0,17.0,,0.2538560324323943,0.4,5700.0,0.18603133097791164,13254.732332176205,1060.3785865740965,1060.3785865740963
1,45000.0,58350.0,Mgr,3.5,0.0,0.0,162.0,3.0,16.0,,0.17360784628907736,0.4,45000.0,0.1744434479224362,98124.43945637038,7849.955156509631,7849.95515650963
1,7000.0,16020.0,Other,18.0,0.0,1.0,85.8,2.0,23.0,,0.33780299804977065,0.4,7000.0,0.1851746962562995,16202.785922426207,1296.2228737940966,1296.2228737940966
0,66000.0,79050.0,Other,1.8,2.0,0.0,279.0,1.0,6.0,,0.25697504399187676,0.4,66000.0,0.186199381941605,153614.49010182414,12289.159208145931,12289.159208145931
0,,45760.0,,0.0,0.0,0.0,,0.0,0.0,,0.16914203572455713,0.4,0.0,0.17329888658537237,0.0,0.0,0.0
0,62000.0,78000.0,Other,4.0,0.0,0.0,109.5666667,0.0,15.0,,0.1697600601819708,0.4,62000.0,0.17346110533202894,134432.35663232242,10754.588530585794,10754.588530585794
0,64240.0,63990.0,Sales,5.0,2.0,0.0,160.3,1.0,23.0,,0.5787759950162791,0.4,64240.0,0.1424715549360279,114404.65861363041,9152.372689090433,9152.372689090433
1,74000.0,93000.0,ProfExe,2.6,1.0,3.0,186.6333333,,9.0,,0.7651007113682836,0.4,74000.0,0.0864939850019396,80006.93612679411,6400.5548901435295,6400.55489014353
1,55000.0,59000.0,Other,12.0,2.0,0.0,146.1,0.0,22.0,,0.3004534552095954,0.4,55000.0,0.18683580119009852,128449.61331819271,10275.969065455418,10275.969065455418
0,67625.0,80698.0,Mgr,11.0,,1.0,212.3493039,0.0,25.0,39.12871763,0.19249708052364836,0.4,67625.0,0.17861596762971443,150986.31013699298,12078.904810959439,12078.904810959439
0,67533.0,71865.0,Mgr,10.0,,2.0,227.7929884,0.0,25.0,39.1663287,0.32569932530752727,0.4,67533.0,0.18591247066689465,156940.33601934247,12555.226881547398,12555.226881547396
1,,19132.0,Other,0.0,0.0,0.0,100.7746522,0.0,19.0,33.8409199,0.1584610539830611,0.4,0.0,0.170293099577152,0.0,0.0,0.0
1,58500.0,65000.0,Other,8.0,1.0,2.0,63.93333333,2.0,15.0,,0.7470102420935002,0.4,58500.0,0.09251032962855331,67648.1785408796,5411.854283270368,5411.854283270369
0,57992.0,63797.0,ProfExe,7.0,0.0,4.0,165.505037,1.0,31.0,22.27817437,0.5281828819146324,0.4,57992.0,0.1548909624114186,112280.45865203733,8982.436692162986,8982.436692162986
0,56544.0,59218.0,Office,19.0,0.0,0.0,211.0025991,1.0,20.0,19.02770443,0.016698368995715987,0.4,56544.0,0.05589610633788507,39507.367959617164,3160.589436769373,3160.589436769373
1,34800.0,50225.0,Other,2.0,1.0,0.0,93.5,1.0,5.0,,0.3704365121450921,0.4,34800.0,0.18232703296140085,79312.25933820936,6344.980747056749,6344.980747056749
0,67700.0,77000.0,Sales,4.0,0.0,0.0,128.8333333,0.0,31.0,,0.27318026345512464,0.4,67700.0,0.18679598722899934,158076.10419254072,12646.088335403258,12646.088335403256
0,44000.0,55085.0,,6.0,,1.0,75.43333333,,16.0,,0.37715076550388194,0.4,44000.0,0.18159679223243927,99878.2357278416,7990.258858227328,7990.258858227327
0,66272.0,82953.0,Other,3.0,0.0,0.0,110.2786626,0.0,15.0,43.45058791,0.26926222572153663,0.4,66272.0,0.18669306641548622,154656.5362185888,12372.522897487104,12372.522897487102
0,50216.0,58541.0,Office,19.0,0.0,0.0,209.8713022,0.0,19.0,20.20803267,0.016336859408606852,0.4,50216.0,0.05513093353303416,34605.68697868554,2768.454958294843,2768.4549582948434
0,71206.0,78698.0,Sales,3.0,0.0,0.0,129.932869,0.0,31.0,34.18137652,0.26404103347709174,0.4,71206.0,0.18651548076914964,166012.76654560087,13281.02132364807,13281.02132364807
0,68815.0,79852.0,Other,6.0,0.0,0.0,105.1207088,0.0,14.0,41.80637615,0.25391344704318547,0.4,68815.0,0.1860345852768833,160024.62482285904,12801.969985828724,12801.969985828724
0,72021.0,80027.0,Other,2.0,2.0,0.0,263.9703003,0.0,5.0,36.43209394,0.2734920766935044,0.4,72021.0,0.18680307931357665,168171.8071905388,13453.744575243103,13453.744575243103
0,53969.0,63869.0,ProfExe,7.0,0.0,3.0,162.3900107,0.0,30.0,23.58107924,0.33685595849530925,0.4,53969.0,0.18523894313569525,124964.5065261292,9997.160522090337,9997.160522090337
0,,60250.0,,,,,,,,,0.12287613667008887,0.4,0.0,0.1570986157876793,0.0,0.0,0.0
1,53091.0,64074.0,Office,14.0,1.0,3.0,89.86105825,0.0,17.0,39.15808483,0.7184831154848761,0.4,53091.0,0.10177229560719879,67539.91182602238,5403.19294608179,5403.192946081791
0,66127.0,79087.0,Other,4.0,1.0,0.0,81.3490651,0.0,15.0,40.70530876,0.39291945344796475,0.4,66127.0,0.1797022782624514,148539.65693326405,11883.172554661125,11883.172554661123
0,,77182.0,,,,,,,,25.2272529,0.06760859173721832,0.4,0.0,0.1224257648806081,0.0,0.0,0.0
1,39000.0,66000.0,Other,1.0,0.0,0.0,170.3666667,1.0,19.0,,0.13177674105707662,0.4,39000.0,0.16091360737289673,78445.38359428715,6275.630687542973,6275.630687542973
0,71082.0,79247.0,Other,4.0,0.0,0.0,118.7604101,0.0,14.0,41.42111052,0.23665880110689766,0.4,71082.0,0.1847742524890812,164176.54269286088,13134.12341542887,13134.123415428869
0,,49044.0,,0.0,0.0,0.0,,0.0,0.0,11.6527388,0.040018992802793515,0.4,0.0,0.09362842536309307,0.0,0.0,0.0
1,57000.0,,Other,5.0,,,222.6,1.0,13.0,,0.11065667189166105,0.4,57000.0,0.15120284800901007,107732.02920641968,8618.562336513574,8618.562336513574
1,34184.0,46000.0,Mgr,3.5,0.0,1.0,122.6,2.0,22.0,,0.308041475784724,0.4,34184.0,0.1866498603708787,79755.48533647646,6380.438826918116,6380.438826918117
1,66517.0,87000.0,ProfExe,10.0,0.0,4.0,125.8,0.0,34.0,,0.7282527651709502,0.4,66517.0,0.09863231165835301,82009.06843223334,6560.725474578668,6560.725474578668
0,45500.0,50000.0,Other,6.0,0.0,0.0,86.16666667,0.0,18.0,,0.17778150715221083,0.4,45500.0,0.17545639220878764,99790.82306874798,7983.265845499839,7983.265845499838
1,118000.0,146870.0,ProfExe,4.5,2.0,0.0,203.8666667,1.0,20.0,,0.2761788297530374,0.4,118000.0,0.18685755885525906,275614.8993115071,22049.19194492057,22049.19194492057
1,90000.0,105800.0,Other,6.0,2.0,3.0,80.1,3.0,10.0,,0.932304622089619,0.4,90000.0,0.026372984612837814,29669.60768944254,2373.568615155403,2373.568615155403
0,67913.0,97205.0,Mgr,2.0,0.0,0.0,142.8243915,0.0,24.0,35.22699719,0.11995663190858574,0.4,67913.0,0.15576226293969728,132228.53203779575,10578.28256302366,10578.28256302366
0,71855.0,88566.0,Other,2.0,2.0,0.0,283.9595381,0.0,5.0,36.47547328,0.2512086555379522,0.4,71855.0,0.185874652717266,166950.28963748936,13356.02317099915,13356.023170999148
0,53918.0,59511.0,,6.0,,0.0,54.13647743,,15.0,34.41650781,0.23654728090286392,0.4,53918.0,0.18476420080481995,124526.45223742852,9962.116178994282,9962.116178994282
1,49100.0,58238.0,ProfExe,0.1,0.0,0.0,61.8,2.0,17.0,,0.25622452247066674,0.4,49100.0,0.18616056348059998,114256.04583621824,9140.483666897459,9140.483666897459
0,88026.0,115506.0,ProfExe,6.0,0.0,0.0,182.2483316,0.0,27.0,29.20902258,0.06304537557141365,0.4,88026.0,0.1183962841010967,130274.39130353923,10421.951304283139,10421.951304283139
1,26900.0,45000.0,ProfExe,9.0,1.0,2.0,90.46666667,1.0,16.0,,0.6807090500885373,0.4,26900.0,0.11358260510920443,38192.15096796999,3055.3720774375993,3055.3720774375993
0,67317.0,97191.0,Mgr,3.0,0.0,0.0,137.3197248,0.0,23.0,34.27529378,0.11823461474550039,0.4,67317.0,0.1549533699896771,130387.45009493867,10430.996007595093,10430.996007595093
0,56067.0,63102.0,ProfExe,9.0,0.0,3.0,160.1463113,1.0,30.0,21.58376012,0.335873576469304,0.4,56067.0,0.18530443561589996,129868.2973959583,10389.463791676664,10389.463791676662
0,80482.0,88342.0,ProfExe,7.0,0.0,0.0,275.0323948,0.0,11.0,43.71763511,0.13051567258343155,0.4,80482.0,0.1603959381710215,161362.3236985019,12908.98589588015,12908.985895880152
0,58688.0,63348.0,ProfExe,9.0,0.0,3.0,179.1625747,2.0,31.0,22.54439284,0.3500191475028626,0.4,58688.0,0.1842502239230417,135165.9642699434,10813.277141595472,10813.27714159547
0,65873.0,90408.0,Mgr,2.0,0.0,0.0,141.858999,0.0,23.0,37.76961861,0.1430075547407682,0.4,65873.0,0.16521306264137087,136038.5009421878,10883.080075375023,10883.080075375023
1,25597.0,23031.0,Other,5.0,0.0,0.0,101.7467664,0.0,8.0,33.24315698,0.18264370054459958,0.4,25597.0,0.17656971313495107,56495.68683894178,4519.654947115342,4519.654947115342
0,67794.0,84630.0,Other,4.0,0.0,0.0,112.5734189,0.0,15.0,41.67399636,0.24229282092918486,0.4,67794.0,0.18524948007792785,156985.04065503803,12558.803252403042,12558.80325240304
1,44000.0,59745.0,Other,10.0,0.0,0.0,81.5,3.0,13.0,,0.26517042877713254,0.4,44000.0,0.1865578669074771,102606.8267991124,8208.546143928992,8208.546143928992
0,,28437.5,,,,,,,,,0.12287613667008887,0.4,0.0,0.1570986157876793,0.0,0.0,0.0
0,170986.0,245300.0,Sales,,0.0,0.0,131.9333333,0.0,22.0,,0.30763022250705013,0.4,170986.0,0.18666201339530253,398957.387780115,31916.5910224092,31916.591022409197
1,65576.0,65774.0,Other,6.0,1.0,2.0,61.64250608,1.0,14.0,40.59091002,0.8008115978448396,0.4,65576.0,0.07431196870095294,60913.520744171125,4873.08165953369,4873.08165953369
0,57461.0,68494.0,ProfExe,8.0,0.0,4.0,183.6356132,0.0,30.0,22.79542355,0.4811545731560872,0.4,57461.0,0.16505139826841306,118550.22994876602,9484.018395901281,9484.018395901283
0,,69706.0,,,,,,,,33.70558774,0.11457366085073845,0.4,0.0,0.15318111637039653,0.0,0.0,0.0
0,,34846.0,,,,,,,,33.35465263,0.11216407834837852,0.4,0.0,0.15197444283883615,0.0,0.0,0.0
0,47479.0,61690.0,,5.0,,0.0,65.03296901,,16.0,36.69941492,0.25044779444316667,0.4,47479.0,0.18582720867876082,110286.12551073605,8822.890040858883,8822.890040858885
0,66839.0,87168.0,Other,4.0,0.0,0.0,122.5972226,0.0,15.0,40.61677935,0.21897938693091726,0.4,66839.0,0.1828528143495486,152771.24072886846,12221.699258309478,12221.699258309478
0,12457.0,53448.0,Self,,0.0,0.0,207.1434813,0.0,12.0,44.10795169,0.2885257160502202,0.4,12457.0,0.18695919081900633,29111.883000404523,2328.950640032362,2328.9506400323617
0,90059.0,113714.0,ProfExe,7.0,0.0,0.0,193.6364469,0.0,28.0,25.89731648,0.04643768608283936,0.4,90059.0,0.10140892035909994,114159.82448275227,9132.785958620181,9132.785958620181
1,22320.0,34900.0,Other,10.0,0.0,0.0,65.7,1.0,5.0,,0.26746256890562387,0.4,22320.0,0.18663712700228652,52071.75843363794,4165.740674691035,4165.740674691035
1,40000.0,70500.0,Mgr,0.4,0.0,0.0,61.76666667,2.0,8.0,,0.28993665589591244,0.4,40000.0,0.18695568665154005,93477.84332577004,7478.227466061603,7478.227466061602
1,100882.0,102700.0,Mgr,5.0,0.0,1.0,58.86666667,0.0,16.0,,0.3611634535653704,0.4,100882.0,0.18325721369420078,231091.92789872957,18487.354231898367,18487.354231898364
1,31000.0,47350.0,ProfExe,12.0,,,,,,,0.11853855736558758,0.4,31000.0,0.15509727535385434,60100.194199618556,4808.0155359694845,4808.0155359694845
1,63125.0,126500.0,Office,3.0,0.0,0.0,100.3,0.0,14.0,,0.09757243026765704,0.4,63125.0,0.14392579854105808,113566.45041130364,9085.316032904291,9085.316032904291
1,100000.0,129693.5,Mgr,13.0,,,,,,,0.11429927172747896,0.4,100000.0,0.15304534231849765,191306.67789812206,15304.534231849764,15304.534231849764
1,,132000.0,Other,17.5,0.0,2.0,121.9,0.0,14.0,,0.46162702793687205,0.4,0.0,0.1688275083985643,0.0,0.0,0.0
1,,9100.0,Other,1.0,0.0,0.0,54.73333333,2.0,8.0,,0.30634377410036623,0.4,0.0,0.1866985082390152,0.0,0.0,0.0
1,34200.0,50830.0,Other,6.0,0.0,0.0,57.0,1.0,9.0,,0.2649615174424159,0.4,34200.0,0.18655019307877008,79750.20754117421,6380.016603293937,6380.016603293937
1,,71277.0,Other,10.0,0.0,0.0,72.43333333,1.0,12.0,,0.23010357125915096,0.4,0.0,0.1841398311697575,0.0,0.0,0.0
1,123000.0,157500.0,Mgr,9.0,,,,,,,0.11710448705103196,0.4,123000.0,0.15441399227228025,237411.5131186309,18992.921049490473,18992.921049490473
1,16600.0,25250.0,Other,6.0,0.0,0.0,88.7,1.0,3.0,,0.25535526163436173,0.4,16600.0,0.18611432457272042,38618.72234883949,3089.4977879071594,3089.497787907159
1,,52000.0,Other,,0.0,1.0,285.3333333,0.0,6.0,,0.16074964769148894,0.4,0.0,0.1709701474269803,0.0,0.0,0.0
1,22700.0,34225.0,Other,4.0,0.0,0.0,74.63333333,3.0,9.0,,0.30029446213980815,0.4,22700.0,0.1868388207647058,53015.51539198527,4241.241231358821,4241.241231358821
1,6000.0,38575.0,Self,7.0,0.0,1.0,335.0333333,3.0,42.0,,0.1428684826704469,0.4,6000.0,0.16516310319181599,12387.2327393862,990.978619150896,990.978619150896
1,,74500.0,Other,19.0,,,,,,,0.11428222495404346,0.4,0.0,0.1530368934339618,0.0,0.0,0.0
1,,94119.0,Other,19.0,,,,,,,0.11428222495404346,0.4,0.0,0.1530368934339618,0.0,0.0,0.0
0,73126.0,87500.0,Other,1.0,0.0,0.0,125.9666667,2.0,10.0,,0.21683989980330165,0.4,73126.0,0.18257363976551633,166885.99976866436,13350.87998149315,13350.879981493146
0,72517.0,86250.0,Mgr,19.0,0.0,1.0,300.3666667,1.0,24.0,,0.10482876757271778,0.4,72517.0,0.14809387563832313,134241.5447458035,10739.32357966428,10739.323579664278
0,26037.0,35000.0,ProfExe,12.0,0.0,0.0,182.6333333,0.0,13.0,,0.11559112286057202,0.4,26037.0,0.15368096079741678,50017.38970352926,4001.391176282341,4001.3911762823404
0,39000.0,50340.0,Office,10.0,,,179.8333333,,19.0,,0.061531344653951964,0.4,39000.0,0.1170050501876283,57039.96196646879,4563.196957317504,4563.196957317504
0,,26550.0,Other,1.7,0.0,0.0,276.9666667,1.0,14.0,,0.08273734806939503,0.4,0.0,0.1342416275236151,0.0,0.0,0.0
0,70470.0,77908.0,,5.0,,,,,,,0.12436134973555506,0.4,70470.0,0.1577619057481048,138968.51872586182,11117.481498068946,11117.481498068946
0,,36375.0,Other,3.0,0.0,0.0,266.8,1.0,26.0,,0.06726461025218211,0.4,0.0,0.12213026225835702,0.0,0.0,0.0
0,74225.0,89640.0,ProfExe,0.3,,,,,,,0.12717805713761204,0.4,74225.0,0.15898998776557155,147512.89802374435,11801.031841899548,11801.031841899548
0,,65400.0,Office,1.5,0.0,0.0,51.76666667,0.0,4.0,,0.15470206132827471,0.4,0.0,0.16914036077219277,0.0,0.0,0.0
1,,37500.0,Other,,0.0,3.0,107.1333333,10.0,5.0,,0.9108911144408051,0.4,0.0,0.03448179686441462,0.0,0.0,0.0
0,78565.0,98500.0,ProfExe,24.0,0.0,0.0,51.76666667,3.0,14.0,,0.27508417142790326,0.4,78565.0,0.18683679172402345,183485.4067724738,14678.832541797905,14678.832541797903
0,59900.0,80800.0,ProfExe,15.0,0.0,0.0,219.1333333,1.0,18.0,,0.09506806566746394,0.4,59900.0,0.14240548208103543,106626.10470817528,8530.088376654023,8530.088376654023
1,10171.0,26809.0,Office,13.0,3.0,6.0,228.3,0.0,24.0,,0.9611881570173846,0.4,10171.0,0.015261275337634307,1940.2803932384818,155.22243145907854,155.22243145907854
1,78893.0,82600.0,Mgr,16.0,0.0,0.0,133.9,1.0,34.0,,0.10365635879026053,0.4,78893.0,0.14744342041793093,145403.1720878978,11632.253767031825,11632.253767031825
1,85165.0,107940.0,Mgr,6.0,5.0,3.0,122.7666667,5.0,28.0,,0.980961508884429,0.4,85165.0,0.007537690046381629,8024.3421600011425,641.9473728000914,641.9473728000914
1,68000.0,75616.0,ProfExe,0.1,0.0,0.0,131.8666667,0.0,30.0,,0.11479141587057232,0.4,68000.0,0.15328857057114412,130295.2849854725,10423.622798837801,10423.6227988378
1,71571.0,85100.0,ProfExe,1.4,0.0,1.0,82.13333333,0.0,13.0,,0.35891443210829005,0.4,71571.0,0.183468768937434,164138.04077026361,13131.04326162109,13131.04326162109
1,28000.0,36810.0,Other,2.0,1.0,0.0,222.2,1.0,6.0,,0.21181061692557812,0.4,28000.0,0.18187557131853166,63656.449961486076,5092.515996918886,5092.515996918886
1,40000.0,32480.0,Other,8.0,3.0,2.0,163.3666667,1.0,16.0,,0.8194942727158259,0.4,40000.0,0.06778550743705165,33892.753718525826,2711.420297482066,2711.420297482066
1,81748.0,,ProfExe,14.0,1.0,2.0,144.0666667,2.0,17.0,,0.6260910524016304,0.4,81748.0,0.12964754741056836,132480.34632148928,10598.427705719143,10598.427705719143
0,44674.0,59375.0,Office,10.0,,,178.6925087,,19.0,26.44819746,0.035808630919187144,0.4,44674.0,0.08805539631399,49172.334686639864,3933.786774931189,3933.786774931189
1,61999.0,75021.3,Other,5.0,0.0,0.0,97.1,0.0,23.0,,0.1539709014347467,0.4,61999.0,0.168910148360582,130903.25360259655,10472.260288207724,10472.260288207723
0,80153.0,97275.0,Other,1.0,0.0,0.0,120.6750632,2.0,10.0,37.51270841,0.2549834295269201,0.4,80153.0,0.18609412480360385,186450.02981729072,14916.002385383257,14916.002385383259
0,68739.0,93435.0,Mgr,3.0,0.0,0.0,148.7204047,0.0,23.0,36.66927861,0.12863163396225513,0.4,68739.0,0.1596087660723537,137141.837138094,10971.34697104752,10971.34697104752
0,51209.0,55320.0,,5.0,,1.0,69.1074656,,15.0,35.02507297,0.39562167358132067,0.4,51209.0,0.17935318142609424,114806.21334561075,9184.497067648861,9184.49706764886
1,46696.0,85202.0,Other,2.0,1.0,2.0,148.3406455,0.0,14.0,46.489874,0.7643670903801328,0.4,46696.0,0.08674004668540408,50630.165250270366,4050.4132200216295,4050.413220021629
0,,46281.0,Other,2.0,0.0,0.0,257.6522064,0.0,26.0,40.95258888,0.09234193459311144,0.4,0.0,0.14070007766527143,0.0,0.0,0.0
0,66435.0,82819.0,Other,2.0,0.0,0.0,125.1306256,0.0,14.0,42.18353867,0.24177908855109675,0.4,66435.0,0.1852087673914814,153804.30577066334,12304.344461653067,12304.344461653067
0,179725.0,251962.0,Sales,,0.0,0.0,127.4988134,0.0,22.0,40.30825936,0.3981090191423854,0.4,179725.0,0.1790256947184808,402192.412290987,32175.392983278958,32175.392983278958
0,85583.0,115341.0,ProfExe,7.0,0.0,0.0,177.9582551,1.0,28.0,26.25797013,0.05883990291396826,0.4,85583.0,0.11446102421283877,122448.97294009225,9795.91783520738,9795.91783520738
0,72891.0,80691.0,Other,1.0,1.0,0.0,273.8817052,0.0,6.0,39.85214652,0.19707388562172684,0.4,72891.0,0.1794752771588265,163526.65534230028,13082.132427384022,13082.132427384022
1,30755.0,46735.0,Other,10.0,0.0,0.0,69.0,0.0,17.0,,0.19240177121997748,0.4,30755.0,0.17859747293240258,68659.56600045052,5492.765280036042,5492.765280036041
0,,26715.0,Other,1.0,0.0,0.0,258.7892976,0.0,14.0,26.72234334,0.04822866211410758,0.4,0.0,0.10344349390317564,0.0,0.0,0.0
0,87258.0,121382.0,ProfExe,6.0,0.0,0.0,181.6630402,0.0,28.0,25.44475915,0.0485508387446123,0.4,87258.0,0.10380365761184698,113221.2444486818,9057.699555894544,9057.699555894544
0,,28291.0,Other,2.0,0.0,0.0,277.9445608,1.0,14.0,23.64469128,0.0399171733336899,0.4,0.0,0.09349833646267311,0.0,0.0,0.0
1,9900.0,30451.0,Other,11.0,0.0,0.0,21.2,0.0,2.0,,0.30680864410627096,0.4,9900.0,0.18668558704244306,23102.34139650233,1848.1873117201862,1848.1873117201862
0,93000.0,116875.0,Other,10.0,,,417.6333333,2.0,50.0,,0.018225939802263103,0.4,93000.0,0.05904185548291199,68636.15699888518,5490.892559910815,5490.892559910815
1,15500.0,34000.0,Other,0.0,1.0,2.0,86.23333333,2.0,13.0,,0.7410762287073592,0.4,15500.0,0.09446007822398439,18301.640155896974,1464.1312124717579,1464.131212471758
1,129319.0,141875.0,Sales,7.0,1.0,0.0,157.8598021,0.0,36.0,25.65074122,0.20945920076591282,0.4,129319.0,0.18152863975454633,293438.7770552272,23475.102164418175,23475.10216441818
0,66834.0,87361.0,Other,0.0,2.0,0.0,290.034108,0.0,6.0,38.76698507,0.27274251257655435,0.4,66834.0,0.1867857590747989,156045.4927750639,12483.639422005113,12483.63942200511
0,73882.0,96031.0,Other,0.0,0.0,0.0,125.7874001,1.0,10.0,34.44607922,0.19192593710806682,0.4,73882.0,0.1785047669021291,164853.61485328877,13188.289188263103,13188.289188263103
0,74071.0,97064.0,Other,0.0,0.0,0.0,121.0759726,2.0,9.0,36.40172955,0.24588092302567213,0.4,74071.0,0.18551943581040323,171770.1266239047,13741.610129912377,13741.610129912377
0,62702.0,79784.0,Other,2.0,0.0,0.0,108.0725908,0.0,15.0,43.29013982,0.27102390977706386,0.4,62702.0,0.18674252178902284,146364.12001519138,11709.12960121531,11709.12960121531
0,,36425.0,Other,2.0,0.0,0.0,266.8134646,1.0,14.0,23.79740106,0.042943320572079016,0.4,0.0,0.09727275699089491,0.0,0.0,0.0
0,67000.0,77000.0,Other,9.0,0.0,1.0,119.7,0.0,25.0,,0.2455298507073704,0.4,67000.0,0.18549412594058776,155351.33047524226,12428.10643801938,12428.10643801938
0,43039.0,53521.0,Office,11.0,,,184.2966873,,19.0,24.41476318,0.030119786544689452,0.4,43039.0,0.07981893974196559,42941.59184443072,3435.3273475544574,3435.327347554457
0,19000.0,26000.0,Other,0.0,1.0,0.0,17.2,10.0,7.0,,0.7466711246222468,0.4,19000.0,0.09262207428391322,21997.74264242939,1759.8194113943514,1759.8194113943512
1,,9500.0,Other,1.0,0.0,1.0,81.1,1.0,2.0,,0.45509473737991507,0.4,0.0,0.17002785805681675,0.0,0.0,0.0
0,91250.0,110000.0,Office,24.0,0.0,0.0,123.7666667,1.0,12.0,,0.08876158862516843,0.4,91250.0,0.13837702000591445,157836.28844424617,12626.903075539694,12626.903075539694
0,16324.0,45187.0,Self,,0.0,0.0,221.1180817,0.0,11.0,42.71209384,0.2577676381102369,0.4,16324.0,0.18623927047958747,38002.12314135983,3040.1698513087863,3040.169851308786
1,40564.0,39527.0,Other,0.0,0.0,0.0,157.7710357,1.0,13.0,72.67043331,0.7141872329139194,0.4,40564.0,0.10314218739308104,52298.246117661736,4183.859689412939,4183.85968941294
0,73698.0,84427.0,,4.0,,,,,,19.13120118,0.04653566485735382,0.4,73698.0,0.10152167244950022,93524.30270229084,7481.944216183267,7481.944216183268
0,66987.0,65111.0,Sales,4.0,1.0,0.0,175.3287038,1.0,22.0,40.44257039,0.5132026152456687,0.4,66987.0,0.1582820703779178,132535.51310506975,10602.84104840558,10602.84104840558
1,26908.0,36078.0,Other,,0.0,0.0,302.3587095,0.0,8.0,39.1969854,0.09183628234908986,0.4,26908.0,0.14037781440284208,47216.07787439593,3777.2862299516746,3777.2862299516746
0,,49396.0,,0.0,0.0,0.0,,0.0,0.0,12.04367058,0.04105763076255635,0.4,0.0,0.09494289487809529,0.0,0.0,0.0
0,44993.0,50673.0,Office,7.0,,,184.7427672,,18.0,27.90612273,0.039703739269666034,0.4,44993.0,0.09322492170210402,52430.86127678457,4194.468902142766,4194.468902142766
1,51000.0,64000.0,Mgr,10.0,1.0,0.0,98.33333333,0.0,12.0,,0.2793704942921076,0.4,51000.0,0.18690700416106207,119153.21515267708,9532.257212214166,9532.257212214165
0,75958.0,91703.0,Other,0.0,0.0,0.0,124.1821788,1.0,10.0,34.59906019,0.1950373448958952,0.4,75958.0,0.17909983784407474,170050.81853700287,13604.06548296023,13604.065482960228
0,97132.0,117343.0,Office,22.0,0.0,0.0,109.9339079,1.0,11.0,35.8385427,0.10488069988877788,0.4,97132.0,0.14812248930682312,179842.92039187928,14387.433631350343,14387.433631350343
0,60826.0,80826.0,Mgr,10.0,,1.0,212.8917461,0.0,25.0,38.59149403,0.18741181402114837,0.4,60826.0,0.177594171546108,135029.28848079455,10802.343078463564,10802.343078463564
0,83552.0,96809.0,ProfExe,0.0,,,,,,28.42396191,0.08593882074692125,0.4,83552.0,0.1364758433410984,142535.37078544317,11402.829662835455,11402.829662835455
0,47449.0,63895.0,Office,19.0,0.0,0.0,208.162714,0.0,20.0,19.7621137,0.015655809106196978,0.4,47449.0,0.05366652455985893,31830.286548009328,2546.422923840746,2546.4229238407465
0,50934.0,62957.0,Office,21.0,0.0,0.0,197.2419573,0.0,20.0,19.35050563,0.016009969036473986,0.4,50934.0,0.054431843710522336,34655.39409439681,2772.431527551745,2772.4315275517447
0,53429.0,64505.0,,5.0,,0.0,69.54243011,,16.0,36.4802363,0.2427144430752611,0.4,53429.0,0.1852825049626068,123743.23697058897,9899.458957647117,9899.458957647117
0,,65474.0,Office,1.0,0.0,0.0,40.709849,0.0,4.0,37.84877104,0.1937611527772376,0.4,0.0,0.17885892582209362,0.0,0.0,0.0
0,47844.0,52040.0,Office,8.0,,,189.0343046,,18.0,24.70113626,0.031160227814674694,0.4,47844.0,0.08139273803745889,48676.926983302284,3894.154158664183,3894.154158664183
1,45509.0,57453.0,Sales,4.0,0.0,0.0,95.6,0.0,22.0,,0.35988132134238887,0.4,45509.0,0.1833784998284467,104317.15185865977,8345.37214869278,8345.37214869278
1,59720.0,63450.0,ProfExe,5.0,0.0,1.0,199.9,1.0,20.0,,0.20935500349987785,0.4,59720.0,0.1815129582533751,135499.4233361445,10839.953866891561,10839.953866891561
0,86922.0,119846.0,ProfExe,5.0,0.0,0.0,185.0763473,1.0,28.0,26.3548893,0.05764707080139311,0.4,86922.0,0.11330338652846561,123106.9620478411,9848.556963827288,9848.556963827288
0,68625.0,82304.0,Sales,2.0,0.0,0.0,136.6329442,0.0,30.0,32.05002349,0.23496150881364516,0.4,68625.0,0.18461852054475203,158368.07465479508,12669.445972383606,12669.445972383608
0,65814.0,85848.0,Other,4.0,0.0,0.0,122.9402886,0.0,15.0,44.09232568,0.26187754308954175,0.4,65814.0,0.18642807811491416,153369.719163187,12269.57753305496,12269.57753305496
0,,75254.0,,,,,,,,23.16374295,0.059246261544617505,0.4,0.0,0.11485109678593858,0.0,0.0,0.0
1,78300.0,88000.0,ProfExe,8.0,0.0,0.0,102.5,3.0,19.0,,0.2186127743342076,0.4,78300.0,0.1828057189838842,178921.09745547667,14313.687796438135,14313.687796438133
0,48152.0,55760.0,,6.0,,0.0,78.45212577,,16.0,35.763638,0.22333618390148852,0.4,48152.0,0.18338930263173914,110382.0212540438,8830.561700323504,8830.561700323504
0,70481.0,82446.0,Other,8.0,0.0,1.0,116.5919769,0.0,24.0,37.61268272,0.29174203989492936,0.4,70481.0,0.18694679914322027,164702.46688016635,13176.197350413308,13176.197350413308
0,,35402.0,,,,,,,,35.27207374,0.1258850620778931,0.4,0.0,0.15843104394131746,0.0,0.0,0.0
0,87765.0,101053.0,ProfExe,22.0,0.0,0.0,55.55804904,2.0,13.0,31.37554242,0.20985466657980656,0.4,87765.0,0.18158791768984323,199213.29495061364,15937.06359604909,15937.06359604909
0,52897.0,65054.0,Office,20.0,0.0,0.0,189.2953185,0.0,19.0,20.6541289,0.01884266009258963,0.4,52897.0,0.060274008178117844,39853.927632473744,3188.3142105978995,3188.3142105978995
1,24700.0,35675.0,Other,1.0,0.0,3.0,153.9333333,3.0,27.0,,0.6587143790513317,0.4,24700.0,0.12020322509881365,37112.74574925871,2969.0196599406972,2969.0196599406972
1,,43132.0,Other,,,,,,,,0.12287613667008887,0.4,0.0,0.1570986157876793,0.0,0.0,0.0
0,43486.0,81600.0,,4.0,0.0,0.0,216.1333333,4.0,30.0,,0.11598316712636594,0.4,43486.0,0.1538720471075688,83640.99800649671,6691.279840519737,6691.279840519736
1,21359.0,30000.0,Other,7.0,3.0,2.0,130.8,3.0,14.0,,0.8831998029424362,0.4,21359.0,0.04480125750068531,11961.375736964219,956.9100589571375,956.9100589571375
1,,13770.0,Mgr,5.0,0.0,1.0,167.3666667,1.0,8.0,,0.28989139997666225,0.4,0.0,0.1869558460660221,0.0,0.0,0.0
0,93051.0,115374.0,ProfExe,6.0,0.0,0.0,187.0205188,1.0,27.0,27.64674851,0.06290102495734988,0.4,93051.0,0.11826484477816342,137558.27589316104,11004.662071452884,11004.662071452884
0,87438.0,116679.0,ProfExe,6.0,0.0,0.0,186.424416,1.0,27.0,28.4175309,0.06629478609435484,0.4,87438.0,0.12129003327538512,132566.97411916405,10605.357929533124,10605.357929533124
0,78059.0,78179.0,,5.0,,,,,,20.67931358,0.05112594077887617,0.4,78059.0,0.1066209946765898,104034.10279324904,8322.728223459922,8322.728223459922
0,72147.0,69918.0,Sales,4.0,2.0,0.0,158.5344979,0.0,23.0,43.40443024,0.6869111726033397,0.4,72147.0,0.1116807265568327,100717.8672361976,8057.429378895808,8057.429378895808
1,40584.0,46645.0,Other,4.0,0.0,1.0,136.3206375,0.0,13.0,34.49470897,0.2814873152972373,0.4,40584.0,0.18693077789626467,94829.98362677507,7586.398690142006,7586.398690142005
1,,12972.0,Other,1.0,0.0,1.0,82.29426635,0.0,2.0,36.9867441,0.45638847136327554,0.4,0.0,0.16979269847089062,0.0,0.0,0.0
1,37368.0,48502.0,Mgr,9.0,0.0,2.0,48.995845,0.0,10.0,33.12648397,0.5664011717140419,0.4,37368.0,0.1456398838432953,68028.38974320324,5442.271179456259,5442.271179456258
0,,66251.0,Office,1.0,0.0,0.0,43.72233695,0.0,3.0,41.45204353,0.23604171614654304,0.4,0.0,0.1847183145938377,0.0,0.0,0.0
0,71644.0,72696.0,Sales,4.0,2.0,0.0,150.8658451,0.0,22.0,40.44256779,0.6573785684414915,0.4,71644.0,0.12059892585930854,108002.36805330376,8640.1894442643,8640.1894442643
1,85845.0,122205.0,ProfExe,5.0,0.0,0.0,172.2132767,1.0,26.0,32.67664088,0.09618685256345753,0.4,85845.0,0.14309004967867942,153544.56643332794,12283.565314666235,12283.565314666235
0,53793.0,66379.0,Office,22.0,0.0,0.0,206.0991341,0.0,19.0,18.36954053,0.014461262512053851,0.4,53793.0,0.05102150206086919,34307.495754504205,2744.5996603603367,2744.599660360336
0,69435.0,83489.0,ProfExe,14.0,0.0,0.0,200.418434,1.0,17.0,22.84109285,0.05047818349088364,0.4,69435.0,0.1059223820139244,91934.00743921052,7354.720595136841,7354.7205951368405
0,29648.0,39907.0,ProfExe,11.0,0.0,0.0,180.5630691,0.0,13.0,21.55494966,0.050923070845126865,0.4,29648.0,0.10640291160548354,39432.9190409922,3154.6335232793763,3154.633523279376
0,76407.0,77485.0,Other,9.0,0.0,0.0,91.68377063,0.0,24.0,37.77335098,0.1789305529204465,0.4,76407.0,0.1757258861812252,167833.59731811093,13426.687785448874,13426.687785448874
1,5000.0,66700.0,Other,31.0,1.0,1.0,204.0666667,0.0,11.0,,0.29636794645139813,0.4,5000.0,0.1869017586224886,11681.359913905535,934.5087931124428,934.508793112443
1,55160.0,86800.0,Other,3.0,1.0,1.0,148.1333333,1.0,14.0,,0.43086175111864994,0.4,55160.0,0.17418925997377444,120103.49475191746,9608.279580153398,9608.279580153398
0,41439.0,53893.0,Office,8.0,,,181.3229899,,19.0,24.65139574,0.03174737219715596,0.4,41439.0,0.08226684952100778,42613.199716263014,3409.0559773010414,3409.0559773010414
0,15275.0,47954.0,Self,,0.0,0.0,204.335245,0.0,12.0,42.39776964,0.26839530168164755,0.4,15275.0,0.1866668062811854,35641.69332431384,2851.3354659451074,2851.335465945107
0,100934.0,111496.0,Office,23.0,0.0,0.0,117.4995929,0.0,12.0,38.75056267,0.10412723326421801,0.4,100934.0,0.14770569730246594,186356.58564408871,14908.526851527098,14908.526851527096
0,,74685.0,,,,,,,,24.27486528,0.06362101325905067,0.4,0.0,0.11891794709031828,0.0,0.0,0.0
0,49514.0,58249.0,Office,21.0,0.0,0.0,212.5391151,0.0,21.0,21.25802688,0.01627945253148873,0.4,49514.0,0.05500866234808443,34046.23634378816,2723.698907503053,2723.6989075030524
0,76948.0,85753.0,Other,7.0,0.0,0.0,128.4764515,0.0,25.0,37.85968784,0.14875373928660168,0.4,76948.0,0.16720916854768791,160830.13876759363,12866.41110140749,12866.41110140749
0,28127.0,36524.0,ProfExe,10.0,0.0,0.0,181.2829568,0.0,13.0,24.33953357,0.061090885937142445,0.4,28127.0,0.11659500922170601,40993.347804736564,3279.4678243789253,3279.467824378925
0,,68591.0,Office,0.0,0.0,0.0,69.64566047,0.0,4.0,41.18503956,0.20390839188377258,0.4,0.0,0.18065619733757327,0.0,0.0,0.0
0,26927.0,35461.0,Other,0.0,1.0,0.0,21.79935215,10.0,6.0,29.43966424,0.6694878996692102,0.4,26927.0,0.1169848233961373,39375.62924484737,3150.0503395877895,3150.050339587789
0,49806.0,82242.0,,3.0,0.0,0.0,210.3474786,3.0,30.0,31.2434087,0.08548651212348526,0.4,49806.0,0.1361653011685695,84773.11237502216,6781.848990001773,6781.848990001773
1,70000.0,84579.0,Sales,0.1,0.0,0.0,95.9,1.0,17.0,,0.4246113466471278,0.4,70000.0,0.17518476609958647,153286.67033713817,12262.933626971055,12262.933626971053
1,58400.0,75000.0,ProfExe,4.0,0.0,0.0,177.5,2.0,26.0,,0.12104476542309539,0.4,58400.0,0.15626543711151084,114073.76909140291,9125.901527312233,9125.901527312233
1,80437.0,109647.0,ProfExe,9.5,0.0,0.0,104.4,0.0,14.0,,0.1710543751474179,0.4,80437.0,0.17379683033296572,174746.19551865954,13979.695641492764,13979.695641492764
1,77213.0,92661.0,Sales,0.0,0.0,0.0,97.13317095,1.0,16.0,41.77788863,0.5459912883188749,0.4,77213.0,0.15068393054851226,145434.47911802845,11634.758329442277,11634.758329442277
0,62319.0,82923.0,Other,4.0,0.0,0.0,117.6739652,0.0,15.0,42.46486629,0.24670276397862695,0.4,62319.0,0.18557775680133795,144562.75282628223,11565.020226102579,11565.02022610258
0,71556.0,79538.0,Other,2.0,0.0,0.0,92.64308456,0.0,15.0,41.21001247,0.26108802307810874,0.4,71556.0,0.18639413579874217,166720.23476518493,13337.618781214795,13337.618781214795
0,,39052.0,Other,3.0,0.0,0.0,272.2206283,0.0,25.0,39.89610462,0.08109212774825288,0.4,0.0,0.13305994373495364,0.0,0.0,0.0
1,74172.0,79846.0,ProfExe,0.0,0.0,0.0,157.0097747,0.0,28.0,47.41522866,0.21624554033509558,0.4,74172.0,0.182494217488653,169199.51374460463,13535.96109956837,13535.96109956837
0,28116.0,33450.0,Other,0.0,1.0,0.0,15.39658739,9.0,7.0,30.0170133,0.6519815596089218,0.4,28116.0,0.12219001724399768,42943.68156040298,3435.4945248322388,3435.4945248322388
0,,64910.0,,,,,,,,33.85046122,0.115581462360159,0.4,0.0,0.15367624159760146,0.0,0.0,0.0
0,,69172.0,Office,1.0,0.0,0.0,48.85366706,0.0,3.0,38.77368596,0.1997592401837406,0.4,0.0,0.17995363713570317,0.0,0.0,0.0
0,,36385.0,Other,2.0,0.0,0.0,266.5533944,1.0,25.0,43.30976454,0.11695694466461304,0.4,0.0,0.15434307077149045,0.0,0.0,0.0
0,,41119.0,Other,2.0,0.0,0.0,261.4052186,0.0,26.0,42.19194156,0.09771345857137745,0.4,0.0,0.14401012404736988,0.0,0.0,0.0
0,75000.0,90543.0,Mgr,18.0,0.0,0.0,300.4872058,1.0,23.0,38.94057536,0.06751923281458079,0.4,75000.0,0.12234912527342659,114702.30494383743,9176.184395506994,9176.184395506994
0,79296.0,86885.0,Mgr,19.0,0.0,1.0,307.9748816,1.0,23.0,39.95910877,0.13956082126711097,0.4,79296.0,0.16395123948093782,162508.46857350558,13000.677485880447,13000.677485880446
1,27791.0,46833.0,Mgr,3.0,0.0,0.0,83.28906275,1.0,13.0,30.18780539,0.16693985636806746,0.4,27791.0,0.1727106946996969,59997.536454990965,4799.802916399277,4799.802916399277
0,172595.0,250155.0,Sales,,0.0,0.0,126.4009836,0.0,21.0,43.20775979,0.4536634827816632,0.4,172595.0,0.17028652064310745,367382.5253799641,29390.602030397127,29390.60203039713
0,,34704.0,,,,,,,,34.17405555,0.11786037695404629,0.4,0.0,0.15477551028681288,0.0,0.0,0.0
0,,73804.0,Office,1.0,0.0,0.0,71.76655716,0.0,4.0,41.28742339,0.20190321223704974,0.4,0.0,0.18032214762701587,0.0,0.0,0.0
0,46595.0,58191.0,Other,5.0,0.0,0.0,80.13174641,0.0,17.0,24.14015367,0.0998568157805804,0.4,46595.0,0.14527516398986182,84613.70332634514,6769.096266107612,6769.096266107611
1,,28000.0,Self,1.0,2.0,1.0,36.76666667,1.0,8.0,,0.8455415198085399,0.4,0.0,0.058520359062444176,0.0,0.0,0.0
0,70973.0,77989.0,Other,7.0,0.0,0.0,120.3794143,0.0,24.0,41.44250046,0.1932723723286567,0.4,70973.0,0.1787654945127648,158594.04302568073,12687.523442054458,12687.523442054457
1,,33100.0,Other,,0.0,0.0,238.6,1.0,2.0,,0.12561465314237646,0.4,0.0,0.15831312431746494,0.0,0.0,0.0
0,,51189.0,,1.0,0.0,0.0,,0.0,0.0,12.74918065,0.04271648858549573,0.4,0.0,0.09699625472924538,0.0,0.0,0.0
0,82912.0,91175.0,ProfExe,2.0,,,,,,27.59527352,0.08057352388774468,0.4,82912.0,0.1326826018002867,137512.24850581714,11000.979880465371,11000.979880465371
1,25972.0,41856.0,Other,2.0,0.0,2.0,157.9600114,3.0,27.0,40.62827818,0.5578393615795012,0.4,25972.0,0.147783909292518,47978.04615181597,3838.2436921452777,3838.2436921452777
0,74187.0,78976.0,Other,9.0,0.0,1.0,118.442491,0.0,24.0,40.11040743,0.32429364699790914,0.4,74187.0,0.185986210428652,172471.98741338006,13797.758993070405,13797.758993070405
0,,66903.0,,,,,,,,32.78292683,0.10833332956675341,0.4,0.0,0.1499877738301319,0.0,0.0,0.0
1,106650.0,,Mgr,1.0,0.0,6.0,250.5666667,4.0,23.0,,0.9329938027060719,0.4,106650.0,0.026110174144307455,34808.12590612988,2784.6500724903904,2784.65007249039
0,,69492.0,,,,,,,,32.97719723,0.10962193753194822,0.4,0.0,0.15066560587252548,0.0,0.0,0.0
0,95232.0,115977.0,Office,22.0,0.0,0.0,149.0229081,1.0,12.0,37.95433691,0.09504097555180246,0.4,95232.0,0.1423887969048637,169499.62383554975,13559.96990684398,13559.969906843979
1,47625.0,85925.0,Office,0.1,2.0,1.0,154.1333333,4.0,26.0,,0.42398246175443555,0.4,47625.0,0.1752830946754712,104348.21729899145,8347.857383919316,8347.857383919316
1,24600.0,30500.0,Other,4.5,0.0,1.0,116.1,8.0,34.0,,0.4460095943690901,0.4,24600.0,0.17164280721508773,52780.16321863948,4222.413057491159,4222.413057491158
1,65000.0,94355.0,Other,26.0,1.0,3.0,69.3,1.0,34.0,,0.7591142358944186,0.4,65000.0,0.08849679850756043,71903.64878739286,5752.291902991428,5752.291902991427
1,,,Office,13.0,,2.0,122.7666667,,23.0,,0.2842429918184387,0.4,0.0,0.18695109829205153,0.0,0.0,0.0
1,33600.0,,Other,2.0,0.0,0.0,140.9333333,1.0,20.0,,0.1491711283328294,0.4,33600.0,0.16734907916994365,70286.61325137634,5622.9290601101075,5622.929060110107
1,42000.0,58305.0,Other,19.0,0.0,0.0,90.0,2.0,13.0,,0.2203395366870858,0.4,42000.0,0.18302487675131582,96088.0602944408,7687.044823555264,7687.044823555264
1,32446.0,54904.0,Other,2.0,0.0,0.0,51.73333333,1.0,9.0,,0.2765206314051748,0.4,32446.0,0.18686364275186512,75787.2219090877,6062.977752727016,6062.977752727016
1,9660.0,35900.0,Other,8.0,0.0,1.0,136.3,3.0,6.0,,0.40586744603235203,0.4,9660.0,0.17796696864177625,21489.511463494484,1719.1609170795587,1719.1609170795584
1,22859.0,32200.0,Other,4.0,0.0,0.0,83.33333333,3.0,20.0,,0.2406052660047506,0.4,22859.0,0.18511378541529755,52893.950260103586,4231.516020808287,4231.516020808287
1,16878.0,25850.0,Mgr,1.0,0.0,1.0,218.6,5.0,34.0,,0.22493405427994959,0.4,16878.0,0.18357548320239322,38729.837568624906,3098.3870054899926,3098.387005489993
0,72951.0,80000.0,Other,22.8,0.0,0.0,343.9,1.0,47.0,,0.02407670022709319,0.4,72951.0,0.0699770967254872,63811.23979026271,5104.899183221017,5104.899183221017
0,43000.0,57460.0,Other,1.6,1.0,,101.5,,13.0,,0.31903832466452237,0.4,43000.0,0.18623924593230406,100103.59468861343,8008.287575089075,8008.287575089074
0,53500.0,64790.0,Other,0.1,0.0,2.0,105.4,3.0,18.0,,0.5911731343400065,0.4,53500.0,0.13921778012150843,93101.89045625876,7448.1512365007,7448.151236500701
0,69876.0,94394.07,Other,0.0,0.0,1.0,179.5666667,0.0,32.0,,0.1714783820184853,0.4,69876.0,0.17390563924449426,151897.8805981035,12151.83044784828,12151.83044784828
0,51000.0,86125.0,ProfExe,6.0,0.0,0.0,222.1666667,2.0,24.0,,0.09845618269533346,0.4,51000.0,0.14445199167806252,92088.14469476487,7367.051575581189,7367.051575581188
0,53227.0,68700.0,Mgr,3.0,0.0,2.0,122.7333333,0.0,23.0,,0.4239689262985579,0.4,53227.0,0.17528520727822228,116623.8215974742,9329.905727797937,9329.905727797937
0,,43300.0,Other,,,,100.9333333,,9.0,,0.21637840865942015,0.4,0.0,0.18251204306546986,0.0,0.0,0.0
0,14000.0,61493.0,Office,23.0,0.0,0.0,321.6333333,1.0,13.0,,0.02890066099095886,0.4,14000.0,0.07793286551835452,13638.25146571204,1091.0601172569632,1091.0601172569632
1,40000.0,54600.0,ProfExe,4.0,0.0,4.0,101.4,0.0,19.0,,0.8197759664083949,0.4,40000.0,0.06768632811694349,33843.16405847174,2707.453124677739,2707.4531246777397
1,18793.0,27750.0,Mgr,6.0,0.0,3.0,119.7,0.0,8.0,,0.6947855771805357,0.4,18793.0,0.10924453999594524,25662.90800179749,2053.032640143799,2053.032640143799
1,179397.0,200000.0,ProfExe,5.0,6.0,0.0,90.3,6.0,29.0,,0.9246567675221931,0.4,179397.0,0.029281753603440965,65663.23438995623,5253.058751196498,5253.058751196499
1,,95500.0,Mgr,6.0,1.0,2.0,129.9,1.0,22.0,,0.5921004459113248,0.4,0.0,0.13897126610878338,0.0,0.0,0.0
0,79046.0,103048.0,Other,0.0,0.0,0.0,181.696538,0.0,32.0,37.28998992,0.09882633957167794,0.4,79046.0,0.1446708156758902,142945.61619895522,11435.649295916417,11435.649295916417
0,,53190.0,,0.0,0.0,0.0,,0.0,0.0,15.174415,0.0503550642560299,0.4,0.0,0.10578884214048251,0.0,0.0,0.0
1,,43683.0,Other,,,,,,,21.93549881,0.054739151973396634,0.4,0.0,0.11039975164755762,0.0,0.0,0.0
0,129731.0,154113.0,ProfExe,12.0,0.0,0.0,213.5333333,0.0,19.0,,0.08666944002253683,0.4,129731.0,0.13697398398475902,222122.14895408464,17769.771916326772,17769.771916326772
0,48500.0,62500.0,Mgr,7.0,,4.0,111.3,2.0,11.0,,0.8640864352336036,0.4,48500.0,0.05181087473977506,31410.34281098863,2512.8274248790904,2512.8274248790904
0,,47400.0,,,,,,,,,0.12287613667008887,0.4,0.0,0.1570986157876793,0.0,0.0,0.0
0,91704.0,114799.0,Office,22.0,0.0,0.0,129.2500896,1.0,12.0,36.74676624,0.0980405329038481,0.4,91704.0,0.14420517110967399,165302.3876430193,13224.191011441544,13224.191011441542
0,47604.0,54966.0,Other,5.0,0.0,0.0,70.69532973,0.0,18.0,24.76674453,0.10686760041344523,0.4,47604.0,0.1492047539534521,88784.28884000167,7102.743107200134,7102.743107200134
0,,35250.0,Other,,,,303.0,,12.0,,0.07241850433334233,0.4,0.0,0.12642508271812167,0.0,0.0,0.0
1,62751.0,95617.0,Other,1.0,0.0,0.0,138.6468632,1.0,13.0,31.75727069,0.14519080862023903,0.4,62751.0,0.16598703547927515,130198.15579199993,10415.852463359995,10415.852463359995
0,48300.0,53388.0,Office,9.0,,,178.4896022,,19.0,26.72002818,0.03673928057503143,0.4,48300.0,0.08932262476898475,53928.53470427455,4314.282776341964,4314.282776341964
0,68743.0,65321.0,Sales,3.0,1.0,0.0,153.0667831,0.0,22.0,40.15052706,0.5097088953156931,0.4,68743.0,0.15905278828828875,136672.0728162729,10933.765825301833,10933.765825301834
0,79636.0,87276.0,Other,20.0,0.0,0.0,350.4361376,0.0,47.0,28.84827658,0.013853627934343422,0.4,79636.0,0.049636123528294655,49410.279166240914,3952.8223332992734,3952.8223332992734
0,,46830.0,,0.0,0.0,1.0,,0.0,0.0,13.30601308,0.09308050385487268,0.4,0.0,0.14116741319447104,0.0,0.0,0.0
0,78753.0,95433.0,ProfExe,0.0,,,,,,28.92511742,0.08866646121279557,0.4,78753.0,0.1383139683712358,136157.99938924916,10892.639951139934,10892.639951139932
0,77265.0,97944.0,ProfExe,0.0,,,,,,28.87646306,0.08839826201190742,0.4,77265.0,0.13813582489920326,133413.30638546174,10673.064510836939,10673.064510836939
0,75657.0,84368.0,Sales,4.0,0.0,0.0,122.244945,0.0,30.0,32.55254334,0.25448493330038957,0.4,75657.0,0.1860666471305843,175965.5540244827,14077.244321958617,14077.244321958617
0,171582.0,245730.0,Sales,,0.0,0.0,135.1089303,0.0,22.0,39.78381813,0.37891367847776974,0.4,171582.0,0.1813973489027791,389056.498992958,31124.51991943664,31124.51991943664
0,,33909.0,,,,,,,,34.51740452,0.12032087846473025,0.4,0.0,0.15593137881091748,0.0,0.0,0.0
0,46601.0,59486.0,Other,5.0,0.0,0.0,84.63211066,0.0,18.0,25.35001036,0.10287454902533917,0.4,46601.0,0.14700485985673506,85632.16842729638,6850.5734741837105,6850.5734741837105
0,60354.0,87596.0,ProfExe,5.0,0.0,0.0,210.1730647,2.0,23.0,34.05481124,0.10253632173251204,0.4,60354.0,0.14681392487341624,110760.09527262705,8860.807621810163,8860.807621810163
0,45356.0,82054.0,,2.0,0.0,0.0,201.3344875,4.0,29.0,29.66171016,0.09427235029993512,0.4,45356.0,0.14191321998204573,80457.70006882084,6436.616005505667,6436.616005505666
0,,41657.0,Other,,,,293.9587236,,11.0,30.19763073,0.05771594622631575,0.4,0.0,0.11337074733261827,0.0,0.0,0.0
1,,,Self,3.0,,,80.5,2.0,17.0,,0.3526712527853349,0.4,0.0,0.18402658050954224,0.0,0.0,0.0
0,,80078.0,,,,,,,,25.37554416,0.068249965412419,0.4,0.0,0.12297327541131658,0.0,0.0,0.0
1,42100.0,57385.0,Other,8.5,0.0,1.0,164.8,1.0,28.0,,0.21048170292264995,0.4,42100.0,0.18168113325727572,95609.69637664134,7648.775710131307,7648.775710131308
0,70793.0,71552.0,Sales,3.0,2.0,0.0,162.9451569,0.0,23.0,40.31539659,0.6354069466036332,0.4,70793.0,0.1269982429260086,112382.33264326157,8990.586611460925,8990.586611460925
0,73881.0,98550.0,Other,0.0,0.0,1.0,182.8787798,0.0,31.0,37.19944569,0.19583028822389623,0.4,73881.0,0.1792473281209643,165537.14811131204,13242.971848904963,13242.971848904965
0,45787.0,64854.0,,4.0,,1.0,63.11702323,,16.0,36.53874734,0.42531612448005823,0.4,45787.0,0.1750741701417842,100201.51285352341,8016.121028281873,8016.121028281873
0,75121.0,96462.0,ProfExe,0.0,,,,,,27.16765596,0.07943256943113468,0.4,75121.0,0.13184409537163297,123803.2536051555,9904.26028841244,9904.26028841244
0,,51732.0,,,,,,,,12.32470709,0.029158758233677327,0.4,0.0,0.07833604664830271,0.0,0.0,0.0
0,133882.0,155222.0,ProfExe,9.0,0.0,0.0,212.5376432,0.0,19.0,20.61678366,0.03550126489371534,0.4,133882.0,0.08763223065464841,146654.72880632046,11732.378304505637,11732.378304505639
0,75623.0,89634.0,Other,24.0,0.0,0.0,324.6868294,0.0,47.0,28.2855321,0.015084243577236839,0.4,75623.0,0.052413490567426314,49545.817464756,3963.6653971804803,3963.6653971804803
0,45564.0,61956.0,Other,2.0,0.0,,101.1670603,,13.0,38.67514015,0.2524553352681043,0.4,45564.0,0.18595005390814476,105907.85320338384,8472.628256270707,8472.628256270707
0,99469.0,116260.0,Office,23.0,0.0,0.0,124.7455955,1.0,12.0,35.64227011,0.09322611101491775,0.4,99469.0,0.14125907811208754,175636.24050914045,14050.899240731236,14050.899240731236
0,55000.0,69000.0,ProfExe,13.0,0.0,0.0,130.0666667,0.0,20.0,,0.13108895502159965,0.4,55000.0,0.16063217966247995,110434.62351795495,8834.769881436396,8834.769881436398
0,,72890.0,Office,1.0,0.0,0.0,41.25011359,0.0,3.0,39.19806822,0.2118412192560929,0.4,0.0,0.18187999914974395,0.0,0.0,0.0
0,44226.0,57779.0,,7.0,,0.0,63.62641325,,16.0,33.11182911,0.20641156465317,0.4,44226.0,0.18105904349745214,100093.96572147898,8007.517257718318,8007.517257718318
0,,39050.0,Other,,,,294.4780476,,12.0,31.44775041,0.06103340838784364,0.4,0.0,0.11654132216301652,0.0,0.0,0.0
0,78724.0,80355.0,Other,24.0,0.0,0.0,335.0741426,1.0,46.0,31.1772613,0.02008735277949525,0.4,78724.0,0.06269918494335058,61699.13294350415,4935.930635480332,4935.930635480331
1,59793.0,98314.0,Self,2.2,0.0,0.0,120.7333333,0.0,8.0,,0.28937484472155084,0.4,59793.0,0.18695744517984803,139734.33149548317,11178.746519638655,11178.746519638653
1,65875.0,76000.0,Mgr,0.8,2.0,0.0,84.0,1.0,12.0,,0.47985548985634846,0.4,65875.0,0.1653111046013869,136123.36269520453,10889.869015616363,10889.869015616361
0,45582.0,89005.0,,2.0,0.0,0.0,209.3580469,4.0,30.0,29.59595551,0.08807370857631942,0.4,45582.0,0.13791950156790012,78583.0840058503,6286.646720468024,6286.646720468023
0,92659.0,117352.0,ProfExe,6.0,0.0,0.0,199.0119272,0.0,27.0,26.52004952,0.04826579587492582,0.4,92659.0,0.10348509526107914,119860.31802245416,9588.825441796333,9588.825441796333
0,58052.0,70091.0,ProfExe,9.0,0.0,4.0,153.7804385,1.0,30.0,21.71959598,0.5382265747981098,0.4,58052.0,0.15254112709205125,110691.46887434699,8855.31750994776,8855.31750994776
0,49498.0,64296.0,Mgr,6.0,,4.0,111.2065132,1.0,10.0,38.57713194,0.8808905588700902,0.4,49498.0,0.045653135374940534,28246.73618486008,2259.7388947888066,2259.7388947888066
0,79667.0,96988.0,ProfExe,1.0,,,,,,29.83596072,0.09324338142350891,0.4,79667.0,0.14126994024472703,140681.90411845836,11254.55232947667,11254.552329476668
1,12476.0,32559.0,Office,12.0,3.0,6.0,227.1299051,0.0,23.0,23.31951678,0.9210909374333738,0.4,12476.0,0.03063316547446089,4777.242155742176,382.17937245937406,382.17937245937406
0,69357.0,73726.0,Sales,3.0,2.0,0.0,163.2839332,1.0,22.0,42.40781425,0.7009476185572235,0.4,69357.0,0.1073216260125431,93043.82519189939,7443.506015351952,7443.506015351952
0,26655.0,29792.0,Other,1.0,1.0,0.0,12.75926745,10.0,6.0,28.36185178,0.6634769151603297,0.4,26655.0,0.11878639695700072,39578.14263611068,3166.2514108888545,3166.251410888854
1,25144.0,45200.0,Other,25.0,0.0,2.0,128.0,4.0,17.0,,0.5547637641950872,0.4,25144.0,0.14854426980994848,46687.46400126681,3734.997120101345,3734.9971201013445
0,99131.0,125652.0,Other,8.0,,,419.3751538,1.0,50.0,42.24492757,0.026297459484283667,0.4,99131.0,0.07374301746665562,91377.73830608798,7310.219064487039,7310.219064487039
0,76577.0,83200.0,,5.0,,,,,,22.05503421,0.05588210915257926,0.4,76577.0,0.11155512124235104,106781.95649219395,8542.556519375516,8542.556519375516
0,47251.0,58157.0,Other,0.0,0.0,,104.7924684,,13.0,36.41688697,0.22312528690769118,0.4,47251.0,0.18336430897159794,108301.83704021218,8664.146963216974,8664.146963216974
0,53476.0,70157.0,ProfExe,7.0,0.0,3.0,164.3154099,1.0,30.0,21.13798157,0.3267052011781162,0.4,53476.0,0.18585815270023556,124236.88217247245,9938.950573797796,9938.950573797796
0,81116.0,86148.0,ProfExe,8.0,0.0,0.0,262.1754261,0.0,11.0,42.06826818,0.12565551682543677,0.4,81116.0,0.1583309669850712,160539.68397451294,12843.174717961036,12843.174717961036
0,17491.0,63614.0,Office,23.0,0.0,0.0,325.2993087,0.0,12.0,40.24440437,0.03631576188897193,0.4,17491.0,0.08874852951608682,19403.756622073433,1552.3005297658747,1552.3005297658744
0,65215.0,74332.0,Mgr,9.0,,1.0,213.8321032,0.0,24.0,40.64461955,0.21375200979540718,0.4,65215.0,0.18215207049618645,148488.09096760998,11879.0472774088,11879.0472774088
0,62746.0,75016.0,ProfExe,12.0,0.0,0.0,133.1015478,0.0,20.0,40.18812313,0.17668076550859235,0.4,62746.0,0.17519446034407646,137409.3951093678,10992.751608749424,10992.751608749422
0,76732.0,78084.0,Other,8.0,0.0,0.0,109.1930214,0.0,26.0,37.96455432,0.16070089915421268,0.4,76732.0,0.1709559179741194,163972.36872487664,13117.789497990132,13117.78949799013
0,70035.0,78635.0,Sales,3.0,0.0,0.0,147.0771635,0.0,31.0,31.20612976,0.20921585454554878,0.4,70035.0,0.18149197557854674,158884.881370544,12710.79050964352,12710.79050964352
0,39687.0,51666.0,Office,9.0,,,177.591354,,19.0,26.1209597,0.035499527630059396,0.4,39687.0,0.08762983224123055,43472.06440197146,3477.765152157717,3477.765152157717
0,51436.0,91284.0,,4.0,0.0,0.0,209.6428984,2.0,30.0,31.97197121,0.07904172307142937,0.4,51436.0,0.13155419096068074,84582.76707816968,6766.621366253575,6766.621366253575
0,44968.0,62747.0,Other,0.0,1.0,,101.3914453,,12.0,36.60294734,0.3531708129404094,0.4,44968.0,0.18398355832784424,103417.15813608126,8273.3726508865,8273.3726508865
0,9113.0,46351.0,Self,,0.0,0.0,202.2507958,0.0,11.0,45.11431939,0.31389464737192935,0.4,9113.0,0.1864516575401248,21239.174439539467,1699.1339551631575,1699.1339551631572
0,28041.0,33438.0,Other,1.0,1.0,0.0,10.42564285,10.0,6.0,29.75370028,0.6873375119234059,0.4,28041.0,0.1115494381237526,39099.47243035183,3127.9577944281464,3127.957794428147
0,57887.0,74776.0,Mgr,3.0,0.0,1.0,126.3286437,0.0,22.0,28.75634543,0.18088779823774928,0.4,57887.0,0.17617578479364637,127478.5956793726,10198.28765434981,10198.287654349808
0,47949.0,53102.0,Office,9.0,,,180.8412499,,19.0,27.83900666,0.0390177194544847,0.4,47949.0,0.09233941816554116,55344.78452024417,4427.582761619534,4427.582761619533
0,,37448.0,Other,,,,333.2308999,,11.0,29.01198058,0.04286382225845469,0.4,0.0,0.09717596558630069,0.0,0.0,0.0
1,60054.0,70434.0,Other,1.0,0.0,0.0,127.0627016,2.0,21.0,37.80035293,0.20712266010723315,0.4,60054.0,0.18117064803688188,136000.2762150863,10880.022097206906,10880.022097206904
0,80739.0,97630.0,ProfExe,1.0,,,,,,30.53126454,0.0973375471248755,0.4,80739.0,0.1437850523843649,145113.26680576545,11609.061344461237,11609.061344461237
0,63144.0,76754.0,Mgr,2.0,0.0,2.0,129.0777116,0.0,23.0,29.05543313,0.3242762249741219,0.4,63144.0,0.18598710844768448,146799.62469775736,11743.96997582059,11743.96997582059
0,33639.0,37345.0,ProfExe,11.0,0.0,0.0,191.0756559,0.0,13.0,24.22731934,0.05706727719828496,0.4,33639.0,0.11273379574201609,47403.151937070994,3792.2521549656794,3792.252154965679
0,78741.0,90599.0,ProfExe,0.0,,,,,,29.19886067,0.09018915840779669,0.4,78741.0,0.13931487892019132,137122.4110131848,10969.792881054786,10969.792881054784
0,51724.0,87770.0,,4.0,0.0,0.0,209.3263116,4.0,29.0,30.3434486,0.09305155496984498,0.4,51724.0,0.14114917048205824,91259.99617517476,7300.799694013981,7300.799694013981
1,13600.0,,Other,14.0,2.0,5.0,115.3666667,1.0,16.0,,0.9716109537528188,0.4,13600.0,0.011202218150138998,1904.3770855236298,152.3501668418904,152.35016684189037
1,48000.0,61000.0,Other,1.0,1.0,0.0,97.2997561,6.0,38.0,,0.3453265086484666,0.4,48000.0,0.18462610469943908,110775.66281966344,8862.053025573076,8862.053025573076
1,65000.0,80400.0,Other,15.0,0.0,0.0,224.8666667,0.0,13.0,,0.09124881604250147,0.4,65000.0,0.14000103309321632,113750.83938823827,9100.067151059062,9100.06715105906
0,22789.0,35836.0,Office,1.0,0.0,0.0,110.5666667,2.0,30.0,,0.08524653203902449,0.4,22789.0,0.13599986359431782,38741.26114313636,3099.300891450909,3099.3008914509087
0,75113.0,115900.0,Office,29.0,0.0,0.0,332.7333333,2.0,38.0,,0.01692921784065388,0.4,75113.0,0.05638044808401979,52936.30746168723,4234.904596934979,4234.904596934978
0,55000.0,88300.0,Office,29.0,0.0,0.0,234.4,1.0,17.0,,0.04181932991530344,0.4,55000.0,0.0958926421995298,65926.19151217674,5274.095320974139,5274.095320974139
0,60000.0,70000.0,ProfExe,9.0,0.0,0.0,54.76666667,2.0,24.0,,0.22347940405565034,0.4,60000.0,0.18340621976487692,137554.6648236577,11004.373185892615,11004.373185892615
0,70300.0,107500.0,Office,1.0,0.0,0.0,242.4666667,1.0,38.0,,0.030219040763164246,0.4,70300.0,0.07997047273809023,70274.05291859679,5621.924233487744,5621.924233487743
1,96314.0,105800.0,ProfExe,27.0,0.0,0.0,475.8,2.0,40.0,,0.014423631308325023,0.4,96314.0,0.050936513166007426,61323.741613385486,4905.899329070839,4905.8993290708395
0,81145.0,117530.0,Office,29.0,0.0,0.0,327.2006385,1.0,38.0,34.34583769,0.014816845351390218,0.4,81145.0,0.05181944359110453,52561.10937750222,4204.888750200177,4204.888750200177
0,,70886.0,,,,,,,,23.47088075,0.06042653220195771,0.4,0.0,0.11597192859885293,0.0,0.0,0.0
1,183860.0,208910.0,ProfExe,4.0,6.0,0.0,86.45222694,6.0,29.0,69.8005248,0.992777329953727,0.4,183860.0,0.0028735166221571795,6604.059576872738,528.3247661498191,528.324766149819
0,58689.0,72557.0,Other,0.0,0.0,1.0,94.00805286,2.0,18.0,34.89841307,0.38188146924250244,0.4,58689.0,0.18105446275128612,132823.81705512787,10625.90536441023,10625.905364410231
0,62380.0,89742.0,Office,31.0,0.0,0.0,232.5272907,0.0,16.0,26.16049489,0.021068470851150666,0.4,62380.0,0.06455604179012996,50337.57358585383,4027.005886868307,4027.005886868307
0,74376.0,84855.0,,3.0,,,,,,20.02835351,0.04965421178315289,0.4,74376.0,0.10502402255534021,97640.83376969979,7811.2667015759835,7811.2667015759835
0,,48800.0,,0.0,0.0,0.0,,0.0,0.0,12.21943615,0.04153297412195989,0.4,0.0,0.09553698247159548,0.0,0.0,0.0
0,68733.0,81973.0,Other,5.0,0.0,0.0,96.9776672,0.0,14.0,42.21104678,0.2698835071188771,0.4,68733.0,0.1867111038557011,160415.1787664238,12833.214301313905,12833.214301313905
0,40926.0,50486.0,Office,10.0,,,179.8008681,,19.0,27.53237611,0.03821396298431965,0.4,40926.0,0.09128871523922677,46701.02449850743,3736.0819598805947,3736.0819598805947
0,95450.0,112630.0,Office,23.0,0.0,0.0,122.8155841,0.0,12.0,36.77345872,0.08958863804752783,0.4,95450.0,0.1389222596561613,165751.62105225745,13260.129684180596,13260.129684180598
0,,46516.0,,0.0,0.0,0.0,,0.0,0.0,14.84599073,0.04929298922641753,0.4,0.0,0.10462671222331106,0.0,0.0,0.0
0,98415.0,126636.0,Other,11.0,,,423.2096241,2.0,49.0,40.95709032,0.02692408559072591,0.4,98415.0,0.07477275902601777,91984.51349431924,7358.761079545539,7358.761079545538
0,,55396.0,,,,,,,,15.70399156,0.036454168845707326,0.4,0.0,0.0889366182197774,0.0,0.0,0.0
0,55113.0,56486.0,Other,4.0,0.0,0.0,84.41703046,0.0,17.0,23.64285383,0.09524042014391411,0.4,55113.0,0.14251151616080035,98177.96487712738,7854.237190170191,7854.23719017019
1,60301.0,70543.0,ProfExe,5.0,0.0,0.0,195.7808633,0.0,19.0,32.39759341,0.08542630979106496,0.4,60301.0,0.136123842888439,102605.048125197,8208.40385001576,8208.40385001576
0,,30544.0,Other,2.0,0.0,0.0,283.8972313,0.0,14.0,24.12045156,0.035047113839263816,0.4,0.0,0.08700268077998274,0.0,0.0,0.0
0,49367.0,59609.0,Other,6.0,0.0,0.0,99.30370078,0.0,17.0,25.23136638,0.0958283367652229,0.4,49367.0,0.14287163481714615,88164.29995022567,7053.143996018054,7053.143996018054
0,58741.0,68225.0,ProfExe,9.0,0.0,3.0,173.5744163,1.0,31.0,23.58701323,0.3436245114007805,0.4,58741.0,0.18475608945222244,135659.4681314125,10852.757450513,10852.757450512998
1,27510.0,42495.0,Other,2.0,0.0,2.0,171.5264892,3.0,27.0,41.42859751,0.5515345143824555,0.4,27510.0,0.14933694727976476,51353.242745829106,4108.2594196663285,4108.2594196663285
1,,81239.0,Other,19.0,,,,,,40.8949317,0.16301094700944715,0.4,0.0,0.17162113684917,0.0,0.0,0.0
0,69773.0,83014.0,Other,0.0,1.0,0.0,263.1734343,0.0,5.0,37.70699649,0.18874974517835202,0.4,69773.0,0.1778699836409295,155131.5296072322,12410.522368578575,12410.522368578575
0,51855.0,58084.0,Office,21.0,0.0,0.0,193.7547457,0.0,19.0,19.5495717,0.01693522956343348,0.4,51855.0,0.05639301735181036,36553.24893472658,2924.2599147781266,2924.259914778126
0,48430.0,64358.0,Other,0.0,1.0,,108.3517475,,13.0,38.89419475,0.3745679160539862,0.4,48430.0,0.18188323942364773,110107.56606609073,8808.605285287258,8808.60528528726
0,29662.0,36195.0,Office,1.0,0.0,0.0,112.1370807,1.0,30.0,38.52863281,0.09408162724090496,0.4,29662.0,0.14179456039943186,52573.87813209935,4205.910250567948,4205.9102505679475
0,66587.0,70710.0,ProfExe,9.0,1.0,0.0,43.92338263,1.0,24.0,39.73857627,0.4026438974806357,0.4,66587.0,0.17841364618945293,148500.36823521377,11880.029458817102,11880.029458817102
1,,20631.0,Mgr,4.0,0.0,0.0,174.7218341,1.0,8.0,62.24645112,0.5373591213060006,0.4,0.0,0.1527464325506614,0.0,0.0,0.0
0,54161.0,59714.0,Office,20.0,0.0,0.0,209.2063004,0.0,20.0,20.20351771,0.015921984665100978,0.4,54161.0,0.054242490620435804,36722.8441811678,2937.827534493424,2937.8275344934236
0,134616.0,155034.0,ProfExe,13.0,1.0,0.0,215.4224064,0.0,19.0,19.49387198,0.05538172353808639,0.4,134616.0,0.11105158699359488,186866.5054341221,14949.320434729769,14949.320434729769
0,136951.0,160306.0,ProfExe,11.0,0.0,0.0,219.7356734,1.0,18.0,20.8850935,0.039750394016502266,0.4,136951.0,0.09328477144528453,159693.03417753952,12775.442734203161,12775.442734203161
0,138691.0,160063.0,ProfExe,12.0,0.0,0.0,208.420843,0.0,19.0,19.33336736,0.03273776719680972,0.4,138691.0,0.08371915373721323,145138.664387098,11611.09315096784,11611.09315096784
0,49809.0,65074.0,Mgr,7.0,,4.0,116.6327333,3.0,10.0,39.21502891,0.9064046188801853,0.4,49809.0,0.03616662922644065,22517.79543924728,1801.4236351397824,1801.4236351397824
0,78292.0,86959.0,,3.0,,,,,,18.92721164,0.04622252523410378,0.4,78292.0,0.10116071910176494,99000.93774894226,7920.075019915381,7920.075019915381
0,139578.0,154602.0,ProfExe,12.0,0.0,0.0,201.9608343,0.0,18.0,22.32582879,0.04227271075159989,0.4,139578.0,0.09645236322559514,168282.84942877648,13462.62795430212,13462.62795430212
0,57439.0,74816.0,Mgr,2.0,0.0,2.0,126.3032351,0.0,22.0,27.11865353,0.30424185739560394,0.4,57439.0,0.18675314569661877,134086.42419585108,10726.913935668086,10726.913935668086
0,76074.0,88178.0,Other,22.0,0.0,0.0,341.4650556,0.0,46.0,27.52324614,0.01347253713884984,0.4,76074.0,0.04875266279898757,46360.12587212726,3708.810069770181,3708.8100697701807
1,31000.0,42000.0,Mgr,3.5,1.0,0.0,106.2666667,2.0,26.0,,0.2678152320227066,0.4,31000.0,0.18664852284214167,72326.3026013299,5786.1042081063915,5786.1042081063915
0,45150.0,57150.0,Office,4.0,0.0,1.0,94.33333333,3.0,12.0,,0.27592523745235464,0.4,45150.0,0.18685292204950069,105455.11788168695,8436.409430534955,8436.409430534955
0,56155.0,57912.0,Office,21.0,0.0,0.0,206.3063213,0.0,20.0,21.79851308,0.017902327912192633,0.4,56155.0,0.05838682905619363,40983.90482063191,3278.712385650553,3278.712385650553
1,,27410.0,Mgr,6.0,1.0,0.0,2.033333333,1.0,5.0,,0.4854958387481072,0.4,0.0,0.164174957755272,0.0,0.0,0.0
0,178559.0,247611.0,Sales,,0.0,0.0,127.2341411,0.0,22.0,42.08390168,0.4278840577330152,0.4,178559.0,0.17466763155006593,389855.97027435276,31188.477621948223,31188.477621948223
0,,72310.0,Office,1.0,0.0,0.0,48.81883648,0.0,3.0,40.78739323,0.2226941008241536,0.4,0.0,0.18331290203565942,0.0,0.0,0.0
0,71666.0,99913.0,Other,0.0,0.0,1.0,196.4649989,0.0,31.0,35.76160473,0.16922983637321914,0.4,71666.0,0.1733220081766873,155266.18797488092,12421.295037990474,12421.295037990472
0,75964.0,88754.0,Mgr,19.0,0.0,1.0,298.7004822,0.0,23.0,39.10750164,0.12403335697961608,0.4,75964.0,0.1576163710693092,149664.62514886254,11973.170011909004,11973.170011909004
0,75880.0,113612.0,Office,1.0,0.0,0.0,230.8055881,1.0,38.0,17.96588344,0.010412867597258863,0.4,75880.0,0.041197084644208036,39075.43478503132,3126.0347828025056,3126.0347828025056
0,70717.0,87466.0,Other,2.0,0.0,0.0,112.5890607,0.0,15.0,41.4280899,0.24170924732200855,0.4,70717.0,0.18520319235915694,163712.67692578127,13097.014154062503,13097.0141540625
0,53776.0,51952.0,Other,5.0,0.0,0.0,87.90011834,0.0,17.0,22.28699748,0.08538525421556883,0.4,53776.0,0.13609555310443439,91483.43079680079,7318.674463744063,7318.674463744063
1,53328.0,58088.0,Sales,2.0,0.0,0.0,101.5319079,0.0,21.0,35.76405836,0.37447040921788755,0.4,53328.0,0.18189391840475586,121250.48600861026,9700.03888068882,9700.03888068882
1,5816.0,,Mgr,23.0,0.0,2.0,67.8,1.0,18.0,,0.5320018464766427,0.4,5816.0,0.15400454383073853,11196.13033649469,895.6904269195753,895.6904269195753
1,57257.0,63752.0,Other,10.0,2.0,0.0,138.234778,0.0,22.0,38.37246088,0.36690538815851276,0.4,57257.0,0.1826921073612571,130755.02488979373,10460.401991183498,10460.401991183498
1,37055.0,83000.0,Sales,1.0,0.0,0.0,122.2666667,2.0,43.0,,0.2830976931719327,0.4,37055.0,0.18694410339279044,86590.17189024812,6927.21375121985,6927.21375121985
0,97662.0,110046.0,Office,24.0,0.0,0.0,111.1233973,0.0,11.0,37.25315085,0.09968538338759712,0.4,97662.0,0.14517511374130015,177226.14947753568,14178.091958202855,14178.091958202856
0,49000.0,68280.0,Other,1.0,0.0,0.0,61.9,8.0,22.0,,0.40480048515477957,0.4,49000.0,0.17811587352072333,109095.97253144304,8727.677802515444,8727.677802515444
0,,57067.0,,,,,,,,14.37098595,0.033387258004019545,0.4,0.0,0.08465688541740518,0.0,0.0,0.0
0,50387.0,68443.0,Mgr,7.0,,3.0,105.827329,2.0,10.0,40.71766885,0.82002379367853,0.4,50387.0,0.06759905378437546,42576.41903791658,3406.1135230333266,3406.113523033326
0,49932.0,66042.0,Office,20.0,0.0,0.0,204.4845828,0.0,19.0,21.85549413,0.018700428916595558,0.4,49932.0,0.05999169058769538,37443.81368031007,2995.505094424806,2995.5050944248055
0,51384.0,84689.0,,4.0,0.0,0.0,224.2470369,3.0,29.0,30.52615072,0.07690669707490859,0.4,51384.0,0.12994607570475783,83464.36442516596,6677.1491540132765,6677.1491540132765
0,,36191.0,Other,,,,311.8698993,,12.0,30.79062077,0.05309797044862403,0.4,0.0,0.10870768747701683,0.0,0.0,0.0
0,98779.0,124827.0,Other,9.0,,,421.541928,1.0,49.0,40.82887293,0.02400684432570231,0.4,98779.0,0.06985554634103235,86253.26265026043,6900.261012020834,6900.261012020834
0,73873.0,111781.0,Office,0.0,0.0,0.0,231.7999135,0.0,38.0,19.27357946,0.009987108244557388,0.4,73873.0,0.04007152045710004,37002.54288409188,2960.2034307273507,2960.203430727351
0,74795.0,99149.0,Other,1.0,0.0,1.0,175.5714428,0.0,32.0,34.44966467,0.16981001189137107,0.4,74795.0,0.17347416244493952,162187.49975086565,12974.999980069253,12974.999980069251
0,,47462.0,Other,,,,102.6573271,,9.0,36.09407143,0.22911625777976538,0.4,0.0,0.1840364782177667,0.0,0.0,0.0
0,78284.0,98214.0,Other,0.0,0.0,1.0,171.8383862,0.0,31.0,36.24796303,0.19587224434863823,0.4,78284.0,0.17925508544157465,175410.0638588529,14032.805108708231,14032.80510870823
0,58128.0,93740.0,ProfExe,5.0,0.0,0.0,213.3630277,2.0,24.0,34.47530193,0.10134206572428732,0.4,58128.0,0.1461338700986702,106180.87001369377,8494.469601095501,8494.469601095501
0,81335.0,81018.0,Other,22.0,0.0,0.0,341.6105761,1.0,47.0,27.76729977,0.015244803212387073,0.4,81335.0,0.05276776149099567,53648.32351087666,4291.865880870133,4291.865880870133
0,52287.0,87972.0,ProfExe,7.0,0.0,0.0,211.2844132,1.0,24.0,33.46140225,0.0842798230072469,0.4,52287.0,0.13532865983130157,88449.12045749082,7075.929636599266,7075.929636599265
0,58339.0,72432.0,Mgr,10.0,,1.0,197.3383979,0.0,24.0,39.84308734,0.21984594620984912,0.4,58339.0,0.18296292009642193,133423.4224438145,10673.87379550516,10673.873795505158
0,46238.0,66842.0,Office,4.0,0.0,0.0,90.38040908,3.0,11.0,36.30952679,0.16686377118255838,0.4,46238.0,0.17269008673793992,99810.55288236082,7984.844230588866,7984.844230588867
1,142251.0,157250.0,Other,5.0,0.0,0.0,87.83333333,4.0,21.0,,0.25478595997840975,0.4,142251.0,0.18608329449556854,330881.684066114,26470.534725289122,26470.53472528912
1,19894.0,32500.0,Other,4.0,0.0,0.0,134.7,1.0,16.0,,0.1643339834880679,0.4,19894.0,0.171993864099492,42770.57415494117,3421.6459323952936,3421.6459323952936
1,27290.0,63500.0,Office,6.0,,,,,,,0.06414423478138397,0.4,27290.0,0.11938868682830835,40726.465794306685,3258.117263544535,3258.1172635445346
1,18000.0,46520.0,Office,17.0,0.0,1.0,183.1,0.0,23.0,,0.0972554982989117,0.4,18000.0,0.14373579822391816,32340.554600381587,2587.244368030527,2587.244368030527
1,66000.0,86300.0,Other,3.0,1.0,1.0,242.4333333,0.0,8.0,,0.3034794386029411,0.4,66000.0,0.18677142340918487,154086.42431257752,12326.913945006203,12326.913945006201
1,46000.0,66660.0,Office,1.0,0.0,1.0,138.2333333,0.0,9.0,,0.1776392591663195,0.4,46000.0,0.1754227510512487,100868.081854468,8069.4465483574395,8069.4465483574395
0,120000.0,175450.0,Other,8.0,0.0,0.0,219.1666667,1.0,20.0,,0.09580691235739539,0.4,120000.0,0.14285855421912103,214287.83132868155,17143.026506294525,17143.026506294522
0,58843.0,75300.0,Other,1.5,0.0,0.0,103.6666667,0.0,7.0,,0.20554132940382283,0.4,58843.0,0.18092076182898242,133074.00485378515,10645.920388302813,10645.920388302813
0,7000.0,31200.0,Other,5.0,0.0,0.0,265.0666667,0.0,12.0,,0.07983010605153286,0.4,7000.0,0.13213756150883382,11562.036632022959,924.9629305618367,924.9629305618367
0,29000.0,49000.0,Other,11.0,0.0,0.0,234.4,1.0,32.0,,0.06721530559364315,0.4,29000.0,0.12208779911434993,44256.82717895185,3540.5461743161477,3540.546174316148
0,5768.0,26600.0,,,,,,,,,0.12287613667008887,0.4,5768.0,0.1570986157876793,11326.810198291678,906.1448158633342,906.1448158633342
0,56636.0,76353.0,Other,15.0,0.0,0.0,229.3,1.0,36.0,,0.061850162573845346,0.4,56636.0,0.11730034646324268,83042.78027865266,6643.422422292213,6643.422422292212
0,55000.0,63000.0,Other,5.0,0.0,0.0,84.73333333,3.0,20.0,,0.2378515615731664,0.4,55000.0,0.18488018000269382,127105.12375185199,10168.409900148159,10168.40990014816
0,46225.0,59000.0,Other,16.0,0.0,4.0,219.1333333,0.0,37.0,,0.5819500638163018,0.4,46225.0,0.14164597120414232,81844.81273639349,6547.585018911479,6547.585018911479
1,53194.0,81150.0,ProfExe,14.0,7.0,0.0,183.6333333,2.0,28.0,,0.8779987638589902,0.4,53194.0,0.04671799755189965,31063.964522196875,2485.11716177575,2485.11716177575
1,83000.0,97635.0,Other,5.6,3.0,0.0,141.0,0.0,10.0,,0.522614096389627,0.4,83000.0,0.15616773004257767,162024.01991917432,12961.921593533945,12961.921593533947
1,138841.0,160000.0,Mgr,11.0,8.0,0.0,86.2,2.0,36.0,,0.949748850465217,0.4,138841.0,0.019685923802347197,34165.16683302109,2733.213346641687,2733.213346641687
1,38800.0,53500.0,ProfExe,15.0,0.0,0.0,96.36666667,0.0,18.0,,0.15975707313800347,0.4,38800.0,0.17067877777306395,82779.20721993603,6622.336577594882,6622.336577594881
1,25000.0,49840.0,Office,0.6,0.0,0.0,139.0,0.0,13.0,,0.08211901190033735,0.4,25000.0,0.1338002296714334,41812.57177232294,3345.005741785835,3345.005741785835
1,18000.0,25000.0,Other,6.5,1.0,0.0,205.9666667,1.0,19.0,,0.1755495233851463,0.4,18000.0,0.17492139590761166,39357.31407921262,3148.5851263370096,3148.58512633701
1,74500.0,81600.0,ProfExe,2.0,2.0,0.0,340.9,0.0,29.0,,0.10957325778102994,0.4,74500.0,0.15064017712931474,140283.66495167435,11222.693196133949,11222.693196133949
1,64300.0,119500.0,Other,1.0,1.0,0.0,54.83333333,0.0,8.0,,0.37844794346589516,0.4,64300.0,0.18145034711437194,145840.71649317644,11667.257319454116,11667.257319454116
0,64255.0,68389.0,Other,4.0,0.0,0.0,80.15243091,2.0,19.0,40.56186054,0.2991913550224081,0.4,64255.0,0.18685876581048816,150082.62496441146,12006.609997152917,12006.609997152917
1,,96783.0,Other,20.0,,,,,,40.73031534,0.1605564745210574,0.4,0.0,0.17091371235766775,0.0,0.0,0.0
0,129959.0,161301.0,ProfExe,11.0,0.0,0.0,209.9862995,0.0,18.0,21.91795226,0.03958670223089165,0.4,129959.0,0.09307457704912496,151198.48698409038,12095.878958727231,12095.878958727231
0,58114.0,93391.0,ProfExe,6.0,0.0,0.0,200.0777551,1.0,24.0,31.73651179,0.08089138657816816,0.4,58114.0,0.1329141609176557,96552.16934460805,7724.173547568644,7724.173547568644
0,16047.0,67750.0,Office,21.0,0.0,0.0,315.3214527,0.0,12.0,38.6936558,0.03517015958774787,0.4,16047.0,0.0871737584584284,17485.966274780007,1398.8773019824005,1398.8773019824005
1,39000.0,55000.0,Other,12.0,0.0,1.0,192.7666667,2.0,31.0,,0.19037286976922085,0.4,39000.0,0.1781978639014711,86871.45865196717,6949.7166921573735,6949.7166921573735
1,54000.0,74800.0,Mgr,7.5,1.0,1.0,71.0,4.0,18.0,,0.60147687636606,0.4,54000.0,0.13645470341229135,92106.92480329666,7368.553984263733,7368.553984263733
0,,74753.0,Office,2.0,0.0,0.0,48.85464465,0.0,4.0,41.3025469,0.2235975790033224,0.4,0.0,0.1834201444517126,0.0,0.0,0.0
0,98490.0,114457.0,Office,23.0,0.0,0.0,116.1000871,0.0,11.0,35.60189425,0.08817786682746001,0.4,98490.0,0.13798901525559626,169881.72640654593,13590.538112523674,13590.538112523676
0,54700.0,68500.0,,19.0,0.0,0.0,155.2,1.0,12.0,,0.14695577027272605,0.4,54700.0,0.16659870936159837,113911.86752599289,9112.949402079432,9112.949402079432
0,,40185.0,Other,3.0,0.0,0.0,272.9226847,1.0,25.0,41.91689953,0.10328719785323548,0.4,0.0,0.14723682032203458,0.0,0.0,0.0
0,25896.0,33580.0,Other,1.0,0.0,0.0,29.85636517,9.0,7.0,28.27147416,0.45747834450591895,0.4,25896.0,0.1695936036190717,54897.449491493506,4391.795959319481,4391.795959319481
0,120176.0,180104.0,Other,8.0,0.0,0.0,221.6073242,0.0,18.0,32.67435897,0.07616583863798433,0.4,120176.0,0.1293782029351095,194351.93644912148,15548.15491592972,15548.154915929717
0,58639.0,72412.0,ProfExe,14.0,0.0,0.0,120.0334646,0.0,20.0,43.67874666,0.22495688346609038,0.4,58639.0,0.18357810259602414,134560.45447660325,10764.83635812826,10764.83635812826
0,57863.0,70969.0,Other,0.0,0.0,0.0,65.87204481,7.0,21.0,26.82949019,0.25715754493595255,0.4,57863.0,0.18620866709690836,134682.4013028551,10774.59210422841,10774.592104228408
0,64850.0,76985.0,Other,0.0,0.0,0.0,108.2171898,0.0,7.0,36.33755756,0.21956243831270164,0.4,64850.0,0.18292708462649251,148285.2679753505,11862.821438028039,11862.821438028039
0,53273.0,54378.0,Other,5.0,0.0,0.0,84.83724997,0.0,17.0,22.86119965,0.08997015682447847,0.4,53273.0,0.13917201374354857,92676.38360200079,7414.110688160064,7414.110688160063
1,54600.0,65000.0,Other,14.0,2.0,1.0,98.43333333,11.0,9.0,,0.8771974263192839,0.4,54600.0,0.04701269996058848,32086.167723101637,2566.893417848131,2566.8934178481313
0,62329.0,78007.0,ProfExe,8.0,0.0,0.0,55.35880309,1.0,23.0,38.64027711,0.25086460781905007,0.4,62329.0,0.18585333365437734,144800.65541679607,11584.052433343686,11584.052433343686
0,57912.0,84806.0,Other,15.0,0.0,0.0,241.5142498,0.0,35.0,35.06267566,0.052767708630712055,0.4,57912.0,0.10836235971757523,78443.5121995527,6275.480975964216,6275.480975964217
0,98691.0,115750.0,Office,22.0,0.0,0.0,118.0001423,0.0,11.0,37.72035861,0.10013269638736269,0.4,98691.0,0.14543576293940622,179415.01100316172,14353.200880252938,14353.200880252938
0,79946.0,113807.0,Office,1.0,0.0,0.0,238.458825,0.0,37.0,18.61728869,0.009335422206947016,0.4,79946.0,0.03830794255116958,38282.08468994754,3062.566775195803,3062.566775195803
0,36264.0,48240.0,Other,15.0,0.0,0.0,82.16666667,0.0,12.0,,0.19278391451769333,0.4,36264.0,0.1786714783087845,80991.78111737201,6479.342489389761,6479.342489389761
1,46000.0,67000.0,Other,24.0,0.0,0.0,142.0,1.0,14.0,,0.1466965840329796,0.4,46000.0,0.16650966030189318,95743.05467358857,7659.444373887086,7659.444373887086
1,43705.0,50000.0,Other,9.0,0.0,2.0,235.3666667,6.0,16.0,,0.49570357757317873,0.4,43705.0,0.16206315715499833,88537.12854324003,7082.970283459203,7082.970283459202
0,,38061.0,Other,,,,299.7527261,,12.0,31.88003318,0.06093888542696941,0.4,0.0,0.11645294257546629,0.0,0.0,0.0
1,15637.0,39660.0,Self,6.0,0.0,1.0,354.2397634,3.0,42.0,33.62413345,0.12096834690477153,0.4,15637.0,0.15623029894691676,30537.16480791172,2442.9731846329373,2442.9731846329373
0,,74610.0,Office,1.0,0.0,0.0,40.18213482,0.0,3.0,37.94125377,0.1988648799284731,0.4,0.0,0.17979640809159597,0.0,0.0,0.0
0,71667.0,117325.0,Office,0.0,0.0,1.0,241.0560781,1.0,38.0,18.51055133,0.022253636182841336,0.4,71667.0,0.06673886825857787,59787.18089359375,4782.9744714875005,4782.9744714875005
1,,76723.0,Other,10.0,0.0,0.0,70.19389019,0.0,11.0,41.25070626,0.29566577955161866,0.4,0.0,0.18691063790809875,0.0,0.0,0.0
0,71509.0,86484.0,,4.0,,,,,,20.09904978,0.049558727473785945,0.4,71509.0,0.10491920659750831,93783.34430726526,7502.667544581221,7502.667544581222
0,22832.0,31666.0,Other,0.0,0.0,0.0,38.00326685,9.0,7.0,28.29568112,0.447655191351659,0.4,22832.0,0.17135507000355635,48904.73697901498,3912.3789583211988,3912.3789583211988
1,58671.0,87975.0,Mgr,3.0,0.0,0.0,74.06666667,1.0,16.0,,0.21382705274904795,0.4,58671.0,0.18216257966220184,133595.75889201305,10687.660711361044,10687.660711361044
1,60890.0,75785.0,Other,6.0,0.0,1.0,45.96666667,0.0,13.0,,0.4034239142369004,0.4,60890.0,0.1783064405614704,135713.48957234915,10857.079165787933,10857.079165787933
1,28500.0,42050.0,Other,3.0,,,,,,,0.12586193869676623,0.4,28500.0,0.1584209742599621,56437.472080111496,4514.99776640892,4514.99776640892
1,60971.32,77375.0,Other,2.0,,,,,,,0.126618029424864,0.4,60971.32,0.1587488878307287,120989.11549464332,9679.129239571466,9679.129239571466
0,131000.0,197500.0,ProfExe,1.5,0.0,0.0,68.03333333,2.0,23.0,,0.22276852857266422,0.4,131000.0,0.18332180490811475,300189.45553703787,24015.15644296303,24015.156442963034
0,55456.0,86766.0,ProfExe,6.0,0.0,0.0,240.0567715,2.0,23.0,31.7246985,0.07501871812689272,0.4,55456.0,0.12848868298874527,89068.35504779824,7125.468403823859,7125.468403823857
0,60973.0,79443.0,Other,14.0,0.0,0.0,239.6202977,1.0,36.0,36.72713636,0.06621612821958918,0.4,60973.0,0.12122142346736142,92390.42316344284,7391.233853075428,7391.233853075428
0,93428.0,118184.0,Other,10.0,,,411.9520505,1.0,50.0,40.39647435,0.023945624171971058,0.4,93428.0,0.06974886123046833,81456.20758800245,6516.496607040196,6516.496607040195
0,49064.0,64225.0,Mgr,6.0,,4.0,106.3759993,1.0,10.0,40.05191523,0.893803027999116,0.4,49064.0,0.040872424317611115,25067.057833990893,2005.3646267192714,2005.3646267192717
0,139348.0,205981.0,ProfExe,1.0,0.0,0.0,60.42476076,2.0,22.0,36.81229063,0.2601007246725372,0.4,139348.0,0.18635013968548622,324593.9908111642,25967.519264893137,25967.519264893133
0,32832.0,50798.0,Other,10.0,0.0,0.0,221.3384208,1.0,31.0,36.00942149,0.0797831698019615,0.4,32832.0,0.13210298587291028,54215.06540224238,4337.20523217939,4337.20523217939
0,75311.0,89905.0,ProfExe,0.0,,,,,,27.20199961,0.07960428983528287,0.4,75311.0,0.1319710341328401,124235.881894729,9938.87055157832,9938.87055157832
1,2063.0,100448.0,Other,,0.0,0.0,96.13333333,0.0,14.0,,0.1815960806076751,0.4,2063.0,0.1763357797490313,4547.258920278145,363.7807136222516,363.7807136222516
0,,44651.0,Other,2.0,0.0,0.0,271.9181691,0.0,25.0,42.9300431,0.09870428748218657,0.4,0.0,0.14459876461780272,0.0,0.0,0.0
0,138033.0,163162.0,ProfExe,11.0,0.0,0.0,224.8470425,0.0,19.0,21.05757402,0.033621056128271355,0.4,138033.0,0.0849916630140429,146645.6777602173,11731.654220817385,11731.654220817383
0,88288.0,119677.0,ProfExe,5.0,0.0,0.0,194.37214,1.0,27.0,26.64608364,0.056990787975548955,0.4,88288.0,0.11265831070447899,124329.711693463,9946.376935477041,9946.376935477041
0,75547.0,93839.0,ProfExe,0.0,,,,,,28.16183185,0.08454259854977042,0.4,75547.0,0.1355118702981391,127968.94081766893,10237.515265413514,10237.515265413514
0,48924.0,86612.0,,4.0,0.0,0.0,207.7684144,4.0,30.0,29.93791783,0.08961558666149644,0.4,48924.0,0.13893993749420497,84968.71877458105,6797.497501966484,6797.4975019664835
0,73985.0,114849.0,Office,0.0,0.0,0.0,238.5863034,1.0,38.0,18.42136986,0.010330500005581224,0.4,73985.0,0.04098091016845842,37899.657985167454,3031.9726388133963,3031.9726388133963
0,,54138.0,,1.0,0.0,0.0,,0.0,0.0,12.21967996,0.041261618648248885,0.4,0.0,0.09519840948572583,0.0,0.0,0.0
0,51974.0,59323.0,Other,4.0,0.0,0.0,83.34671188,0.0,18.0,23.39763463,0.09240629377826974,0.4,51974.0,0.14074096018695123,91435.88330945754,7314.870664756603,7314.870664756603
0,56596.0,72861.0,Mgr,3.0,0.0,1.0,141.9621493,0.0,23.0,28.30024564,0.16018820069740022,0.4,56596.0,0.1708057599199404,120836.53485536182,9666.922788428947,9666.922788428947
1,71576.0,89068.0,Sales,0.0,0.0,0.0,94.78223069,0.0,17.0,42.803422,0.5282304457993323,0.4,71576.0,0.1548799762804005,138571.11477807435,11085.689182245947,11085.689182245947
0,65032.0,83184.0,Other,15.0,0.0,0.0,230.4202559,1.0,35.0,35.41511292,0.06503980490465597,0.4,65032.0,0.12018696429190556,97699.98327289002,7815.998661831202,7815.998661831202
0,72739.0,91425.0,ProfExe,3.5,0.0,0.0,128.8333333,0.0,26.0,,0.12385384497058298,0.4,72739.0,0.15753649309565979,143238.08714106499,11459.0469712852,11459.046971285197
0,82412.0,91326.0,Mgr,19.0,0.0,1.0,316.9470825,1.0,24.0,37.90875019,0.1155813954985834,0.4,82412.0,0.15367620893363276,158309.5466329818,12664.763730638544,12664.763730638544
1,,51610.0,ProfExe,4.0,0.0,3.0,158.2666667,2.0,18.0,,0.6634086542401557,0.4,0.0,0.11880677055028568,0.0,0.0,0.0
0,45864.0,57799.0,,7.0,,0.0,65.57119786,,16.0,33.86574535,0.21304156043985842,0.4,45864.0,0.18205192056130792,104370.36605779783,8349.629284623827,8349.629284623827
1,57340.0,80000.0,ProfExe,4.0,0.0,5.0,86.23333333,3.0,14.0,,0.9480702161745185,0.4,57340.0,0.02033257038540222,14573.36982373704,1165.8695858989634,1165.8695858989631
0,47518.0,60252.0,Other,16.0,0.0,3.0,220.6249839,0.0,37.0,26.71153647,0.2644006996312618,0.4,47518.0,0.18652921911257794,110793.69292239349,8863.495433791479,8863.495433791479
0,63573.0,80601.0,Other,4.0,0.0,0.0,111.4351899,0.0,14.0,41.77344662,0.2490444055859102,0.4,63573.0,0.1857368454062745,147598.10591266362,11807.84847301309,11807.84847301309
1,32070.0,36811.0,Other,1.0,1.0,0.0,228.0360001,0.0,6.0,30.16221411,0.14238667651002704,0.4,32070.0,0.1649894072399093,66140.12862729865,5291.210290183892,5291.210290183891
0,44744.0,60518.0,,6.0,,0.0,79.41122999,,16.0,34.39744173,0.2066356193676019,0.4,44744.0,0.1810943428043637,101286.06593048062,8102.885274438449,8102.885274438449
0,,49804.0,,,,,,,,12.39123504,0.029287685164674834,0.4,0.0,0.0785366562216203,0.0,0.0,0.0
0,72097.0,69408.0,Sales,4.0,1.0,0.0,155.3919622,1.0,23.0,41.60098336,0.5564817711173389,0.4,72097.0,0.148120184121923,133487.76143297853,10679.020914638282,10679.020914638282
0,84479.0,104571.0,ProfExe,23.0,0.0,0.0,47.83285134,3.0,14.0,33.07501037,0.2570562921420981,0.4,84479.0,0.1862035230642351,196628.59281179396,15730.287424943517,15730.287424943517
0,88056.0,104794.0,ProfExe,25.0,0.0,0.0,56.75011314,2.0,14.0,30.53890697,0.19255755447864925,0.4,88056.0,0.17862768972074003,196615.49807561855,15729.239846049484,15729.239846049484
0,11358.0,36892.0,Other,5.0,0.0,0.0,286.9228238,0.0,11.0,23.06292573,0.03365568369303972,0.4,11358.0,0.08504112286327126,12073.713418512936,965.8970734810349,965.8970734810349
1,59000.0,72000.0,Office,5.0,0.0,3.0,295.8666667,0.0,19.0,,0.24145359900626595,0.4,59000.0,0.1851827031899117,136572.24360255987,10925.77948820479,10925.779488204791
1,,,Other,21.0,,,158.9,1.0,21.0,,0.11915305640175182,0.4,0.0,0.15538672986497598,0.0,0.0,0.0
1,35945.0,49750.0,Other,3.0,0.0,0.0,122.0666667,0.0,23.0,,0.13732743694349192,0.4,35945.0,0.16310683800313788,73285.9411502849,5862.875292022792,5862.875292022791
1,18400.0,29375.0,Other,6.0,1.0,0.0,147.1,0.0,9.0,,0.24997491377873368,0.4,18400.0,0.18579717464530338,42733.350168419776,3418.668013473582,3418.668013473582
1,63500.0,86125.0,Other,5.0,0.0,0.0,136.1,0.0,8.0,,0.16929358480927317,0.4,63500.0,0.17333878007835335,137587.65668719297,11007.012534975438,11007.012534975438
1,33600.0,50125.0,Other,2.0,0.0,0.0,146.9333333,0.0,18.0,,0.1343253611441812,0.4,33600.0,0.1619376831373869,68013.8269177025,5441.106153416201,5441.1061534162
1,57800.0,109600.0,Mgr,4.0,0.0,1.0,124.1333333,1.0,18.0,,0.2967928764167014,0.4,57800.0,0.1868960330436721,135032.3838740531,10802.590709924249,10802.590709924249
1,,40150.0,Other,5.0,0.0,0.0,,1.0,0.0,,0.18339568087699057,0.4,0.0,0.17673564556862692,0.0,0.0,0.0
1,80440.0,72920.0,Mgr,8.0,0.0,1.0,201.5,0.0,24.0,,0.16557253514729559,0.4,80440.0,0.1723374093010847,173285.2650522407,13862.821204179256,13862.821204179254
1,60000.0,87830.0,Other,5.0,0.0,0.0,153.2666667,2.0,16.0,,0.16652588209096877,0.4,60000.0,0.17259833577939726,129448.75183454795,10355.900146763835,10355.900146763835
1,126000.0,151380.0,ProfExe,18.0,0.0,2.0,75.66666667,1.0,13.0,,0.5658350468956018,0.4,126000.0,0.14578288009999738,229608.03615749587,18368.64289259967,18368.64289259967
0,40936.0,50900.0,,10.0,1.0,0.0,115.6,1.0,26.0,,0.23201138785380307,0.4,40936.0,0.18433370310197894,94323.55587728262,7545.884470182609,7545.88447018261
0,,26850.0,Office,20.0,0.0,0.0,185.6333333,1.0,16.0,,0.059591743315068606,0.4,0.0,0.11518103897712949,0.0,0.0,0.0
0,49100.0,85650.0,Other,18.0,0.0,0.0,178.3346667,0.0,29.0,,0.08236932599354597,0.4,49100.0,0.13397930831081092,82229.8004757602,6578.384038060816,6578.384038060816
1,,71799.0,Mgr,4.0,0.0,3.0,177.5,0.0,22.0,,0.5433522756628364,0.4,0.0,0.1513190472077807,0.0,0.0,0.0
1,39600.0,42000.0,Self,1.0,0.0,0.0,47.7,1.0,15.0,,0.3807475985832457,0.4,39600.0,0.18118651661050672,89687.32572220084,7174.986057776067,7174.986057776066
1,42077.0,91676.0,Office,5.5,1.0,4.0,344.9,1.0,30.0,,0.4544169120919572,0.4,42077.0,0.1701505536604164,89492.81057961677,7159.424846369341,7159.424846369341
1,42721.0,67000.0,Other,15.0,1.0,3.0,126.7666667,2.0,23.0,,0.7804087917925038,0.4,42721.0,0.08132040843045285,43426.1146069672,3474.0891685573765,3474.089168557376
1,,,Other,20.0,,,157.3284228,0.0,20.0,,0.1096909023490361,0.4,0.0,0.1507016071269933,0.0,0.0,0.0
1,12115.0,35910.0,Office,13.0,3.0,6.0,234.9007508,0.0,24.0,24.66227667,0.9222476497134201,0.4,12115.0,0.03019511978557432,4572.673452527911,365.81387620223285,365.8138762022329
0,67778.0,83368.0,ProfExe,15.0,0.0,0.0,227.2920898,0.0,17.0,24.09177036,0.041202525641338715,0.4,67778.0,0.09512447808319317,80591.83594403333,6447.346875522667,6447.346875522667
0,60192.0,76475.0,ProfExe,8.0,0.0,0.0,60.50362521,2.0,24.0,39.28051238,0.2746589599271535,0.4,60192.0,0.1868281959497017,140569.53463255556,11245.562770604445,11245.562770604445
0,57213.0,92458.0,Office,28.0,0.0,0.0,243.1571192,1.0,16.0,23.99235335,0.01990691382180104,0.4,57213.0,0.06235254435160345,44592.2014998536,3567.3761199882883,3567.3761199882883
1,50000.0,80000.0,Other,9.0,,5.0,299.5666667,2.0,18.0,,0.8008541444937416,0.4,50000.0,0.07429722231959039,46435.763949743996,3714.8611159795196,3714.8611159795196
0,133475.0,203936.0,ProfExe,1.0,0.0,0.0,87.45287008,2.0,23.0,37.00596784,0.22883527551957178,0.4,133475.0,0.1840066854332172,307003.65422748326,24560.292338198662,24560.292338198666
0,77518.0,83727.0,,4.0,,,,,,22.65514029,0.058460881277852615,0.4,77518.0,0.11409523654836512,110555.43183445209,8844.434546756167,8844.434546756167
0,48829.0,62357.0,Office,3.0,0.0,1.0,92.94135782,2.0,12.0,35.67227361,0.26362743470466693,0.4,48829.0,0.18649940418828825,113832.2425888741,9106.579407109928,9106.579407109926
0,58622.0,77726.0,Other,15.0,0.0,0.0,249.6337607,2.0,36.0,34.88206644,0.06262475662936856,0.4,58622.0,0.11801258486195516,86476.6718722192,6918.133749777537,6918.133749777536
0,,28593.0,Office,20.0,0.0,0.0,180.1689373,0.0,16.0,35.58340317,0.05678169404537899,0.4,0.0,0.11245155262284211,0.0,0.0,0.0
0,49926.0,58588.0,,5.0,,1.0,64.66010695,,16.0,35.05189677,0.3968679706578762,0.4,49926.0,0.179189825624293,111827.89042648065,8946.231234118452,8946.231234118453
0,80900.0,99525.0,ProfExe,2.0,0.0,0.0,135.6401964,0.0,26.0,34.77708943,0.11998517100267808,0.4,80900.0,0.15577553819059164,157528.0129952358,12602.241039618864,12602.241039618864
0,,40341.0,Other,3.0,0.0,0.0,265.0204754,1.0,25.0,43.30010531,0.1171168207011399,0.4,0.0,0.15441991558887036,0.0,0.0,0.0
0,14776.0,32287.0,,,,,,,,34.88046232,0.12297072158720837,0.4,14776.0,0.15714118593783544,29023.977042718205,2321.9181634174565,2321.9181634174565
0,32243.0,36369.0,ProfExe,12.0,0.0,0.0,180.4157867,0.0,13.0,21.72081838,0.05118209707745755,0.4,32243.0,0.10668124768358288,42996.54336327204,3439.723469061763,3439.723469061763
0,53377.0,86018.0,Other,16.0,0.0,0.0,187.1940112,0.0,28.0,24.21765848,0.04094010468348374,0.4,53377.0,0.09479529126792,63248.60327509708,5059.888262007767,5059.888262007766
0,56622.0,70136.0,Mgr,7.0,,4.0,120.7645092,1.0,11.0,38.13234577,0.8680972559694866,0.4,56622.0,0.05034779369563656,35634.90968292917,2850.7927746343335,2850.792774634333
0,35100.0,45000.0,Office,10.0,0.0,0.0,206.9666667,1.0,23.0,,0.04848746318698744,0.4,35100.0,0.10373294761628232,45512.83076664387,3641.02646133151,3641.0264613315094
0,,67350.0,,,,,,,,,0.12287613667008887,0.4,0.0,0.1570986157876793,0.0,0.0,0.0
0,70451.0,81862.0,Sales,3.0,0.0,0.0,141.2686711,0.0,31.0,31.68194302,0.22048897130236944,0.4,70451.0,0.18304352580600547,161194.99295698613,12895.59943655889,12895.599436558892
0,20887.0,26958.0,Other,0.0,0.0,0.0,17.4607499,10.0,6.0,30.23350474,0.5496006000889646,0.4,20887.0,0.1498088580500154,39113.220226133395,3129.057618090672,3129.0576180906714
1,14589.0,33100.0,Other,3.0,0.0,7.0,122.0666667,0.0,22.0,,0.9759077276764732,0.4,14589.0,0.009521057387561883,1736.283827839254,138.90270622714033,138.9027062271403
0,76056.0,83643.0,Other,22.0,0.0,0.0,353.1956285,0.0,47.0,28.54452887,0.013176858998979706,0.4,76056.0,0.04805916706232496,45689.850126152334,3655.1880100921867,3655.188010092187
0,,68131.0,Office,1.0,0.0,0.0,56.60990629,0.0,3.0,40.49982045,0.2115287592438005,0.4,0.0,0.1818346845468964,0.0,0.0,0.0
0,51045.0,91068.0,Other,20.0,0.0,0.0,179.2409356,0.0,28.0,27.23109397,0.05076751900497511,0.4,51045.0,0.1062352548874072,67784.73232159625,5422.7785857277,5422.7785857277
0,44000.0,57500.0,Other,11.0,0.0,0.0,95.36666667,0.0,23.0,,0.14999098351924525,0.4,44000.0,0.16762193716636273,92192.0654414995,7375.3652353199595,7375.36523531996
1,,11702.0,Other,0.0,0.0,0.0,44.62959157,2.0,7.0,21.27178537,0.16022914412097283,0.4,0.0,0.1708177852103815,0.0,0.0,0.0
0,58399.0,65945.0,Other,1.0,0.0,1.0,106.6313416,2.0,18.0,37.02476444,0.3970454157591944,0.4,58399.0,0.17916644747405958,130789.26707547007,10463.141366037606,10463.141366037606
0,42802.0,52422.0,Office,8.0,,,193.0814529,,18.0,26.49587929,0.03428107150884672,0.4,42802.0,0.08592895565861733,45974.13950125174,3677.931160100139,3677.931160100139
0,58364.0,66688.0,Other,3.0,0.0,2.0,114.512158,3.0,18.0,37.92927387,0.6234503734100627,0.4,58364.0,0.13039137546400995,95127.02796976845,7610.162237581476,7610.162237581477
0,64503.0,85608.0,Other,12.0,0.0,0.0,235.4853772,0.0,35.0,34.42324885,0.053397144191588725,0.4,64503.0,0.10901909820808937,87900.73614645486,7032.058891716389,7032.058891716389
0,69662.0,80498.0,Other,4.0,0.0,0.0,100.428331,0.0,14.0,42.80734195,0.2752746681728314,0.4,69662.0,0.1868405465206212,162696.07689649393,13015.686151719516,13015.686151719514
0,45391.0,61743.0,Other,12.0,0.0,0.0,105.0875938,0.0,22.0,36.70541274,0.1610366134635358,0.4,45391.0,0.17105374303634313,97053.75562703314,7764.300450162651,7764.300450162651
0,48200.0,59000.0,Other,23.0,0.0,0.0,274.9666667,3.0,29.0,,0.06794932224356165,0.4,48200.0,0.12271719074211714,73937.10742212557,5914.968593770046,5914.968593770046
0,55000.0,62800.0,Other,6.0,0.0,0.0,123.0333333,0.0,34.0,,0.10755287111519059,0.4,55000.0,0.1495724440695363,102831.0552978062,8226.484423824497,8226.484423824497
0,38506.0,50309.0,Other,11.0,0.0,0.0,231.0011955,0.0,32.0,35.90611585,0.06466252391222314,0.4,38506.0,0.11985181072471862,57687.67279707519,4615.013823766015,4615.013823766015
0,55394.0,63567.0,Other,23.0,0.0,0.0,262.0143577,2.0,29.0,38.98393849,0.0836809618736883,0.4,55394.0,0.1349089873063886,93414.35553562612,7473.14844285009,7473.14844285009
0,,30320.0,Other,2.0,0.0,0.0,295.1134207,0.0,13.0,23.24567301,0.03172124861724815,0.4,0.0,0.08222816850976433,0.0,0.0,0.0
0,109000.0,123500.0,Self,6.0,0.0,1.0,174.4666667,0.0,19.0,,0.3304585469715094,0.4,109000.0,0.18564415268381107,252940.15803169258,20235.212642535407,20235.212642535407
0,53243.0,95065.0,ProfExe,7.0,0.0,0.0,220.8024443,2.0,24.0,31.82762682,0.08158879658731957,0.4,53243.0,0.13341913129806623,88795.43509628676,7103.634807702941,7103.634807702941
1,67222.0,75189.0,Other,4.0,0.0,0.0,95.67687269,0.0,23.0,36.97971203,0.1759193068729175,0.4,67222.0,0.17501109015556138,147057.44378046435,11764.595502437149,11764.595502437147
0,44682.0,57285.0,,7.0,1.0,0.0,110.0718569,1.0,25.0,25.40901671,0.14592044010641325,0.4,44682.0,0.1662414054512915,92849.98097968259,7427.998478374607,7427.998478374608
0,44690.0,45841.0,Office,10.0,0.0,0.0,185.6215923,0.0,22.0,32.28572409,0.041625946083248946,0.4,44690.0,0.0956526382970539,53433.95506869173,4274.716405495338,4274.716405495338
1,126919.0,166566.0,Mgr,10.0,,,,,,,0.11639763465006961,0.4,126919.0,0.1540731546795812,244435.13398472205,19554.810718777764,19554.810718777764
0,40827.0,55757.0,Other,14.0,0.0,0.0,87.60346244,0.0,11.0,31.8505639,0.16239814045996326,0.4,40827.0,0.17144646643042616,87495.56106193761,6999.644884955009,6999.644884955009
0,,31602.0,Office,20.0,0.0,0.0,192.1211081,0.0,15.0,35.58605153,0.054287559864397025,0.4,0.0,0.10993809351103151,0.0,0.0,0.0
0,,67081.0,Office,1.0,0.0,0.0,59.08154143,0.0,4.0,41.07787822,0.21185660351274826,0.4,0.0,0.1818822242451865,0.0,0.0,0.0
0,,71519.0,Office,0.0,0.0,0.0,55.87386022,0.0,4.0,38.3750913,0.1865500204075113,0.4,0.0,0.17741383710425773,0.0,0.0,0.0
0,77221.0,95316.0,ProfExe,4.0,0.0,0.0,116.3094934,0.0,25.0,35.42979658,0.1388936194831306,0.4,77221.0,0.16370121777779825,158014.646725242,12641.17173801936,12641.171738019359
0,,35422.0,Office,19.0,0.0,0.0,184.3900292,0.0,15.0,37.83671487,0.06590634361317917,0.4,0.0,0.12095053078808703,0.0,0.0,0.0
0,42400.0,53000.0,Other,2.0,0.0,1.0,95.36666667,0.0,20.0,,0.3065690239588477,0.4,42400.0,0.18669228508750546,98946.9110963779,7915.752887710231,7915.752887710231
1,55383.0,70020.0,Other,12.0,2.0,0.0,80.7789415,10.0,8.0,44.85897732,0.8663589967133253,0.4,55383.0,0.05098239844219546,35294.47716155139,2823.558172924111,2823.558172924111
0,,37125.0,Other,,,,285.1110151,,12.0,29.41354976,0.05641529629987809,0.4,0.0,0.11208779589834438,0.0,0.0,0.0
0,78532.0,122952.0,Office,29.0,0.0,0.0,332.6450474,1.0,37.0,35.31155263,0.01566766399915611,0.4,78532.0,0.05369227763792043,52707.02434326459,4216.561947461167,4216.561947461167
0,,75462.0,,,,,,,,23.34502168,0.05994024285120507,0.4,0.0,0.11551229887542169,0.0,0.0,0.0
0,41935.0,53543.0,Office,8.0,0.0,0.0,203.54461,1.0,22.0,31.4916868,0.041071143084828045,0.4,41935.0,0.09495984695550558,49776.76477598908,3982.141182079127,3982.1411820791263
0,53000.0,65960.0,Other,7.5,0.0,0.0,132.5666667,0.0,17.0,,0.14269233817209936,0.4,53000.0,0.16509971207665505,109378.55925078396,8750.284740062718,8750.284740062718
0,49232.0,61221.0,Other,23.0,0.0,0.0,258.1945777,3.0,29.0,41.24661263,0.11068903827613552,0.4,49232.0,0.1512195525947314,93060.51266679772,7444.841013343817,7444.8410133438165
0,45557.0,56235.0,,7.0,,1.0,84.69113488,,16.0,36.50316075,0.38900083642216177,0.4,45557.0,0.18019601328168103,102614.8722134193,8209.189777073543,8209.189777073543
0,61565.0,87624.0,ProfExe,14.0,0.0,0.0,203.9971364,0.0,17.0,23.56256501,0.04570469465018909,0.4,61565.0,0.1005599736798995,77387.18474503765,6190.974779603012,6190.974779603012
0,82547.0,105361.0,ProfExe,24.0,0.0,0.0,52.59326412,2.0,13.0,32.16092259,0.21954244055393835,0.4,82547.0,0.18292455003652122,188748.41039830897,15099.872831864719,15099.872831864717
0,70546.0,81272.0,Sales,4.0,0.0,0.0,119.066922,0.0,31.0,33.3615863,0.26430862818629786,0.4,70546.0,0.1865257236154493,164483.04622719358,13158.643698175487,13158.643698175487
0,177683.0,251771.0,Sales,,0.0,0.0,138.5116009,0.0,22.0,39.73544882,0.3734182497521689,0.4,177683.0,0.18200852385539304,404247.7568024725,32339.820544197803,32339.820544197803
0,75690.0,96517.0,ProfExe,1.0,,,,,,27.33615739,0.07977368999073316,0.4,75690.0,0.13209600018422507,124979.32817429994,9998.346253943995,9998.346253943995
1,49685.0,81020.0,Other,2.0,0.0,3.0,129.3624659,0.0,15.0,47.00097522,0.8179181252209392,0.4,49685.0,0.06834002127715998,42443.424464446165,3395.4739571556934,3395.4739571556934
1,28000.0,41950.0,Office,2.0,0.0,0.0,103.4,1.0,20.0,,0.09613250646299473,0.4,28000.0,0.14305699861291687,50069.94951452091,4005.5959611616727,4005.5959611616727
1,47823.0,63000.0,Other,5.0,0.0,0.0,53.66666667,2.0,18.0,,0.25587718824871725,0.4,47823.0,0.18614225261847828,111273.51183716858,8901.880946973486,8901.880946973486
1,61000.0,90450.0,Other,4.0,2.0,1.0,139.8666667,0.0,9.0,,0.5823536459324891,0.4,61000.0,0.14154062600837727,107924.72733138768,8633.978186511014,8633.978186511014
1,58000.0,73750.0,Mgr,22.0,0.0,4.0,221.4333333,1.0,20.0,,0.6807238359748919,0.4,58000.0,0.11357808898029159,82344.1145107114,6587.529160856912,6587.529160856912
1,33000.0,38500.0,Other,2.0,0.0,0.0,,0.0,0.0,,0.167224152848261,0.4,33000.0,0.17278752757387628,71274.85512422396,5701.988409937917,5701.988409937917
1,33689.3,48000.0,Other,3.0,0.0,0.0,103.7333333,0.0,13.0,,0.18240077618098618,0.4,33689.3,0.1765157555688302,74333.6530510624,5946.692244084992,5946.692244084992
1,47306.0,68350.0,Other,9.0,0.0,0.0,82.63333333,0.0,20.0,,0.171227377671756,0.4,47306.0,0.17384129591693964,102796.70430808433,8223.736344646746,8223.736344646746
0,45000.0,56100.0,Other,9.9,0.0,0.0,92.3,3.0,34.0,,0.17313227234775083,0.4,45000.0,0.17432458408173496,98057.5785459759,7844.606283678073,7844.606283678073
0,69341.0,86900.0,Office,15.0,0.0,1.0,89.26666667,0.0,9.0,,0.20768586416546383,0.4,69341.0,0.18125815882676244,157107.77489008167,12568.621991206533,12568.621991206533
0,70917.0,83500.0,Mgr,8.0,0.0,0.0,107.5,0.0,23.0,,0.13862093722091628,0.4,70917.0,0.1635984892160073,145023.92574664488,11601.91405973159,11601.91405973159
0,,34226.0,Other,,,1.0,75.36666667,1.0,10.0,,0.40838541198502015,0.4,0.0,0.17761143638861832,0.0,0.0,0.0
0,78720.0,86800.0,Other,0.1,4.0,0.0,,0.0,4.0,,0.6598656592892792,0.4,78720.0,0.11986158906847995,117943.80364338428,9435.504291470743,9435.504291470741
0,38758.0,46466.26,Mgr,21.0,1.0,1.0,229.3,1.0,18.0,,0.26617171445411386,0.4,38758.0,0.18659360084609322,90399.93476991101,7231.994781592881,7231.994781592881
0,79200.0,116500.0,Other,8.0,,,,,,,0.12213926560389272,0.4,79200.0,0.15676542526029297,155197.77100769003,12415.821680615203,12415.821680615203
0,63700.0,79754.0,,3.8,0.0,0.0,208.0,0.0,16.0,,0.10058488817358979,0.4,63700.0,0.1456979122738787,116011.96264807592,9280.957011846074,9280.957011846074
0,41000.0,54000.0,Mgr,4.0,0.0,0.0,189.7,1.0,22.0,,0.10622571181978477,0.4,41000.0,0.1488577610831587,76289.60255511884,6103.168204409507,6103.168204409507
0,76600.0,96000.0,Mgr,2.0,0.0,0.0,73.03333333,2.0,24.0,,0.20753260348024982,0.4,76600.0,0.18123442221040326,173531.9592664611,13882.55674131689,13882.55674131689
0,65000.0,93600.0,Other,16.0,,,140.0666667,4.0,16.0,,0.20704107968957158,0.4,65000.0,0.1811579074553478,147190.7998074701,11775.263984597606,11775.263984597606
0,49000.0,60000.0,Mgr,11.0,0.0,0.0,107.5333333,1.0,19.0,,0.1647341382898914,0.4,49000.0,0.17210542392977365,105414.57215698637,8433.16577255891,8433.165772558908
1,37871.0,,ProfExe,15.0,6.0,2.0,179.6333333,0.0,30.0,,0.9351717107820033,0.4,37871.0,0.025278908776804967,11966.71942857976,957.3375542863807,957.3375542863809
1,4500.0,,Other,1.0,3.0,2.0,102.4333333,6.0,15.0,,0.9312749547478243,0.4,4500.0,0.026765423544620637,1505.5550743849108,120.44440595079287,120.44440595079287
1,63152.0,,Other,9.0,1.0,1.0,132.9,1.0,26.0,,0.37651500413217925,0.4,63152.0,0.18166793748858445,143408.66985348857,11472.693588279086,11472.693588279086
1,21944.0,31352.0,Other,0.0,1.0,1.0,33.43333333,9.0,3.0,,0.8496903738704711,0.4,21944.0,0.057027318444480016,15642.593449320868,1251.4074759456694,1251.4074759456694
1,86804.0,113000.0,Other,7.0,1.0,3.0,145.1666667,1.0,20.0,,0.7595789088254901,0.4,86804.0,0.08834175628229919,95855.22265410874,7668.417812328699,7668.417812328699
1,36000.0,115800.0,Other,,0.0,0.0,168.2333333,3.0,30.0,,0.13000360736024658,0.4,36000.0,0.1601836346576951,72082.6355959628,5766.610847677024,5766.610847677024
1,32100.0,36739.0,Other,4.0,0.0,0.0,79.45884505,2.0,8.0,31.27671568,0.22630524568345267,0.4,32100.0,0.1837307951068421,73721.9815366204,5897.758522929632,5897.758522929631
0,47154.0,65458.0,Office,2.0,0.0,0.0,99.99378983,3.0,12.0,38.8737113,0.18259145869842572,0.4,47154.0,0.17655812395611112,104067.7722128308,8325.421777026464,8325.421777026464
1,92487.0,113947.0,Other,8.0,0.0,3.0,151.8173887,0.0,19.0,26.45752445,0.45845556805225135,0.4,92487.0,0.16941431992283434,195857.77758378975,15668.62220670318,15668.62220670318
0,84282.0,121045.0,Office,28.0,0.0,0.0,330.1748556,1.0,37.0,35.36268639,0.01605713064410472,0.4,84282.0,0.05453313215319375,57452.01805169344,4596.161444135475,4596.161444135475
0,57361.0,71167.0,Mgr,2.0,0.0,1.0,130.767035,0.0,22.0,29.38198545,0.1843742453817373,0.4,57361.0,0.1769491100091287,126874.72374042038,10149.97789923363,10149.97789923363
0,80817.0,89515.0,Other,0.0,3.0,0.0,,0.0,4.0,29.63890142,0.43033425103745276,0.4,80817.0,0.17427454540609294,176054.32420105266,14084.345936084213,14084.345936084213
0,,49000.0,Other,11.0,1.0,0.0,310.4,2.0,13.0,,0.12730266761944714,0.4,0.0,0.15904342915866682,0.0,0.0,0.0
0,84730.0,123455.0,Other,9.0,,,,,,40.03264933,0.16433089495197145,0.4,84730.0,0.17199300093190506,182162.08711200394,14572.966968960316,14572.966968960316
0,58006.0,94930.0,ProfExe,4.0,0.0,0.0,223.2029895,2.0,24.0,30.91339584,0.07748408702412779,0.4,58006.0,0.130385098197262,94538.97507537974,7563.11800603038,7563.118006030379
0,,68572.0,Office,1.0,0.0,0.0,53.93513771,0.0,4.0,37.7039115,0.18037211197610753,0.4,0.0,0.17605835865564456,0.0,0.0,0.0
0,43553.0,88242.0,,2.0,0.0,0.0,207.9404687,4.0,30.0,31.32965172,0.09880492952012761,0.4,43553.0,0.14465818391377477,78753.72354995791,6300.297883996633,6300.297883996633
0,78508.0,200133.0,Self,14.0,0.0,0.0,9.1,,8.0,,0.45340540940553725,0.4,78508.0,0.1703329932264526,167156.28290277926,13372.502632222342,13372.50263222234
0,48781.0,50434.0,Other,5.0,0.0,0.0,75.63504768,0.0,18.0,24.54519214,0.10270913621386944,0.4,48781.0,0.14691157280637,89581.16791334418,7166.493433067534,7166.493433067534
0,84822.0,123854.0,Office,31.0,0.0,0.0,340.7444307,2.0,38.0,36.20511455,0.01744094820528783,0.4,84822.0,0.05744253546437509,60904.8842894903,4872.390743159224,4872.390743159224
0,53863.0,74705.0,Other,0.0,0.0,0.0,66.29457039,8.0,21.0,26.04646942,0.2720399470683992,0.4,53863.0,0.1867686784597282,125749.01659845424,10059.92132787634,10059.92132787634
0,78977.0,91995.0,Mgr,19.0,0.0,0.0,296.7470948,1.0,23.0,38.82094029,0.06796648310164564,0.4,78977.0,0.1227318347261051,121162.40138954503,9692.992111163603,9692.992111163603
0,81322.0,97823.0,ProfExe,3.0,0.0,0.0,118.468506,0.0,25.0,32.71677759,0.11755940986767077,0.4,81322.0,0.15463193287884286,157187.22556966572,12574.978045573258,12574.97804557326
0,46380.0,58745.0,Other,7.0,0.0,0.0,78.36008764,0.0,18.0,22.37534117,0.08742233975485988,0.4,46380.0,0.13748285967924656,79705.68789904319,6376.455031923455,6376.455031923456
0,66546.0,84943.0,,3.0,0.0,0.0,225.6909893,0.0,15.0,30.3980051,0.07094593229902806,0.4,66546.0,0.1252263943947973,104166.44551745226,8333.31564139618,8333.31564139618
0,54841.0,71400.0,Office,6.0,0.0,0.0,89.23333333,2.0,15.0,,0.12591374279090856,0.4,54841.0,0.15844353009082973,108615.02042138991,8689.201633711193,8689.201633711193
0,66691.0,82768.0,,4.0,0.0,0.0,184.1934176,0.0,15.0,32.39650949,0.09999527443889114,0.4,66691.0,0.1453558281423771,121174.06918304089,9693.925534643271,9693.925534643271
1,19772.0,39431.0,Other,0.0,0.0,1.0,82.33528778,1.0,12.0,20.34246772,0.1975127283829692,0.4,19772.0,0.1795547411146972,44376.95426649742,3550.1563413197937,3550.1563413197932
0,13179.0,32981.0,,,,,,,,31.74224928,0.10165498858487693,0.4,13179.0,0.14631295057505855,24103.22969535871,1928.2583756286967,1928.2583756286967
0,69047.0,82113.0,Sales,3.0,0.0,0.0,121.4111489,0.0,30.0,35.07391836,0.29094234255580675,0.4,69047.0,0.1869513433272546,161355.36753396183,12908.429402716947,12908.429402716949
0,26886.0,36527.0,ProfExe,12.0,0.0,0.0,188.4198264,0.0,13.0,24.86556719,0.059955777293546564,0.4,26886.0,0.1155270284642061,38825.74609110806,3106.0596872886454,3106.059687288645
0,,56386.0,Other,11.0,1.0,0.0,294.6027668,2.0,12.0,32.38595617,0.12150533296539924,0.4,0.0,0.15647657792700703,0.0,0.0,0.0
1,28523.0,39816.0,Other,5.0,0.0,0.0,130.6439333,0.0,16.0,37.39352642,0.17233863546601694,0.4,28523.0,0.17412463339498846,62081.9614790657,4966.556918325256,4966.5569183252555
0,28187.0,32584.0,Other,0.0,1.0,0.0,27.04883471,10.0,7.0,29.28795683,0.6551065526382785,0.4,28187.0,0.12127023571915876,42728.0516776991,3418.244134215928,3418.244134215928
0,50373.0,65865.0,Office,5.0,0.0,0.0,99.59816995,2.0,11.0,38.91015083,0.16462700866999708,0.4,50373.0,0.17207561020777062,108349.55891245037,8667.96471299603,8667.96471299603
0,10909.0,37286.0,Other,3.0,0.0,0.0,268.2546017,0.0,12.0,22.23295281,0.035131824569696324,0.4,10909.0,0.0871204998850071,11879.96916556928,950.3975332455425,950.3975332455425
0,39175.0,55848.0,Office,10.0,,,161.6615823,,18.0,24.20011144,0.03478775942946966,0.4,39175.0,0.08664083294632208,42426.93288340209,3394.1546306721675,3394.1546306721675
0,,50061.0,Other,10.0,0.0,0.0,296.9016386,1.0,13.0,33.63213652,0.06648730713784576,0.4,0.0,0.12145766649472428,0.0,0.0,0.0
0,101230.0,120087.0,Other,9.0,,,419.2729655,1.0,49.0,40.55827149,0.02388827837923336,0.4,101230.0,0.0696487908540163,88131.83872690088,7050.54709815207,7050.54709815207
0,62603.0,86782.0,ProfExe,15.0,0.0,0.0,219.5658125,0.0,18.0,24.63662135,0.043638303820053015,0.4,62603.0,0.09811368241467291,76777.63575257211,6142.210860205769,6142.210860205769
0,117314.0,132770.0,Self,4.0,0.0,1.0,176.3345415,0.0,19.0,34.55205243,0.32629268648717547,0.4,117314.0,0.185880584820861,272579.9365959311,21806.39492767449,21806.39492767449
0,64006.0,80409.0,Other,15.0,0.0,0.0,235.3632495,0.0,36.0,35.63672035,0.05546276383066432,0.4,64006.0,0.11113337745251027,88915.03696531715,7113.202957225372,7113.202957225372
0,,49362.0,,,,,,,,11.76969215,0.028104421948377072,0.4,0.0,0.07667550523382372,0.0,0.0,0.0
0,171456.0,246758.0,Sales,,0.0,0.0,138.1548182,0.0,21.0,40.33786076,0.389026324956917,0.4,171456.0,0.18019285004420293,386189.31621473574,30895.14529717886,30895.145297178857
0,72986.0,87621.0,Office,14.0,0.0,1.0,86.54572702,0.0,9.0,24.69743042,0.11808079566507386,0.4,72986.0,0.15488035611553455,141301.22089310506,11304.097671448404,11304.097671448404
0,172497.0,249071.0,Sales,,0.0,0.0,114.9819744,0.0,21.0,41.09802515,0.43475008090852685,0.4,172497.0,0.1735534644712734,374218.14951126557,29937.451960901246,29937.451960901246
0,51730.0,59025.0,Other,16.0,0.0,3.0,220.8132902,0.0,37.0,24.38009265,0.23440607195126065,0.4,51730.0,0.18456627376553328,119345.16677363796,9547.613341891038,9547.613341891036
0,58536.0,66546.0,Other,1.0,0.0,2.0,118.3973584,2.0,17.0,34.71164955,0.5413030961417272,0.4,58536.0,0.15180944602428942,111078.97165597258,8886.317732477806,8886.317732477806
0,68013.0,77008.0,ProfExe,8.0,0.0,0.0,49.1469223,1.0,23.0,40.7925897,0.2869469375822577,0.4,68013.0,0.18695950309376522,158945.95854895317,12715.676683916254,12715.676683916254
1,47700.0,60000.0,Other,0.1,0.0,0.0,,0.0,0.0,,0.16904572696435177,0.4,47700.0,0.17327349555512916,103314.32172474577,8265.145737979661,8265.145737979661
0,76268.0,89166.0,Other,23.0,0.0,0.0,341.8553472,1.0,46.0,29.86957664,0.017811586228731132,0.4,76268.0,0.058202086150801295,55486.95883186641,4438.956706549313,4438.956706549313
0,,38648.0,Other,,,,302.5301822,,10.0,30.44537563,0.05712964869976797,0.4,0.0,0.11279528920019116,0.0,0.0,0.0
0,120837.0,176244.0,Other,8.0,0.0,0.0,196.7241605,0.0,20.0,34.74574315,0.09510363732500425,0.4,120837.0,0.14242738327766097,215131.22141403396,17210.497713122717,17210.497713122717
0,61821.0,64832.0,Other,5.0,0.0,0.0,123.2860249,0.0,34.0,35.87534399,0.11488511553183989,0.4,61821.0,0.15333472753304292,118491.32738525308,9479.306190820247,9479.306190820247
0,66254.0,74994.0,ProfExe,7.0,0.0,0.0,60.38486252,1.0,24.0,39.72610514,0.25624060619014183,0.4,66254.0,0.18616140607489878,154174.2224760793,12333.937798086345,12333.937798086345
0,,49331.0,Other,9.0,0.0,0.0,305.8880822,2.0,12.0,33.71861386,0.0739933662702844,0.4,0.0,0.1276828730972472,0.0,0.0,0.0
0,67489.0,80145.0,Other,2.0,0.0,0.0,104.3965066,0.0,7.0,36.91231088,0.2279223865347745,0.4,67489.0,0.1839087258481254,155147.6999845517,12411.815998764136,12411.815998764136
1,87979.0,94854.0,ProfExe,10.0,0.0,0.0,108.4790238,3.0,19.0,41.2706826,0.2920557952015198,0.4,87979.0,0.18694475333632465,205590.1556722063,16447.212453776505,16447.21245377651
0,80989.0,105080.0,Mgr,1.0,0.0,0.0,81.3547953,1.0,24.0,38.4757705,0.21956445796137677,0.4,80989.0,0.18292734055389173,185188.7798014892,14815.102384119136,14815.102384119138
0,135929.0,200275.0,ProfExe,0.0,0.0,0.0,69.61717488,1.0,23.0,37.80543265,0.23496511502565,0.4,135929.0,0.18461885768517838,313688.20882860763,25095.05670628861,25095.05670628861
0,75870.0,97922.0,ProfExe,0.0,,,,,,27.27636492,0.07997728371390042,0.4,75870.0,0.1322458532935294,125418.66111725093,10033.492889380075,10033.492889380075
0,48515.0,59240.0,Other,17.0,0.0,4.0,214.1445097,0.0,36.0,27.45914423,0.46760782717270727,0.4,48515.0,0.16770045696568475,101699.84587112744,8135.987669690196,8135.987669690196
0,79751.0,125413.0,Other,7.0,,,,,,41.98555729,0.18554290111027472,0.4,79751.0,0.17720041316328558,176648.87687731485,14131.910150185187,14131.91015018519
0,,33540.0,Office,21.0,0.0,0.0,178.6879275,0.0,15.0,36.60169886,0.062052691217345,0.4,0.0,0.1174872812038851,0.0,0.0,0.0
0,13392.0,34254.0,Other,3.0,0.0,0.0,267.9186416,0.0,11.0,21.92999049,0.035274570870497374,0.4,13392.0,0.08731862939810994,14617.138561243606,1169.3710848994886,1169.3710848994883
1,82000.0,111000.0,Other,6.0,2.0,2.0,214.1,2.0,12.0,,0.7035332414254637,0.4,82000.0,0.10651050624284558,109173.26889891672,8733.861511913337,8733.861511913337
0,57503.0,72704.0,,18.0,0.0,0.0,156.5937076,0.0,11.0,33.33711876,0.12193994602046065,0.4,57503.0,0.15667482687405113,112615.90712173202,9009.272569738561,9009.272569738561
0,61213.0,65798.0,Other,6.0,0.0,0.0,86.29651576,2.0,20.0,41.42687223,0.29629510524327757,0.4,61213.0,0.18690271346864037,143010.94749444854,11440.875799555883,11440.875799555883
0,41481.0,50448.0,Mgr,20.0,0.0,1.0,230.8488635,1.0,18.0,35.88829101,0.17749689596971474,0.4,41481.0,0.17538902093750874,90941.39971886,7275.311977508801,7275.3119775088
0,14601.0,66143.0,Office,24.0,0.0,0.0,320.2348822,1.0,12.0,40.01507057,0.041542414009297486,0.4,14601.0,0.09554873359755639,17438.83824072401,1395.1070592579208,1395.1070592579208
0,51783.0,57839.0,Other,3.0,0.0,0.0,96.17667314,0.0,20.0,36.21035133,0.1788496209638555,0.4,51783.0,0.17570703538379207,113732.9676659863,9098.637413278904,9098.637413278904
0,47000.0,78320.0,Other,18.0,0.0,0.0,195.8333333,1.0,17.0,,0.10845838277663977,0.4,47000.0,0.15005398454288577,88156.71591894538,7052.537273515631,7052.537273515631
0,59761.0,75081.0,,17.0,0.0,0.0,147.9416425,1.0,11.0,31.95922724,0.13263863152008504,0.4,59761.0,0.161263218776183,120465.6402160434,9637.251217283472,9637.251217283472
1,,47244.0,Other,6.0,,,,,,,0.12361682730115311,0.4,0.0,0.157430780939854,0.0,0.0,0.0
0,,41438.0,Other,,,,302.8566329,,12.0,30.10407144,0.05341973076964626,0.4,0.0,0.10904255447177094,0.0,0.0,0.0
0,178745.0,251935.0,Sales,,0.0,0.0,130.7309108,0.0,22.0,42.35805988,0.4274086118099148,0.4,178745.0,0.17474332229717787,390431.18930011324,31234.49514400906,31234.49514400906
0,67715.0,86945.0,ProfExe,14.0,0.0,0.0,221.4749248,0.0,17.0,25.19429721,0.04606142802553156,0.4,67715.0,0.10097434301011139,85468.47046162117,6837.477636929693,6837.477636929693
0,44783.0,63424.0,Other,2.0,0.0,,97.90083621,,12.0,36.5878698,0.23398880543949221,0.4,44783.0,0.18452660523055148,103295.68702549733,8263.654962039787,8263.654962039787
0,45842.0,50006.0,Other,16.0,0.0,0.0,90.65307013,0.0,12.0,31.36082195,0.15076724692329235,0.4,45842.0,0.16787790653026347,96198.23738950421,7695.858991160337,7695.858991160338
0,101150.0,115215.0,Office,23.0,0.0,0.0,130.2563294,0.0,12.0,36.50599948,0.08463900878154089,0.4,101150.0,0.13557894590898176,171422.62973366881,13713.810378693506,13713.810378693504
0,67839.0,76502.0,ProfExe,9.0,0.0,0.0,58.56017401,3.0,24.0,38.97429353,0.2984035620319504,0.4,67839.0,0.18687193078407396,158465.06140575992,12677.204912460793,12677.204912460793
0,35343.0,51986.0,Other,10.0,0.0,0.0,242.818967,1.0,31.0,37.96660602,0.08027787465302416,0.4,35343.0,0.13246642922825744,58522.012602678784,4681.761008214303,4681.761008214303
0,54039.0,89301.0,Other,18.0,0.0,0.0,173.1913224,0.0,28.0,26.26681575,0.04998297260330172,0.4,54039.0,0.10538377820247982,71185.4248785476,5694.833990283808,5694.833990283807
0,71922.0,117151.0,Office,2.0,0.0,0.0,246.9347582,1.0,37.0,18.15682662,0.00975194414229676,0.4,71922.0,0.03944095839860873,35458.40762430921,2836.672609944737,2836.672609944737
1,10000.0,63775.0,Other,0.0,0.0,0.0,200.8666667,0.0,14.0,,0.11138196275356807,0.4,10000.0,0.15157572809530354,18946.966011912944,1515.7572809530354,1515.7572809530354
0,75912.0,95329.0,Mgr,18.0,0.0,1.0,294.1642246,0.0,24.0,38.64180454,0.12176379288109622,0.4,75912.0,0.15659459048068758,148592.60690712446,11887.408552569957,11887.408552569956
0,39677.0,54707.0,Office,10.0,0.0,0.0,203.2429653,1.0,23.0,31.21770976,0.03901300846947931,0.4,39677.0,0.09233330166239613,45793.85512573614,3663.508410058891,3663.508410058891
0,53841.0,64284.0,Other,15.0,0.0,3.0,206.3545644,0.0,36.0,26.05485371,0.2780903107163745,0.4,53841.0,0.186889147436377,125778.73233902467,10062.298587121973,10062.298587121973
0,39991.0,58511.0,Office,10.0,,,176.9961117,,19.0,24.29863608,0.03137359849753009,0.4,39991.0,0.08171154432077739,40846.5796116526,3267.7263689322085,3267.7263689322085
0,82597.0,83858.0,Other,25.0,0.0,0.0,350.5681362,1.0,47.0,28.91075714,0.01531395396663734,0.4,82597.0,0.05291978757715624,54637.69618137967,4371.015694510374,4371.0156945103745
0,82972.0,121796.0,Other,7.0,,,,,,41.44562357,0.18003369573516917,0.4,82972.0,0.17598086760025194,182518.55683160128,14601.484546528103,14601.484546528105
0,17479.0,66894.0,Office,23.0,0.0,0.0,326.3428047,1.0,13.0,40.58857607,0.041028381012793116,0.4,17479.0,0.0949061862362569,20735.81536529418,1658.8652292235345,1658.8652292235345
0,62989.0,76718.0,Mgr,3.0,0.0,2.0,131.4713826,0.0,22.0,29.20040034,0.326869645086869,0.4,62989.0,0.18584915003000915,146330.65139050307,11706.452111240245,11706.452111240247
0,43589.0,49950.0,Office,9.0,0.0,0.0,202.7045404,0.0,23.0,33.59231894,0.040531491547737754,0.4,43589.0,0.09427986490006457,51369.56288911143,4109.565031128915,4109.565031128915
0,62583.0,77481.0,Office,6.0,0.0,0.0,98.67270509,2.0,15.0,26.30838033,0.07056292620945712,0.4,62583.0,0.12491097152658717,97716.29163810506,7817.303331048405,7817.303331048405
0,41656.0,51846.0,Office,10.0,,,190.0175026,,19.0,25.76896503,0.032094620138383996,0.4,41656.0,0.08277917770881074,43103.117832977754,3448.2494266382205,3448.24942663822
0,77144.0,91532.0,Mgr,19.0,0.0,1.0,311.7571824,1.0,24.0,40.91273699,0.14196431918259042,0.4,77144.0,0.1648363558967171,158951.6979912043,12716.135839296345,12716.135839296345
0,80490.0,93028.0,ProfExe,0.0,,,,,,29.47376148,0.09174196180930909,0.4,80490.0,0.14031749295350424,141176.93759784443,11294.155007827554,11294.155007827556
0,60995.0,78444.0,Mgr,4.0,0.0,1.0,123.7385166,0.0,23.0,26.9327076,0.16119337323470154,0.4,60995.0,0.17109928719783293,130452.51278289776,10436.201022631822,10436.20102263182
1,31800.0,72000.0,Self,,0.0,2.0,187.2666667,1.0,21.0,,0.5215019359635846,0.4,31800.0,0.15642044726838478,62177.12778918295,4974.170223134636,4974.170223134636
0,43900.0,55000.0,Office,1.0,0.0,0.0,169.4333333,1.0,21.0,,0.06615201744529424,0.4,43900.0,0.12116545072524587,66489.54108547868,5319.163286838294,5319.163286838294
1,44800.0,56000.0,Other,0.0,1.0,5.0,314.5,4.0,42.0,,0.8411501316486857,0.4,44800.0,0.06009558324347051,33653.526616343486,2692.282129307479,2692.282129307479
0,30146.0,39326.0,ProfExe,11.0,0.0,0.0,183.0927495,0.0,12.0,23.09720188,0.05668655304809598,0.4,30146.0,0.11235727554130948,42339.030355853945,3387.122428468316,3387.1224284683153
0,84666.0,123613.0,Other,8.0,,,,,,39.65832005,0.16177678060271045,0.4,84666.0,0.1712680363811705,181257.24460310227,14500.579568248182,14500.579568248182
0,,39106.0,Other,,,1.0,80.07533919,0.0,10.0,35.6835022,0.38337930550042953,0.4,0.0,0.18087803958744902,0.0,0.0,0.0
0,35240.0,54314.0,Office,8.0,0.0,0.0,210.5800148,1.0,22.0,32.57186729,0.042358224016618796,0.4,35240.0,0.09655747196136608,42533.566398981755,3402.6853119185403,3402.6853119185407
0,57103.0,78079.0,Other,0.0,0.0,0.0,56.30976479,8.0,21.0,23.52118826,0.2501562648008082,0.4,57103.0,0.1858087424682712,132627.95776457113,10610.23662116569,10610.23662116569
0,78089.0,90660.0,Mgr,9.0,0.0,0.0,118.6353947,0.0,22.0,27.09304112,0.08259117947656902,0.4,78089.0,0.13413757912308266,130933.36770178004,10474.669416142404,10474.669416142402
0,77916.0,93589.0,ProfExe,0.0,,,,,,27.87387063,0.08303254715243392,0.4,77916.0,0.1344512097025715,130948.7556898195,10475.90045518556,10475.90045518556
1,48032.0,95213.0,Office,5.0,1.0,4.0,326.6795905,0.0,30.0,38.19168174,0.505719903280657,0.4,48032.0,0.1599232183566803,96017.90030135085,7681.432024108068,7681.432024108069
0,57694.0,70782.0,Other,4.0,0.0,0.0,125.7103247,0.0,34.0,37.62278555,0.12676265098482875,0.4,57694.0,0.15881129425492332,114530.73513429433,9162.458810743547,9162.458810743547
0,85136.0,125912.0,Other,9.0,,,,,,40.71517804,0.17083425675954922,0.4,85136.0,0.1737401160325129,184894.23148180023,14791.53851854402,14791.53851854402
0,102894.0,117799.0,Other,9.0,,,420.0981644,1.0,49.0,39.63319009,0.0223514136560446,0.4,102894.0,0.06691613574244003,86065.8608885328,6885.268871082624,6885.268871082624
1,32000.0,49000.0,Mgr,12.6,0.0,3.0,41.3,2.0,18.0,,0.7818771399791928,0.4,32000.0,0.080820285026544,32328.114010617595,2586.2491208494075,2586.249120849408
1,37256.0,45956.0,Other,1.0,0.0,0.0,214.44323,1.0,6.0,31.24524851,0.10953738145052466,0.4,37256.0,0.15062142759446817,70144.39883074383,5611.551906459506,5611.551906459506
0,83157.0,202962.0,Self,14.0,0.0,0.0,13.68276401,,8.0,21.29733923,0.24213409167494584,0.4,83157.0,0.18523695649937424,192546.86989523078,15403.749591618462,15403.749591618463
0,,42980.0,Other,,,1.0,76.01075257,0.0,9.0,37.6596682,0.42719741065973027,0.4,0.0,0.17477688415120474,0.0,0.0,0.0
0,73752.0,87931.0,Mgr,21.0,1.0,1.0,291.6203784,0.0,24.0,39.00314063,0.20262183315233723,0.4,73752.0,0.18044303581640786,166350.4347191464,13308.034777531713,13308.034777531713
0,41210.0,45175.0,Office,9.0,0.0,0.0,209.4940947,1.0,22.0,29.96408198,0.035678107636991196,0.4,41210.0,0.08787598336577547,45267.11593129509,3621.3692745036074,3621.369274503607
0,,32907.0,Office,18.0,0.0,0.0,169.9453877,1.0,15.0,35.31271048,0.0692006382727948,0.4,0.0,0.12377660698016367,0.0,0.0,0.0
1,30077.0,42770.0,Office,0.25,0.0,0.0,89.26666667,0.0,10.0,,0.11417664895950377,0.4,30077.0,0.15298453096929007,57516.44672454172,4601.315737963338,4601.315737963338
0,54000.0,62533.0,Other,4.0,0.0,1.0,313.4666667,0.0,10.0,,0.13123841721386303,0.4,54000.0,0.1606935214614947,108468.12698650893,8677.450158920714,8677.450158920714
0,55100.0,66900.0,ProfExe,15.0,0.0,0.0,229.2666667,4.0,32.0,,0.09652107295827952,0.4,55100.0,0.14329285734538458,98692.95549663363,7895.436439730691,7895.43643973069
1,48961.0,73550.0,Other,11.0,6.0,1.0,145.1,4.0,11.0,,0.9562442151725572,0.4,48961.0,0.017177415704745604,10512.79312900062,841.0234503200496,841.0234503200495
1,18240.0,40200.0,Other,1.0,0.0,1.0,306.4,0.0,12.0,,0.1331325281876002,0.4,18240.0,0.16146203807042192,36813.344680056194,2945.0675744044956,2945.0675744044956
0,64665.0,72376.0,Other,4.0,0.0,0.0,70.93488077,3.0,20.0,40.30904123,0.3308458452463791,0.4,64665.0,0.18562106246944146,150039.8250573304,12003.186004586432,12003.186004586432
0,50031.0,57276.0,Office,0.0,0.0,0.0,171.2128147,0.0,21.0,35.15870257,0.059321860890771606,0.4,50031.0,0.11492342826680164,71871.67549520441,5749.734039616354,5749.734039616353
0,61607.0,81126.0,Other,16.0,0.0,0.0,222.2111903,1.0,35.0,34.72969809,0.06472735184792579,0.4,61607.0,0.11990951762035698,92340.82065046666,7387.265652037333,7387.265652037333
0,49266.0,64461.0,Other,22.0,0.0,0.0,264.4080231,3.0,29.0,37.97675792,0.08810742821809375,0.4,49266.0,0.13794201483491994,84948.14128571458,6795.851302857166,6795.851302857166
0,50569.0,60940.0,Mgr,6.0,0.0,0.0,189.9468977,0.0,22.0,29.20247674,0.06509884432840449,0.4,50569.0,0.12023926203554898,76004.74052344596,6080.379241875677,6080.379241875677
0,,27873.0,Office,21.0,0.0,0.0,190.0618702,0.0,15.0,38.3754061,0.06526661077144809,0.4,0.0,0.12038765165746333,0.0,0.0,0.0
0,78346.0,82226.0,Other,22.0,0.0,0.0,320.3495426,1.0,47.0,30.19939952,0.020305810339126634,0.4,78346.0,0.06311669214398623,61811.75453390931,4944.940362712745,4944.940362712745
0,47777.0,78979.0,Other,18.0,0.0,0.0,202.9542765,1.0,16.0,34.8286475,0.10636418449157221,0.4,47777.0,0.14893282895268511,88944.54711090546,7115.563768872437,7115.563768872436
0,53459.0,62678.0,Mgr,13.0,0.0,0.0,116.8634491,0.0,18.0,30.05290208,0.10614365315895363,0.4,53459.0,0.14881322075546521,99442.57460458018,7955.4059683664145,7955.4059683664145
0,77954.0,82965.0,Other,25.0,0.0,0.0,350.7763043,1.0,46.0,28.58451556,0.01530485053043311,0.4,77954.0,0.05289979284892768,51546.88064681635,4123.750451745308,4123.750451745308
1,29383.0,45900.0,ProfExe,8.0,0.0,0.0,122.1333333,0.0,22.0,,0.13516761876267167,0.4,29383.0,0.16226970654097378,59599.63484116791,4767.970787293432,4767.970787293432
0,20959.0,62956.0,Office,20.0,0.0,0.0,315.7073914,1.0,13.0,41.07759066,0.04588006167531343,0.4,20959.0,0.10076396047547886,26398.89809506952,2111.9118476055614,2111.9118476055614
0,6424.0,32365.0,,,,,,,,33.9044645,0.11595909950652698,0.4,6424.0,0.15386034040689864,12354.985334673962,988.398826773917,988.3988267739169
0,58327.0,75044.0,Mgr,2.0,0.0,2.0,123.3653563,0.0,22.0,28.11181383,0.3225738898159458,0.4,58327.0,0.18607296724708952,135663.47450776238,10853.07796062099,10853.07796062099
0,79484.0,87893.0,Other,1.0,0.0,0.0,123.6188031,1.0,10.0,35.75908385,0.20720000576449824,0.4,79484.0,0.18118271215560353,180014.08366219988,14401.12669297599,14401.126692975991
0,73208.0,88588.0,Mgr,10.0,0.0,0.0,114.5525823,0.0,23.0,30.08248898,0.0989389848918477,0.4,73208.0,0.14473722482919144,132449.03444119307,10595.922755295445,10595.922755295447
0,38646.0,54073.0,Other,14.0,0.0,0.0,89.55585277,0.0,11.0,32.53025665,0.16720005545530942,0.4,38646.0,0.17278102549362373,83466.19389033229,6677.295511226584,6677.295511226583
0,,54905.0,Other,8.0,0.0,0.0,308.6501174,2.0,13.0,32.5539761,0.06667961667709182,0.4,0.0,0.12162469943151154,0.0,0.0,0.0
0,,47791.0,,,,,,,,14.39253608,0.03343479965107398,0.4,0.0,0.08472507885415977,0.0,0.0,0.0
0,42380.0,60733.0,Mgr,3.0,0.0,0.0,199.293142,0.0,22.0,28.43434208,0.059991214930548355,0.4,42380.0,0.1155606184534495,61218.23762571488,4897.45901005719,4897.45901005719
1,36933.0,42289.0,Mgr,4.0,0.0,0.0,100.6164211,2.0,26.0,38.43649009,0.21104196844750084,0.4,36933.0,0.18176362305829738,83913.44863015121,6713.075890412097,6713.075890412098
0,21000.0,79000.0,ProfExe,21.0,0.0,0.0,239.4333333,0.0,11.0,,0.08420867109932906,0.4,21000.0,0.13527895359333675,35510.725318250894,2840.8580254600715,2840.8580254600715
1,,25000.0,Other,0.0,6.0,0.0,64.86666667,2.0,27.0,,0.901541554804964,0.4,0.0,0.03798729301074162,0.0,0.0,0.0
0,78579.0,93697.0,Other,0.0,0.0,0.0,115.1933214,1.0,10.0,33.8372027,0.19520894293560256,0.4,78579.0,0.179131897960961,175950.0676234294,14076.005409874353,14076.005409874353
0,172418.0,251426.0,Sales,,0.0,0.0,120.5726331,0.0,22.0,40.92591059,0.41818833139824885,0.4,172418.0,0.17617300344818126,379692.46135660645,30375.396908528517,30375.396908528517
0,58846.0,72733.0,ProfExe,14.0,0.0,0.0,233.1716005,3.0,32.0,39.77508785,0.11405549741434715,0.4,58846.0,0.1529243673010583,112487.34147747596,8998.987318198077,8998.987318198077
0,41126.0,55500.0,Other,6.0,0.0,0.0,73.03333333,1.0,11.0,,0.23849616690637299,0.4,41126.0,0.18493622843477475,95071.09163260683,7605.687330608546,7605.687330608546
0,57727.0,70828.0,Other,5.0,0.0,0.0,87.84531097,3.0,19.0,41.75352499,0.3341237326765316,0.4,57727.0,0.18541817074813746,133795.43428472165,10703.634742777733,10703.634742777731
0,22960.0,80874.0,ProfExe,20.0,0.0,0.0,238.7026834,0.0,11.0,25.8873199,0.047935654653402354,0.4,22960.0,0.1031144144617532,29593.83695052317,2367.5069560418538,2367.5069560418538
0,75464.0,84263.0,Other,21.0,0.0,0.0,352.6582712,0.0,47.0,28.19671491,0.012999532415774851,0.4,75464.0,0.047639800443532686,44938.62375838438,3595.089900670751,3595.0899006707505
0,,51703.0,,,,,,,,12.10514386,0.028737153691009706,0.4,0.0,0.07767634488311317,0.0,0.0,0.0
0,42226.0,50386.0,Mgr,21.0,1.0,0.0,223.3264624,0.0,17.0,34.92786612,0.13327450168251914,0.4,42226.0,0.16151898574205925,85253.75864930243,6820.300691944194,6820.300691944194
0,45960.0,57473.0,Mgr,4.0,0.0,0.0,189.7680601,0.0,22.0,26.75441155,0.05641251248565093,0.4,45960.0,0.11208502504172238,64392.8468864695,5151.42775091756,5151.427750917561
0,76703.0,100862.0,Other,0.0,0.0,1.0,174.5571202,0.0,31.0,34.38623066,0.17428694488232047,0.4,76703.0,0.1746119481500389,167415.7532369054,13393.260258952432,13393.260258952432
1,44992.0,66403.0,Other,8.0,0.0,0.0,172.551555,1.0,27.0,43.87561082,0.1803184403656783,0.4,44992.0,0.17604609166173468,99008.32195055958,7920.665756044767,7920.665756044767
0,14762.0,66271.0,Office,25.0,0.0,0.0,318.1492776,1.0,13.0,42.27663421,0.04735551055193032,0.4,14762.0,0.10245852083929197,18906.158557870353,1512.4926846296282,1512.492684629628
0,61468.0,72143.0,,19.0,0.0,0.0,163.2988599,0.0,11.0,31.92576655,0.10744695132591188,0.4,61468.0,0.14951579645888194,114880.46220918193,9190.436976734554,9190.436976734554
0,66366.0,75957.0,ProfExe,8.0,0.0,0.0,72.91672107,2.0,25.0,39.66040874,0.26087009071246847,0.4,66366.0,0.1863845727974296,154619.98197842765,12369.598558274212,12369.598558274212
0,124810.0,176581.0,Other,8.0,0.0,0.0,213.3028848,1.0,19.0,32.87645851,0.08922362705242297,0.4,124810.0,0.1386822710472721,216361.6781176254,17308.93424941003,17308.93424941003
0,46489.0,63573.0,Mgr,4.0,0.0,0.0,196.24907,1.0,21.0,28.78792285,0.07169094303243767,0.4,46489.0,0.12583560709434097,73124.64422761022,5849.971538208817,5849.971538208817
0,57254.0,86883.0,Other,16.0,0.0,0.0,172.1665627,0.0,28.0,25.04343675,0.04703881177946352,0.4,57254.0,0.1020980181434431,73068.99913480863,5845.519930784691,5845.5199307846915
0,54283.0,58563.0,Office,3.0,0.0,1.0,91.44646517,3.0,11.0,38.59036694,0.3399254793679132,0.4,54283.0,0.18502677165238657,125547.60307008127,10043.808245606502,10043.8082456065
0,58007.0,73069.0,ProfExe,14.0,0.0,0.0,240.4372819,3.0,31.0,37.89748089,0.09990611560967987,0.4,58007.0,0.14530389995865278,105358.04156126965,8428.643324901572,8428.643324901572
0,54768.0,87268.0,Other,18.0,0.0,0.0,187.5805703,0.0,28.0,26.36713414,0.04639737079134914,0.4,54768.0,0.10136247686597322,69392.75166244527,5551.420132995621,5551.420132995621
0,87415.0,201689.0,Self,13.0,0.0,0.0,13.92475912,,7.0,20.25386389,0.23434107483763406,0.4,87415.0,0.184560118291468,201666.53425560848,16133.322740448679,16133.322740448677
0,53073.0,83415.0,,2.0,0.0,0.0,211.2687802,3.0,29.0,30.20150946,0.08189409098799647,0.4,53073.0,0.13363886025837077,88657.6903811564,7092.615230492512,7092.615230492512
1,62600.0,77600.0,Other,0.5,1.0,0.0,351.0333333,3.0,13.0,,0.12338483620836856,0.4,62600.0,0.1573270392358369,123108.40820204238,9848.672656163391,9848.67265616339
0,60237.0,69891.0,Other,3.0,0.0,0.0,321.2748292,0.0,9.0,32.28031362,0.05359485144931351,0.4,60237.0,0.10922416106160915,82241.69737335188,6579.335789868151,6579.335789868151
0,77377.0,97070.0,Mgr,3.0,0.0,0.0,68.85487717,2.0,24.0,38.21772578,0.2510223559831369,0.4,77377.0,0.1858631360745611,179769.14850051643,14381.531880041315,14381.531880041313
0,30716.0,84778.0,ProfExe,19.0,0.0,0.0,219.0852356,0.0,10.0,23.80889415,0.04810720485523277,0.4,30716.0,0.10330726097556796,39664.82285156931,3173.185828125545,3173.1858281255454
0,53504.0,66888.0,Mgr,7.0,,3.0,112.1751208,2.0,10.0,39.31877226,0.7995403964794974,0.4,53504.0,0.07475230962826372,49994.344679382775,3999.547574350622,3999.547574350622
0,78817.0,115527.0,Office,1.0,0.0,0.0,221.5515413,1.0,37.0,16.37841295,0.01009997203793921,0.4,78817.0,0.040371881675369835,39774.882475095306,3181.9905980076246,3181.990598007624
1,57141.0,70244.0,Other,8.0,0.0,0.0,106.8554282,0.0,19.0,31.89131426,0.13082472309996473,0.4,57141.0,0.16052348229581762,114655.90377331642,9172.472301865313,9172.472301865315
0,79062.0,98038.0,ProfExe,4.0,0.0,0.0,139.2640336,0.0,26.0,33.57803554,0.10816622613171198,0.4,79062.0,0.14989915393598433,148141.5863560849,11851.326908486793,11851.326908486793
0,,32855.0,,,,,,,,35.93790268,0.13097573938007256,0.4,0.0,0.16058564549628698,0.0,0.0,0.0
0,51950.0,67475.0,Other,4.5,0.0,1.0,246.4666667,2.0,16.0,,0.2026315198267477,0.4,51950.0,0.18044465637340557,117176.24873248025,9374.09989859842,9374.099898598419
0,43759.0,50070.0,Mgr,19.0,1.0,1.0,218.9062534,0.0,17.0,34.0581468,0.24901895751535438,0.4,43759.0,0.18573517251195143,101594.81767438103,8127.585413950483,8127.585413950483
0,93759.0,119459.0,Office,24.0,0.0,0.0,138.09123,1.0,12.0,38.72971089,0.10435895613551828,0.4,93759.0,0.14783425592621677,173259.900017327,13860.792001386159,13860.792001386159
0,76008.0,95976.0,ProfExe,0.0,,,,,,30.02224516,0.09491208844769314,0.4,76008.0,0.14230934244065316,135208.10625286456,10816.648500229165,10816.648500229165
0,50711.0,87898.0,,4.0,0.0,0.0,209.5214385,4.0,30.0,32.74300708,0.10554463840951993,0.4,50711.0,0.1484868340563796,94123.94802291332,7529.915841833065,7529.915841833066
0,62400.0,81315.0,Office,6.0,0.0,0.0,98.02887044,2.0,14.0,26.62089773,0.0737811576808493,0.4,62400.0,0.1275148206924607,99461.56014011934,7956.924811209547,7956.924811209547
0,77930.0,80164.0,Other,20.0,0.0,0.0,350.5284099,1.0,47.0,29.6623601,0.016663883375371894,0.4,77930.0,0.05582346864959536,54379.03639828708,4350.322911862966,4350.322911862966
0,58060.0,65605.0,Other,23.0,0.0,0.0,259.6838134,3.0,29.0,39.82999947,0.10071581662424048,0.4,58060.0,0.14577356458430568,105795.16449705984,8463.613159764787,8463.613159764787
0,51033.0,58513.0,Office,2.0,0.0,0.0,181.8697515,0.0,20.0,37.87927834,0.06713403634973773,0.4,51033.0,0.12201774794100165,77836.64663341422,6226.931730673137,6226.931730673137
0,68186.0,82518.0,Other,1.0,0.0,0.0,105.1022551,0.0,7.0,36.44893885,0.22286450508500222,0.4,68186.0,0.18333326725259946,156259.52701107186,12500.762160885748,12500.762160885746
0,52388.0,64332.0,Other,1.0,0.0,,91.11206084,,12.0,36.87492751,0.24613579700896102,0.4,52388.0,0.18553766160264493,121499.33770049202,9719.947016039361,9719.947016039363
0,56904.0,64122.0,Mgr,5.0,,4.0,119.5554734,2.0,11.0,38.6956146,0.8885542282347103,0.4,56904.0,0.04282081177722019,30458.44341713672,2436.6754733709377,2436.6754733709377
0,76510.0,108130.0,Office,2.0,0.0,0.0,252.8439282,1.0,37.0,17.41485961,0.008958934851861762,0.4,76510.0,0.03726527342073221,35639.57586775276,2851.166069420221,2851.166069420221
1,12750.0,,Office,23.0,,,,,,,0.05749428775327508,0.4,12750.0,0.11315373464318806,18033.8764587581,1442.7101167006479,1442.7101167006479
1,108608.0,,Mgr,0.0,0.0,6.0,253.4717586,4.0,23.0,,0.9323458506445892,0.4,108608.0,0.026357265813562458,35782.62406849239,2862.609925479391,2862.6099254793917
1,2800.0,18361.0,Other,2.0,3.0,1.0,107.7666667,4.0,3.0,,0.856928345652192,0.4,2800.0,0.05441151410999452,1904.4029938498081,152.35223950798465,152.35223950798465
0,51740.0,60852.0,Other,23.0,0.0,0.0,277.5895886,3.0,29.0,39.88548381,0.09184163585159504,0.4,51740.0,0.14038123618982412,90791.56450576875,7263.3251604615,7263.3251604615
0,135899.0,202788.0,ProfExe,1.0,0.0,0.0,53.76762152,1.0,23.0,35.93202507,0.22765113310237198,0.4,135899.0,0.18387927394569867,312362.6181243313,24989.009449946505,24989.009449946505
1,67200.0,80300.0,Other,10.0,4.0,1.0,135.8666667,1.0,33.0,,0.7447712159981178,0.4,67200.0,0.09324740870519897,78327.82331236712,6266.22586498937,6266.225864989371
0,26607.0,39710.0,Office,0.0,0.0,0.0,104.6928252,1.0,30.0,38.32672821,0.09728881238207757,0.4,26607.0,0.14375580233624824,47811.38290950696,3824.910632760557,3824.910632760557
0,78953.0,93018.0,Mgr,7.0,0.0,0.0,110.72313,0.0,22.0,28.28942917,0.09402575854650132,0.4,78953.0,0.14175975199437643,139904.47124015001,11192.357699212002,11192.357699212002
1,33395.0,51057.0,Office,2.0,0.0,0.0,80.82247969,1.0,20.0,16.88303101,0.034355185460982804,0.4,33395.0,0.08603349544353,35913.60725420856,2873.088580336685,2873.0885803366846
1,32169.0,37533.0,Other,3.0,0.0,0.0,74.44929477,3.0,19.0,25.34174093,0.15215403397417704,0.4,32169.0,0.1683294810675927,67687.38845579237,5414.99107646339,5414.99107646339
0,56963.0,70607.0,Other,4.0,0.0,0.0,99.76441458,3.0,19.0,40.34526073,0.29955957274741096,0.4,56963.0,0.18685230376784911,133045.84724409986,10643.667779527988,10643.667779527988
1,50000.0,68000.0,Other,19.0,0.0,0.0,108.9,0.0,16.0,,0.15327783828274627,0.4,50000.0,0.16869010139849205,105431.31337405753,8434.505069924602,8434.505069924602
0,74562.0,89695.0,Other,24.0,0.0,0.0,338.7767458,1.0,47.0,28.43971651,0.015997777726683527,0.4,74562.0,0.0544056368827569,50707.4137156515,4056.59309725212,4056.59309725212
0,101717.0,122299.0,Other,11.0,,,402.7404817,1.0,49.0,38.42142758,0.022485552011046638,0.4,101717.0,0.06715864354010193,85389.69681210685,6831.175744968548,6831.175744968547
0,,74928.0,,,,,,,,23.98891307,0.06246719228825384,0.4,0.0,0.11786829861035059,0.0,0.0,0.0
0,,32221.0,Other,0.0,0.0,0.0,276.8419349,0.0,14.0,24.19867837,0.03716098853634068,0.4,0.0,0.08989002747386736,0.0,0.0,0.0
0,73765.0,93917.0,Other,15.0,,,128.8533019,4.0,15.0,24.49119861,0.12394097707580645,0.4,73765.0,0.15757528452944,145294.26079142676,11623.540863314141,11623.540863314141
0,55990.0,89673.0,Other,18.0,0.0,0.0,184.6259659,0.0,29.0,27.70164974,0.05034073076654889,0.4,55990.0,0.10577327971859725,74028.07414305325,5922.24593144426,5922.24593144426
0,80334.0,87448.0,Mgr,18.0,0.0,0.0,279.8765502,0.0,23.0,38.51399745,0.06505683988001881,0.4,80334.0,0.12020205818902946,120703.90178196866,9656.312142557492,9656.312142557492
1,33208.0,75000.0,Mgr,22.0,0.0,3.0,166.2,1.0,33.0,,0.4994262770470558,0.4,33208.0,0.16127553802070904,66945.47583239632,5355.638066591706,5355.638066591706
0,75441.0,116950.0,Office,26.0,0.0,0.0,322.7311957,2.0,37.0,33.78852367,0.017416761985563096,0.4,75441.0,0.05739269039470675,54122.0244508384,4329.761956067072,4329.761956067072
0,111493.0,133191.0,Self,6.0,0.0,0.0,159.4326981,0.0,19.0,34.3711489,0.19167101799522793,0.4,111493.0,0.17845484674057666,248705.8278455889,19896.466227647114,19896.466227647114
0,63342.0,78275.0,,19.0,0.0,0.0,162.1964843,1.0,11.0,32.61266276,0.12662172062628688,0.4,63342.0,0.15875048189690255,125694.66280392001,10055.573024313602,10055.573024313602
0,58503.0,74706.0,Other,6.0,0.0,0.0,243.9359963,1.0,16.0,36.79323717,0.10393694635857978,0.4,58503.0,0.14759987542905437,107937.9439028246,8635.035512225968,8635.035512225968
1,62733.0,77741.0,Mgr,8.0,0.0,0.0,68.89009617,3.0,17.0,37.77330059,0.2962677158489535,0.4,62733.0,0.18690307048729934,146562.37901099687,11724.99032087975,11724.99032087975
0,58839.0,81223.0,Office,4.0,0.0,0.0,102.2464696,2.0,15.0,26.20640995,0.06962549790218285,0.4,58839.0,0.12413248756624828,91297.89294888102,7303.8314359104825,7303.8314359104825
1,60782.0,100000.0,ProfExe,14.0,0.0,8.0,129.8666667,0.0,36.0,,0.9827174550076025,0.4,60782.0,0.00684700404504941,5202.1824983274155,416.17459986619326,416.1745998661932
1,64343.0,84013.0,Other,4.0,0.0,0.0,39.22171925,0.0,12.0,35.78843746,0.2611777766664333,0.4,64343.0,0.18639804982485564,149917.62149850858,11993.409719880687,11993.409719880687
1,133847.0,157399.0,ProfExe,17.0,0.0,2.0,70.88414409,0.0,12.0,34.70233074,0.5446657851397705,0.4,133847.0,0.15100343168797115,252641.95401424842,20211.356321139872,20211.356321139872
1,147801.0,157335.0,Other,4.0,0.0,0.0,85.57486576,4.0,21.0,34.75656038,0.2571892612263868,0.4,147801.0,0.18621027459633877,344025.8099451683,27522.064795613467,27522.064795613467
0,,42309.0,Other,,,1.0,56.93709635,0.0,10.0,37.35952991,0.4442429367617336,0.4,0.0,0.17194932878793656,0.0,0.0,0.0
0,,49147.0,Other,,,,110.5095805,,8.0,37.10814206,0.2372999056952101,0.4,0.0,0.18483154679344357,0.0,0.0,0.0
1,72581.0,90585.0,Office,18.0,1.0,1.0,207.9666667,0.0,30.0,,0.12393874133182281,0.4,72581.0,0.15757428964259163,142961.24395686178,11436.899516548943,11436.899516548943
0,77261.0,96434.0,ProfExe,3.0,0.0,0.0,144.0370039,0.0,26.0,33.90846584,0.10828321585210292,0.4,77261.0,0.1499612145010785,144826.91741959783,11586.153393567827,11586.153393567825
0,50513.0,61190.0,Other,5.0,0.0,0.0,75.38855124,1.0,11.0,30.49800512,0.18747457908970325,0.4,50513.0,0.17760722322512443,112143.42083463389,8971.473666770711,8971.47366677071
0,75453.0,100646.0,ProfExe,3.0,0.0,0.0,126.309835,0.0,26.0,33.75846632,0.1177560095839848,0.4,75453.0,0.15472577611155136,145931.54981181107,11674.523984944886,11674.523984944884
0,50170.0,64309.0,Mgr,7.0,,3.0,120.4312261,2.0,11.0,39.97548983,0.7952013907128103,0.4,50170.0,0.07625168765506429,47819.33962068219,3825.5471696545756,3825.5471696545756
0,81248.0,92503.0,Other,0.0,0.0,0.0,121.1996495,2.0,10.0,37.39023989,0.2541082300705286,0.4,81248.0,0.18604558052306727,188947.89157922714,15115.831326338171,15115.83132633817
1,90969.0,108606.0,Mgr,5.0,5.0,2.0,113.2575091,5.0,28.0,27.34759661,0.9372270378591984,0.4,90969.0,0.024493389896793394,27851.73981901748,2228.1391855213983,2228.1391855213983
0,79259.0,84322.0,Other,22.0,0.0,0.0,359.3322724,1.0,47.0,29.67139034,0.015629498396662084,0.4,79259.0,0.053609334450325175,53112.77798997904,4249.022239198323,4249.022239198323
0,56162.0,75526.0,Other,6.0,0.0,0.0,127.7869696,0.0,15.0,35.73405682,0.16116885369901185,0.4,56162.0,0.17109216906894054,120110.97999062299,9608.87839924984,9608.87839924984
0,51091.0,68264.0,Other,22.0,0.0,0.0,277.7556619,2.0,29.0,39.38731755,0.07929276838804676,0.4,51091.0,0.13174055735957377,84134.46020072479,6730.756816057983,6730.756816057983
0,93521.0,126024.0,Other,9.0,,,411.7530813,1.0,49.0,41.66428104,0.026852319693350907,0.4,93521.0,0.07465552759487983,87273.24495250946,6981.859596200757,6981.859596200756
1,52311.0,68994.0,Office,0.0,0.0,1.0,137.7840036,0.0,9.0,28.45471286,0.12336019972737279,0.4,52311.0,0.15731600650066083,102866.97020070086,8229.35761605607,8229.357616056068
0,8221.0,38290.0,Other,4.0,0.0,0.0,266.3837994,0.0,12.0,23.70306719,0.03885627599370789,0.4,8221.0,0.0921295285681866,9467.460679488275,757.396854359062,757.396854359062
0,56930.0,67557.0,Other,0.0,0.0,1.0,118.6995161,2.0,18.0,36.68688204,0.3762826441128786,0.4,56930.0,0.18169383630512473,129297.8762606344,10343.830100850751,10343.830100850751
1,52257.0,58275.0,Sales,5.0,0.0,0.0,80.25180099,0.0,21.0,34.14472595,0.37320894987674175,0.4,52257.0,0.1820311844470142,118905.04507059527,9512.403605647622,9512.40360564762
0,41153.0,51841.0,Office,10.0,0.0,0.0,210.2826895,0.0,23.0,32.42429306,0.035717578006946187,0.4,41153.0,0.08793028224548859,45232.4363156074,3618.594905248592,3618.5949052485917
1,31170.0,50725.0,Other,16.0,0.0,0.0,93.06666667,0.0,18.0,,0.16235818609580477,0.4,31170.0,0.17143503322146758,66795.3748189143,5343.629985513144,5343.629985513145
1,84532.0,104000.0,ProfExe,3.0,0.0,0.0,50.66666667,1.0,3.0,,0.3033368521601863,0.4,84532.0,0.18677475019853007,197355.53979727678,15788.443183782143,15788.443183782143
0,76964.0,90500.0,Other,3.0,0.0,0.0,101.4,2.0,32.0,,0.16019953629367198,0.4,76964.0,0.1708090898311551,164326.88487206277,13146.150789765023,13146.15078976502
0,64917.0,102270.0,Other,10.0,0.0,0.0,213.0333333,0.0,21.0,,0.08490005071803283,0.4,64917.0,0.13576017728942139,110164.2928637171,8813.143429097368,8813.143429097368
0,,63684.0,Other,,0.0,0.0,358.0666667,0.0,7.0,,0.052472957272433056,0.4,0.0,0.10805277197540133,0.0,0.0,0.0
0,47350.86,105000.0,ProfExe,6.0,0.0,1.0,227.2666667,0.0,10.0,,0.19768859222551843,0.4,47350.86,0.17958644371751964,106294.65692957691,8503.572554366154,8503.572554366152
0,50400.0,65000.0,Mgr,6.0,,,117.6,,24.0,,0.14638818494171485,0.4,50400.0,0.16640335642927662,104834.11455044425,8386.72916403554,8386.729164035542
0,96884.0,110108.0,Other,18.0,0.0,2.0,194.8,2.0,16.0,,0.40877935350797334,0.4,96884.0,0.17755529093649255,215028.3350886393,17202.266807091142,17202.266807091146
0,82700.0,121000.0,Office,9.0,0.0,0.0,131.9,1.0,22.0,,0.07563162108641838,0.4,82700.0,0.128965510821603,133318.0968118321,10665.447744946568,10665.447744946568
0,29000.0,51740.0,Other,31.0,0.0,0.0,243.2,0.0,19.0,,0.06574250980446206,0.4,29000.0,0.12080682468607443,43792.473948701976,3503.3979158961583,3503.3979158961583
1,43881.0,56000.0,Other,5.0,0.0,3.0,73.03333333,3.0,28.0,,0.7475269435000836,0.4,43881.0,0.09233999394377604,50649.64092808545,4051.971274246836,4051.9712742468364
1,31896.0,46195.0,Other,25.0,0.0,2.0,122.3891553,3.0,16.0,36.68165215,0.5664672390470097,0.4,31896.0,0.14562318479384456,58059.96377730583,4644.797102184466,4644.797102184466
0,56226.0,67466.0,Other,7.0,0.0,0.0,126.7450871,0.0,16.0,33.98784698,0.14277246688470555,0.4,56226.0,0.16512856470915793,116056.48349171392,9284.518679337114,9284.518679337114
1,32539.0,65440.0,Office,5.0,,,,,,42.36894433,0.10330342082033168,0.4,32539.0,0.14724591758289107,59890.436402871164,4791.234912229694,4791.234912229693
0,131108.0,199295.0,ProfExe,1.0,0.0,0.0,61.0009855,1.0,22.0,35.93061089,0.22416373318925545,0.4,131108.0,0.18348642794019182,300706.7324297833,24056.538594382666,24056.53859438267
0,55367.0,79819.0,Office,5.0,0.0,0.0,101.281185,1.0,15.0,27.1892129,0.06543933521478246,0.4,55367.0,0.12054008801387515,83424.28816330283,6673.943053064227,6673.943053064226
0,50866.0,73064.0,Mgr,5.0,,,118.570005,,23.0,40.1860615,0.20167287023212174,0.4,50866.0,0.18028312071506766,114628.51522865788,9170.28121829263,9170.281218292632
0,12340.0,36133.0,,,,,,,,31.70381472,0.10141547383587131,0.4,12340.0,0.14617593735789897,22547.638337455915,1803.8110669964733,1803.8110669964733
0,53177.0,56782.0,Other,9.0,0.0,0.0,106.500537,3.0,33.0,40.0841755,0.2206123870988173,0.4,53177.0,0.18305888987636862,121681.53233694567,9734.522586955654,9734.522586955654
0,,50391.0,,,,,,,,15.02470583,0.034858855724282066,0.4,0.0,0.086740195177808,0.0,0.0,0.0
0,80719.0,86782.0,Other,23.0,0.0,0.0,333.0115898,1.0,47.0,30.39545792,0.018990475034158297,0.4,80719.0,0.06056625446903503,61110.59368107548,4888.847494486038,4888.847494486039
0,50606.0,58822.0,Other,11.0,0.0,0.0,89.64483342,0.0,22.0,36.30240922,0.17080637859364084,0.4,50606.0,0.17373292201441592,109899.10314326915,8791.928251461532,8791.928251461532
1,17218.0,36721.0,Other,8.0,0.0,1.0,115.7520933,3.0,5.0,37.47941029,0.4854334333041804,0.4,17218.0,0.1641876492702752,35337.28681419498,2826.9829451355986,2826.9829451355986
0,43249.0,52946.0,Mgr,20.0,1.0,1.0,228.3963399,1.0,18.0,35.18184074,0.27279812759109345,0.4,43249.0,0.18678707615013082,100979.4282052126,8078.3542564170075,8078.3542564170075
0,48797.0,67761.0,Mgr,7.0,,3.0,116.9791548,3.0,11.0,37.79737881,0.7958685174962031,0.4,48797.0,0.07602152453335145,46370.27915817439,3709.622332653951,3709.6223326539507
1,,11550.0,Other,,0.0,0.0,51.93333333,1.0,3.0,,0.29738820767378044,0.4,0.0,0.1868875661723497,0.0,0.0,0.0
1,78369.0,92000.0,Sales,0.2,0.0,0.0,180.8333333,3.0,35.0,,0.27806407624690743,0.4,78369.0,0.18688875392001492,183078.5594494706,14646.284755957648,14646.28475595765
1,28550.0,40300.0,Other,5.0,0.0,0.0,109.5356355,7.0,33.0,23.08290534,0.13192270068795467,0.4,28550.0,0.16097305187694722,57447.25788858554,4595.780631086844,4595.780631086843
0,24721.0,34462.0,Other,1.0,0.0,0.0,28.10052036,9.0,7.0,27.52068217,0.44734429820500543,0.4,24721.0,0.17140959399943748,52967.70716575117,4237.416573260094,4237.416573260094
0,62976.0,77829.0,Mgr,0.0,0.0,2.0,131.193496,0.0,23.0,26.09041891,0.28180404127411257,0.4,62976.0,0.18693372232938818,147154.22621769438,11772.33809741555,11772.33809741555
0,46406.0,56134.0,Other,9.0,0.0,0.0,93.85346069,3.0,34.0,39.46633033,0.2222748234744932,0.4,46406.0,0.18326251917605751,106306.00581105157,8504.480464884125,8504.480464884125
0,,74450.0,,,,,,,,23.94251651,0.06228183282368064,0.4,0.0,0.11769817234849717,0.0,0.0,0.0
0,53764.0,56429.0,Other,9.0,0.0,0.0,92.07897878,3.0,33.0,40.58208394,0.24179971375775128,0.4,53764.0,0.18521041194364746,124470.65734672827,9957.652587738263,9957.652587738261
0,78210.0,86558.0,Mgr,8.0,0.0,0.0,92.11150428,0.0,23.0,28.1670747,0.10033136848386107,0.4,78210.0,0.14555110499563365,142294.39902135634,11383.551921708508,11383.551921708508
0,59430.0,76897.0,Other,5.0,0.0,1.0,246.0951091,1.0,16.0,37.47092338,0.2098535769943609,0.4,59430.0,0.18158775488663764,134897.00341141093,10791.760272912874,10791.760272912876
0,47756.0,84022.0,Other,18.0,0.0,0.0,206.797361,1.0,17.0,32.39114639,0.08781834181174465,0.4,47756.0,0.13774871457706406,82229.09516677838,6578.3276133422705,6578.327613342271
0,71994.0,95525.0,Other,16.0,,,126.8164392,3.0,16.0,25.62193049,0.11623289669011183,0.4,71994.0,0.15399333215262692,138582.44943745277,11086.595954996223,11086.595954996223
0,92395.0,114494.0,Office,24.0,0.0,0.0,130.3767882,1.0,11.0,39.11215036,0.11354179175817238,0.4,92395.0,0.15266835446492122,176322.40763482996,14105.792610786397,14105.792610786397
0,55643.0,75267.0,Other,2.0,0.0,1.0,224.882232,2.0,15.0,35.62935439,0.24044332446419037,0.4,55643.0,0.18510046703201433,128744.31608827967,10299.545287062374,10299.545287062374
0,19756.0,26140.0,Other,0.0,1.0,0.0,0.4867114508,9.0,7.0,27.07525664,0.6259644541545145,0.4,19756.0,0.12968328029374288,32025.286068539805,2562.0228854831844,2562.0228854831844
0,46707.0,60000.0,Mgr,4.0,0.0,0.0,192.8,2.0,17.0,,0.12997677013293935,0.4,46707.0,0.1601724742109496,93514.69691213529,7481.175752970823,7481.175752970823
1,64900.0,78000.0,Mgr,10.0,0.0,0.0,122.7666667,2.0,24.0,,0.15594813199160434,0.4,64900.0,0.1695281664813203,137529.72505797108,11002.378004637687,11002.378004637687
1,70715.0,85000.0,Office,26.0,0.0,0.0,143.0666667,2.0,23.0,,0.07068572733241901,0.4,70715.0,0.12501226973865173,110503.03318210946,8840.242654568758,8840.242654568758
0,72859.0,88183.0,Mgr,8.0,0.0,0.0,105.6552052,0.0,23.0,29.00720777,0.09830345759348376,0.4,72859.0,0.1443614365623294,131475.37383118446,10518.029906494758,10518.029906494758
0,52531.0,66491.0,Mgr,11.0,0.0,0.0,122.2285343,1.0,19.0,32.65762889,0.13455709472308408,0.4,52531.0,0.16202934854262369,106394.54635365708,8511.563708292566,8511.563708292564
0,57375.0,69040.0,Other,0.0,0.0,1.0,116.4187965,2.0,18.0,36.62562946,0.37846729059772816,0.4,57375.0,0.18144814991114278,130132.34501439771,10410.587601151818,10410.587601151818
0,48130.0,62358.0,Other,15.0,0.0,4.0,219.657131,0.0,36.0,27.61706343,0.46559436712041996,0.4,48130.0,0.16808284076042923,101122.83907249324,8089.827125799459,8089.827125799459
0,69657.0,89082.0,,3.0,0.0,0.0,217.3211547,0.0,16.0,28.74989037,0.06548114516635113,0.4,69657.0,0.12057693548250886,104987.84493631401,8399.027594905121,8399.02759490512
0,79724.0,105493.0,Mgr,2.0,0.0,0.0,63.43088731,2.0,23.0,39.38611808,0.2785787651838793,0.4,79724.0,0.18689627163241218,186251.47949528036,14900.11835962243,14900.11835962243
0,73252.0,100537.0,ProfExe,2.0,0.0,0.0,99.77452712,0.0,26.0,34.51463507,0.14203554894840795,0.4,73252.0,0.16486221941593182,150956.09120819796,12076.487296655838,12076.487296655838
0,30204.0,57036.0,Other,30.0,0.0,0.0,235.492813,0.0,19.0,23.13784056,0.03220593118398263,0.4,30204.0,0.08294268587460372,31315.011051956637,2505.200884156531,2505.2008841565307
0,75425.0,109040.0,Office,2.0,0.0,0.0,235.9462106,0.0,38.0,17.87525907,0.008747828525817639,0.4,75425.0,0.03667257548823954,34575.36257750584,2766.0290062004674,2766.029006200467
0,,57650.0,Other,11.0,1.0,0.0,308.3394397,2.0,13.0,31.55383541,0.10534385205802527,0.4,0.0,0.14837693738613167,0.0,0.0,0.0
0,63566.0,70551.0,ProfExe,14.0,0.0,0.0,138.3373521,0.0,19.0,42.48370297,0.19719280445876225,0.4,63566.0,0.17949686060648665,142623.71801639913,11409.89744131193,11409.89744131193
0,,45906.0,Other,,,,92.82171424,,9.0,36.14127616,0.24013457965614873,0.4,0.0,0.18507493063307187,0.0,0.0,0.0
0,79133.0,100033.0,Other,3.0,0.0,0.0,102.1630274,2.0,31.0,40.79463545,0.2255764697834333,0.4,79133.0,0.18364875830666563,181658.46488851713,14532.677191081371,14532.677191081371
0,46466.0,57182.0,Other,2.0,0.0,0.0,100.0518662,0.0,20.0,38.44431799,0.19978980745491484,0.4,46466.0,0.17995897423733218,104524.67121139847,8361.973696911879,8361.973696911877
0,59617.0,67709.0,Other,4.0,0.0,1.0,243.8307278,1.0,16.0,35.96828075,0.1965156592499845,0.4,59617.0,0.1793734617998684,133671.34590153443,10693.707672122755,10693.707672122755
0,,36793.0,Other,,,,304.5201894,,11.0,30.73881376,0.05634661884420223,0.4,0.0,0.11201940670801643,0.0,0.0,0.0
0,58051.0,65334.0,Mgr,6.0,,,113.2818573,,23.0,41.86003981,0.22493864784062614,0.4,58051.0,0.18357601035371998,133209.6372130475,10656.770977043801,10656.770977043798
0,39307.0,51680.0,Office,8.0,0.0,0.0,196.0146349,0.0,23.0,30.7315717,0.03511702490423012,0.4,39307.0,0.0870999289320311,42795.461331641825,3423.636906531346,3423.6369065313465
1,84900.0,105798.0,ProfExe,2.0,0.0,0.0,41.8072046,1.0,3.0,26.9566979,0.2120457869265564,0.4,84900.0,0.18190954063902784,193051.50000316827,15444.120000253462,15444.120000253464
1,78000.0,97700.0,Mgr,12.0,0.0,2.0,88.5,4.0,29.0,,0.5564172241114348,0.4,78000.0,0.14813614700408126,144432.7433289792,11554.619466318338,11554.619466318338
1,24000.0,37125.0,Office,3.5,1.0,1.0,148.0333333,2.0,19.0,,0.27190844800679265,0.4,24000.0,0.18676539023765104,56029.61707129532,4482.369365703626,4482.369365703625
0,21138.0,30700.0,Other,3.0,,,,,,,0.12586193869676623,0.4,21138.0,0.1584209742599621,41858.78192383848,3348.7025539070787,3348.7025539070787
0,44026.0,70535.0,Office,12.0,3.0,1.0,245.9,2.0,29.0,,0.3368196761283577,0.4,44026.0,0.1852413828667265,101942.96402613126,8155.437122090501,8155.437122090501
0,,55350.0,Other,9.0,0.0,0.0,308.3403318,2.0,13.0,33.6355254,0.0710949267657453,0.4,0.0,0.12534868751188724,0.0,0.0,0.0
0,81986.0,94513.0,Other,2.0,3.0,0.0,,0.0,4.0,31.89390379,0.4650185769321232,0.4,81986.0,0.16819164141322052,172366.99891130373,13789.3599129043,13789.359912904298
0,54088.0,66961.0,Other,22.0,0.0,0.0,278.1604735,3.0,28.0,40.82354171,0.099671455907541,0.4,54088.0,0.14516697690991273,98147.393088792,7851.79144710336,7851.79144710336
1,38115.0,60493.0,Other,14.0,0.0,0.0,91.93263226,0.0,18.0,29.63360847,0.12154128373852235,0.4,38115.0,0.15649301341711475,74559.1400799166,5964.731206393328,5964.731206393329
0,53772.0,71497.0,Mgr,2.0,0.0,2.0,136.0800299,0.0,23.0,29.68667084,0.324654904706971,0.4,53772.0,0.1859675014347118,124998.05608934154,9999.844487147324,9999.844487147324
0,,44108.0,Other,,,,290.818074,,12.0,29.74359996,0.055822563367046676,0.4,0.0,0.11149538582122308,0.0,0.0,0.0
0,21979.0,39880.0,Other,3.0,,,,,,38.84408934,0.15890276118976185,0.4,21979.0,0.17042521504920552,46822.197519581096,3745.7758015664876,3745.775801566488
0,106449.0,120066.0,Other,18.0,0.0,1.0,189.9199182,1.0,15.0,37.08645509,0.2523346232860396,0.4,106449.0,0.18594287948236496,247417.91972522833,19793.433578018266,19793.433578018266
0,52371.0,55764.0,Office,1.0,0.0,0.0,177.7028004,0.0,20.0,37.35868805,0.06687926099187032,0.4,52371.0,0.12179766474440941,79733.31875411831,6378.665500329465,6378.665500329465
0,49484.0,59137.0,Other,10.0,0.0,0.0,102.2726766,0.0,22.0,37.26913108,0.17055800528676265,0.4,49484.0,0.17366871838883136,107422.78575941164,8593.82286075293,8593.82286075293
0,,50575.0,Other,,,,99.06951832,,8.0,35.9078154,0.23470894383770466,0.4,0.0,0.18459484198493797,0.0,0.0,0.0
0,57105.0,67061.0,Other,6.0,0.0,0.0,129.5084838,0.0,34.0,35.73459276,0.10958009564589039,0.4,57105.0,0.1506437498491488,107531.39168919553,8602.511335135643,8602.511335135643
1,52024.0,89107.0,Office,0.0,1.0,0.0,148.8447376,3.0,26.0,36.08003177,0.15461132465522973,0.4,52024.0,0.16911189878656488,109973.46778090313,8797.877422472251,8797.877422472251
0,85448.0,94101.0,Other,2.0,0.0,0.0,104.1133632,2.0,32.0,39.54184797,0.2064224655289076,0.4,85448.0,0.18106076377422964,193391.0017872547,15471.280142980377,15471.280142980375
0,56508.0,78358.0,,17.0,0.0,0.0,141.9311562,0.0,11.0,32.32749505,0.1245942359399548,0.4,56508.0,0.15786491702695718,111507.8841419912,8920.630731359297,8920.630731359297
0,81596.0,116738.0,Office,28.0,0.0,0.0,338.6290354,1.0,38.0,34.16951368,0.013791570364807526,0.4,81596.0,0.04949304051189762,50480.42667010997,4038.4341336087978,4038.4341336087978
0,76989.0,88788.0,Other,24.0,0.0,0.0,350.6390057,0.0,46.0,30.06137137,0.014948326744470237,0.4,76989.0,0.05211217600224484,50150.80397796035,4012.064318236828,4012.064318236828
0,57000.0,70000.0,Other,4.0,0.0,0.0,179.5666667,2.0,17.0,,0.14405906698104248,0.4,57000.0,0.16558824295276597,117981.62310384576,9438.52984830766,9438.52984830766
0,26700.0,40150.0,Other,9.0,0.0,0.0,80.16666667,0.0,4.0,,0.23222866152007948,0.4,26700.0,0.18435529731104916,61528.58047756265,4922.286438205012,4922.286438205013
0,,30455.0,Office,18.0,0.0,0.0,194.614216,0.0,16.0,39.00006486,0.06608963053963586,0.4,0.0,0.12111093836721994,0.0,0.0,0.0
0,61185.0,65302.0,Other,1.0,0.0,2.0,117.1710044,2.0,18.0,35.61194388,0.5526606638484957,0.4,61185.0,0.14906117653606543,114003.85107948954,9120.308086359164,9120.308086359164
0,109991.0,125146.0,Self,7.0,0.0,1.0,171.6798111,0.0,18.0,34.81346859,0.3368688853741138,0.4,109991.0,0.185238073508449,254681.5117908477,20374.520943267817,20374.520943267817
0,122412.0,178547.0,Other,7.0,0.0,0.0,226.0888071,0.0,19.0,35.46338698,0.08725299345395299,0.4,122412.0,0.13736879224079987,210194.8574472599,16815.588595780795,16815.588595780795
0,61213.0,70800.0,Other,5.0,0.0,0.0,75.86265973,3.0,20.0,39.40381239,0.3095585979149696,0.4,61213.0,0.18660300027908175,142781.61820104287,11422.52945608343,11422.529456083432
0,53756.0,76077.0,Office,12.0,2.0,0.0,244.1166529,2.0,29.0,33.37457063,0.10492418096309815,0.4,53756.0,0.14814643362696325,99546.99607563796,7963.759686051037,7963.759686051037
0,81546.0,119128.0,Office,30.0,0.0,0.0,328.1781237,2.0,38.0,34.15031938,0.016454463523425503,0.4,81546.0,0.05538076175662883,56450.994977575676,4516.0795982060545,4516.0795982060545
0,86539.0,95010.0,Other,0.0,4.0,0.0,,0.0,3.0,29.81532359,0.584473416003216,0.4,86539.0,0.14098593994682138,152509.7782132247,12200.782257057976,12200.782257057976
0,71600.0,99682.0,Other,16.0,,,159.0363707,4.0,16.0,25.60722823,0.11030984931782674,0.4,71600.0,0.15102346888850346,135166.0046552106,10813.280372416848,10813.280372416848
0,77715.0,101258.0,Mgr,2.0,0.0,0.0,65.87658672,1.0,23.0,38.10800099,0.23401555522909231,0.4,77715.0,0.18452915906519576,179258.5449593961,14340.683596751687,14340.683596751689
0,52598.0,74747.0,Mgr,6.0,,,129.3438245,,24.0,42.26546612,0.20960970776869065,0.4,52598.0,0.1815512444038987,119365.4044144533,9549.232353156263,9549.232353156263
0,51505.0,84178.0,Other,19.0,0.0,0.0,202.6979629,0.0,16.0,35.53061343,0.09811901426204273,0.4,51505.0,0.1442518644188918,92871.15346118777,7429.692276895022,7429.692276895022
0,92340.0,125451.0,Office,7.0,0.0,0.0,129.1137248,1.0,22.0,36.3499746,0.085348936705357,0.4,92340.0,0.1360705167036283,157059.39390516296,12564.751512413037,12564.751512413037
0,53244.0,62245.0,Other,23.0,0.0,0.0,276.787744,3.0,28.0,37.82185151,0.08281728977847486,0.4,53244.0,0.13429845644962632,89382.3376900488,7150.587015203903,7150.587015203903
0,77410.0,116693.0,Office,0.0,0.0,0.0,245.0836519,0.0,37.0,17.17690066,0.008201021562608057,0.4,77410.0,0.03510909411558631,33972.4371935942,2717.7949754875362,2717.7949754875362
0,56675.0,66976.0,Other,6.0,0.0,0.0,128.071648,0.0,33.0,35.03337113,0.10798096606139948,0.4,56675.0,0.149800710437185,106124.44080034323,8489.95526402746,8489.95526402746
0,103973.0,119817.0,Other,18.0,0.0,2.0,182.6166394,2.0,16.0,37.33797719,0.46798375086122956,0.4,103973.0,0.1676287337226047,217860.77914175473,17428.862331340377,17428.862331340377
1,50400.0,63000.0,Other,1.0,0.0,0.0,91.26666667,8.0,22.0,,0.3637560767481971,0.4,50400.0,0.18300647123255392,115294.07687650896,9223.526150120717,9223.526150120717
1,36114.0,45654.0,Office,0.0,0.0,0.0,83.33329177,0.0,9.0,25.34347845,0.06662812145196044,0.4,36114.0,0.1215800132725718,54884.25749157072,4390.740599325658,4390.740599325658
0,115186.0,131800.0,Self,7.0,0.0,0.0,177.0500361,0.0,19.0,33.43055804,0.16597332618236524,0.4,115186.0,0.17244747414483755,248294.1844605907,19863.534756847257,19863.534756847257
0,41541.0,57280.0,Other,6.0,0.0,0.0,69.22936935,1.0,10.0,29.16012708,0.18161717631072807,0.4,41541.0,0.1763405223192972,91567.02047082405,7325.361637665924,7325.361637665925
0,28750.0,42408.0,Office,0.0,0.0,0.0,115.5749709,1.0,30.0,39.05039479,0.09598864435944217,0.4,28750.0,0.14296940822709378,51379.63108161183,4110.3704865289465,4110.3704865289465
0,47019.0,59413.0,Other,4.0,0.0,0.0,78.02555168,0.0,11.0,31.41813239,0.17582886266850542,0.4,47019.0,0.17498919116225822,102847.70974072773,8227.816779258219,8227.816779258219
0,131394.0,162449.0,ProfExe,10.0,0.0,0.0,222.0095049,0.0,18.0,19.55124299,0.03183728723457596,0.4,131394.0,0.08239983759331584,135335.55325920178,10826.844260736143,10826.844260736141
0,55862.0,62965.0,Other,15.0,0.0,4.0,223.103914,0.0,36.0,26.14117805,0.43560090857662104,0.4,55862.0,0.17341267718218845,121089.73715939264,9687.178972751411,9687.178972751411
0,70000.0,85000.0,ProfExe,9.0,0.0,1.0,175.5666667,1.0,12.0,,0.2632600763278137,0.4,70000.0,0.1864848749428355,163174.26557498105,13053.941245998485,13053.941245998485
0,35019.0,52710.0,Other,12.0,0.0,0.0,241.5817794,0.0,31.0,38.20866784,0.07169611632381488,0.4,35019.0,0.12583981752200085,55084.80712253685,4406.784569802948,4406.784569802948
0,21900.0,35250.0,Mgr,16.0,0.0,0.0,59.86666667,1.0,10.0,,0.236908687536556,0.4,21900.0,0.18479668368718755,50588.092159367596,4047.0473727494077,4047.0473727494073
0,59494.0,75930.0,Other,0.0,0.0,0.0,98.99850784,0.0,6.0,36.88843637,0.2399088209417742,0.4,59494.0,0.18505613778225163,137621.62326521598,11009.729861217278,11009.729861217278
0,42699.0,57680.0,,10.0,0.0,0.0,114.4929085,1.0,26.0,25.07515295,0.07972653563169409,0.4,42699.0,0.1320612401869011,70486.03618425613,5638.88289474049,5638.88289474049
0,43210.0,59692.0,Other,1.0,1.0,,103.0894831,,13.0,38.70498507,0.3772252433161844,0.4,43210.0,0.1815884306231707,98080.45109034008,7846.436087227206,7846.436087227206
0,58185.0,64576.0,Mgr,6.0,,4.0,127.8552645,1.0,11.0,38.29830913,0.8653569541977485,0.4,58185.0,0.051347865959168626,37345.94476042783,2987.675580834227,2987.6755808342264
1,54612.0,68759.0,Other,9.0,0.0,0.0,89.10283861,0.0,19.0,31.35390694,0.13796324852161843,0.4,54612.0,0.16334940578323348,111510.47185792433,8920.837748633947,8920.837748633947
0,79479.0,88772.0,ProfExe,8.0,0.0,0.0,189.5890747,0.0,12.0,37.95298991,0.14004924949506073,0.4,79479.0,0.16413307243020703,163064.1557960053,13045.132463680424,13045.132463680424
1,,40000.0,Other,10.0,0.0,0.0,36.5,1.0,1.0,,0.3222887973998812,0.4,0.0,0.18608697958636994,0.0,0.0,0.0
0,62405.0,69459.0,Other,0.0,0.0,2.0,86.43183174,2.0,18.0,36.26033127,0.6092791286416946,0.4,62405.0,0.13432795639042602,104784.2014818067,8382.736118544535,8382.736118544535
0,45158.0,55455.0,Other,15.0,0.0,0.0,82.71313688,0.0,12.0,30.931518,0.15392635468177587,0.4,45158.0,0.16889605847679856,95337.60260869087,7627.00820869527,7627.00820869527
0,64758.0,63646.0,Other,5.0,0.0,0.0,120.6445586,0.0,34.0,35.98492935,0.11725510476524732,0.4,64758.0,0.15448627159190098,125052.77469685405,10004.221975748324,10004.221975748324
0,53277.0,60843.0,Office,0.0,0.0,0.0,180.2840616,0.0,21.0,37.95078758,0.06745131487068882,0.4,53277.0,0.12229081586676796,81441.09746167246,6515.287796933797,6515.287796933797
0,84333.0,201281.0,Self,14.0,0.0,0.0,13.21305726,,7.0,17.82563094,0.20546480473841927,0.4,84333.0,0.18090851207741226,190706.96936280513,15256.55754902441,15256.557549024408
0,70589.0,99384.0,Other,0.0,0.0,1.0,176.4674623,0.0,31.0,34.23478958,0.17119493825842483,0.4,70589.0,0.1738329655602512,153383.69007415717,12270.695205932574,12270.695205932572
1,42357.0,99756.0,Office,4.0,1.0,4.0,354.650225,0.0,30.0,36.52517293,0.43795890584903124,0.4,42357.0,0.1730193987308256,91607.28340051975,7328.58267204158,7328.582672041581
0,,68324.0,Other,,0.0,0.0,356.4501783,0.0,6.0,36.55426832,0.060320204598519625,0.4,0.0,0.11587168794330238,0.0,0.0,0.0
0,73000.0,99600.0,ProfExe,4.5,0.0,1.0,93.33333333,1.0,34.0,,0.26576499794039954,0.4,73000.0,0.18657929431393452,170253.60606146525,13620.28848491722,13620.28848491722
0,53196.0,63942.0,Other,16.0,0.0,4.0,227.563684,0.0,36.0,24.01676994,0.39236684298667934,0.4,53196.0,0.17977280614582247,119539.92744666466,9563.194195733173,9563.194195733173
0,56224.0,60260.0,Other,15.0,0.0,3.0,219.7420453,0.0,36.0,25.43946354,0.2544287055677192,0.4,56224.0,0.1860635192122717,130765.44130238457,10461.235304190766,10461.235304190765
0,46683.0,61773.0,Office,1.0,0.0,0.0,171.058449,1.0,20.0,38.00528931,0.08168171858170781,0.4,46683.0,0.13348609487006766,77894.1420852421,6231.5313668193685,6231.5313668193685
0,,56900.0,,,,,,,,14.43523879,0.03352919904475964,0.4,0.0,0.084860305786277,0.0,0.0,0.0
1,24680.0,43500.0,Other,18.0,0.0,3.0,114.6666667,0.0,19.0,,0.6362226768083814,0.4,24680.0,0.126764412780812,39106.8213428805,3128.5457074304404,3128.54570743044
0,50655.0,59502.0,Other,0.0,0.0,0.0,93.4328441,0.0,20.0,37.98235351,0.20321353039562,0.4,50655.0,0.1805415893042808,114316.6775776043,9145.334206208345,9145.334206208343
0,45240.0,60136.0,Other,2.0,0.0,1.0,83.06675091,0.0,19.0,38.45430002,0.38329725723706787,0.4,45240.0,0.18088776184540545,102292.02932357679,8183.362345886143,8183.362345886142
0,77359.0,101365.0,Other,1.0,0.0,0.0,182.8035145,0.0,31.0,33.48191013,0.07864114989414978,0.4,77359.0,0.13125564579382723,126922.56878705851,10153.80550296468,10153.80550296468
0,44553.0,48626.0,Mgr,20.0,0.0,1.0,226.4521595,0.0,18.0,35.55592289,0.15941356068704546,0.4,44553.0,0.17057713243402717,94996.53726666515,7599.722981333212,7599.722981333212
0,75566.0,92066.0,Office,14.0,0.0,0.0,94.98792219,0.0,8.0,25.16118348,0.057645097149749865,0.4,75566.0,0.11330145533582098,107021.7221738331,8561.737773906649,8561.737773906649
0,29094.0,51990.0,Other,30.0,0.0,0.0,246.1952393,0.0,19.0,20.74336471,0.025838685183539593,0.4,29094.0,0.07298018822554263,26541.069952924216,2123.285596233937,2123.285596233937
0,45907.0,57507.0,Other,6.0,0.0,0.0,81.22944864,0.0,11.0,29.03757422,0.149295818821438,0.4,45907.0,0.16739074501413417,96055.0866420482,7684.4069313638565,7684.406931363857
0,53527.0,58605.0,Office,4.0,0.0,0.0,75.58454258,3.0,12.0,36.70953891,0.18003011796966842,0.4,53527.0,0.17598004653047541,117746.04938295948,9419.683950636758,9419.683950636758
0,98232.0,117321.0,Other,19.0,0.0,2.0,194.4247179,2.0,15.0,36.95089224,0.44808126236396484,0.4,98232.0,0.17128022288235406,210314.98567724257,16825.198854179405,16825.198854179405
0,,64644.0,Other,,0.0,0.0,368.0709241,0.0,6.0,36.5731696,0.05661102216785429,0.4,0.0,0.11228234166216688,0.0,0.0,0.0
0,21883.0,67432.0,Office,24.0,0.0,0.0,308.9955757,1.0,12.0,41.41428065,0.048494771022726785,0.4,21883.0,0.10374110462610903,28377.082406664296,2270.1665925331436,2270.166592533144
0,84933.0,122520.0,Office,10.0,0.0,0.0,141.433076,1.0,23.0,36.79501396,0.0788777296387644,0.4,84933.0,0.13143214253381433,139536.57702280566,11162.926161824453,11162.926161824453
1,55986.0,73000.0,Other,2.5,0.0,1.0,207.1666667,2.0,29.0,,0.19438460355263373,0.4,55986.0,0.17897716397228605,125252.6937769051,10020.215502152409,10020.215502152407
0,108000.0,210000.0,ProfExe,2.3,0.0,0.0,124.8333333,1.0,15.0,,0.1765300809894918,0.4,108000.0,0.1751583149037843,236463.72512010884,18917.098009608708,18917.098009608704
0,5801.0,58305.0,Other,8.0,2.0,1.0,352.9666667,1.0,22.0,,0.24600000210214928,0.4,5801.0,0.18552796661062051,13453.096678852618,1076.2477343082096,1076.2477343082096
0,59100.0,74986.0,Office,14.0,0.0,0.0,244.5333333,1.0,32.0,,0.031296590182278365,0.4,59100.0,0.08159663528890418,60279.51431967796,4822.361145574237,4822.361145574237
1,53000.0,56000.0,Office,2.0,0.0,0.0,75.03333333,5.0,18.0,,0.18279773941822794,0.4,53000.0,0.1766038381158176,117000.04275172915,9360.003420138333,9360.003420138331
1,73085.0,92000.0,Other,8.0,0.0,3.0,173.5,0.0,34.0,,0.4840253951835454,0.4,73085.0,0.1644732879291604,150256.62810378362,12020.53024830269,12020.530248302688
0,39141.0,48905.0,Other,13.0,0.0,0.0,89.83593974,0.0,11.0,32.4314097,0.16698386630260792,0.4,39141.0,0.17272260618690705,84506.69410952162,6760.535528761729,6760.5355287617285
0,44652.0,63232.0,Other,9.0,0.0,0.0,102.1655136,0.0,22.0,37.03487587,0.16935690238205636,0.4,44652.0,0.17335542552680858,96758.3307577882,7740.666460623055,7740.666460623057
0,59633.0,70398.0,Other,4.0,0.0,0.0,239.0382058,1.0,16.0,38.86724899,0.12240112517248924,0.4,59633.0,0.15688414435456677,116943.4022536985,9355.47218029588,9355.47218029588
0,63488.0,74374.0,Office,5.0,0.0,0.0,106.5894523,2.0,15.0,26.89601277,0.07057591841598358,0.4,63488.0,0.12492169617662591,99137.85808577032,7931.028646861626,7931.028646861626
0,8852.0,60599.0,Other,7.0,2.0,1.0,359.1044913,1.0,21.0,16.87198276,0.08659937170884378,0.4,8852.0,0.1369263963908227,15150.905760644533,1212.0724608515627,1212.0724608515627
1,32660.0,54536.0,Office,0.0,0.0,0.0,156.4821057,0.0,13.0,67.32490355,0.4265532607534648,0.4,32660.0,0.17487901252075855,71394.35686159968,5711.5485489279745,5711.5485489279745
0,,54385.0,Other,10.0,0.0,0.0,314.7328327,1.0,13.0,34.17040354,0.06235193999232517,0.4,0.0,0.11776256728499437,0.0,0.0,0.0
0,77394.0,86917.0,Office,16.0,0.0,1.0,81.46140046,0.0,9.0,27.70585654,0.1432105912331734,0.4,77394.0,0.16528585794513342,159901.67112257073,12792.133689805658,12792.133689805656
1,47000.0,82000.0,Other,,1.0,2.0,96.63333333,,8.0,,0.7158946640026186,0.4,47000.0,0.10259851230057593,60276.62597658835,4822.130078127068,4822.130078127068
0,54564.0,62109.0,Mgr,10.0,0.0,0.0,124.021625,0.0,19.0,32.56568637,0.11880838611126497,0.4,54564.0,0.15522462048254115,105870.9524001172,8469.676192009376,8469.676192009376
0,15021.0,31900.0,Other,6.0,0.0,0.0,276.7342017,0.0,11.0,22.29124919,0.03367713685608635,0.4,15021.0,0.08507174927043959,15973.284322390913,1277.862745791273,1277.862745791273
0,136154.0,203815.0,ProfExe,1.0,0.0,0.0,70.85332764,2.0,23.0,35.8789883,0.2325872044709213,0.4,136154.0,0.18439071606763233,313819.1694434051,25105.53355547241,25105.53355547241
0,79405.0,111563.0,Office,0.0,0.0,0.0,240.9429936,1.0,38.0,19.33281003,0.010836496928271424,0.4,79405.0,0.0422973259341597,41982.739572524384,3358.6191658019507,3358.6191658019507
0,58936.0,78078.0,,19.0,0.0,0.0,152.1401257,0.0,11.0,32.18876052,0.11576503566414725,0.4,58936.0,0.15376583094705157,113279.28765869289,9062.343012695432,9062.343012695432
0,74962.0,108730.0,ProfExe,4.0,0.0,1.0,76.39241605,1.0,33.0,37.32134756,0.32692722200451196,0.4,74962.0,0.18584598978807293,174142.33858116902,13931.387086493522,13931.387086493523
1,36500.0,54000.0,Other,17.0,0.0,1.0,105.6666667,5.0,19.0,,0.42688315571106683,0.4,36500.0,0.17482675238619666,79764.70577620223,6381.1764620961785,6381.1764620961785
0,81199.0,206201.0,Self,12.0,0.0,0.0,2.820785578,,7.0,21.28386768,0.26093697551644746,0.4,81199.0,0.18638751667783163,189180.9995840406,15134.47996672325,15134.479966723251
0,49287.0,69831.0,Mgr,2.0,0.0,0.0,182.9948062,2.0,16.0,29.71346691,0.10352405883403049,0.4,49287.0,0.1473694780838596,90792.49332898986,7263.399466319189,7263.399466319189
0,62826.0,65912.0,Other,6.0,0.0,0.0,132.7524896,0.0,34.0,37.58819954,0.12051190681118375,0.4,62826.0,0.15601979671420346,122526.24685458184,9802.099748366547,9802.099748366547
0,49298.0,73426.0,Office,9.0,3.0,1.0,242.3890162,1.0,29.0,34.69036125,0.3141530729884311,0.4,49298.0,0.18644183083491633,114890.11720624632,9191.209376499706,9191.209376499706
0,69919.0,100267.0,Other,16.0,,,130.8860074,3.0,15.0,26.83504341,0.12489481240104938,0.4,69919.0,0.15799747362308003,138087.81697815168,11047.025358252135,11047.025358252133
0,32550.0,52554.0,Other,12.0,0.0,0.0,229.5127411,1.0,32.0,37.92308809,0.08320970547047425,0.4,32550.0,0.13457663332736536,54755.867685071775,4380.469414805742,4380.469414805742
0,54681.0,74097.0,Other,2.0,0.0,1.0,106.8888937,3.0,18.0,36.61866086,0.42032847350785085,0.4,54681.0,0.17584768856264277,120194.09322867336,9615.52745829387,9615.52745829387
0,53643.0,113161.0,ProfExe,5.0,0.0,1.0,230.3032566,0.0,9.0,23.7736104,0.10462751616383394,0.4,53643.0,0.14798283170766344,99228.03801617736,7938.243041294189,7938.243041294189
0,80267.0,209931.0,Self,14.0,0.0,0.0,0.5071145295,,8.0,19.9696287,0.2397907939879321,0.4,80267.0,0.18504627236316185,185663.86429717392,14853.109143773914,14853.109143773912
0,78022.0,103466.0,Mgr,1.0,0.0,0.0,83.83533849,2.0,24.0,37.43461536,0.22767124709447908,0.4,78022.0,0.1838814632941027,179334.99411415603,14346.799529132482,14346.799529132482
0,,45197.0,Other,,,,316.5253028,,11.0,29.646666,0.049087904491313145,0.4,0.0,0.10440018423272908,0.0,0.0,0.0
0,52973.0,65481.0,Other,10.0,0.0,0.0,101.4726677,2.0,33.0,36.878297,0.1692830442273693,0.4,52973.0,0.17333600781585046,114776.60427536308,9182.128342029046,9182.128342029046
0,55330.0,78154.0,Mgr,2.0,0.0,1.0,122.7055369,0.0,23.0,28.89610186,0.18310694496666122,0.4,55330.0,0.17667212834158283,122190.86076424722,9775.268861139777,9775.268861139777
0,54861.0,71138.0,Other,4.0,0.0,0.0,258.334618,2.0,16.0,36.03571287,0.10480924242735337,0.4,54861.0,0.14808311333864552,101549.8460108929,8123.9876808714325,8123.987680871432
0,56188.0,90143.0,Other,17.0,0.0,0.0,171.4136584,0.0,29.0,25.62165041,0.04767863034193286,0.4,56188.0,0.1028245434999596,72218.81812719663,5777.50545017573,5777.50545017573
0,79767.0,93525.0,Other,0.0,4.0,0.0,,0.0,4.0,31.29011899,0.6032432791059728,0.4,79767.0,0.13597578815308584,135579.75867008997,10846.380693607198,10846.380693607198
0,63891.0,72980.0,ProfExe,7.0,0.0,0.0,32.41493353,2.0,24.0,39.37186986,0.3117448106034787,0.4,63891.0,0.18652989985862686,148969.77289834412,11917.58183186753,11917.581831867528
0,47126.0,57365.0,Other,0.0,0.0,1.0,91.14121871,0.0,19.0,38.6576403,0.37854997141671404,0.4,47126.0,0.181438755767243,106881.03505358865,8550.482804287092,8550.482804287094
0,55539.0,73560.0,Office,4.0,0.0,0.0,85.90093624,1.0,14.0,26.33161906,0.06934134173388941,0.4,55539.0,0.1238946790109289,86012.33221984976,6880.986577587981,6880.986577587981
1,37609.0,120186.0,Other,,0.0,0.0,176.367839,3.0,30.0,53.17891111,0.3322238478713465,0.4,37609.0,0.18553739127007174,87223.44685345159,6977.8757482761275,6977.875748276128
0,60488.0,75507.0,Other,3.0,0.0,0.0,239.43364,1.0,17.0,38.47307527,0.11761538851389193,0.4,60488.0,0.15465867423252866,116937.42358721493,9354.993886977194,9354.993886977194
0,35448.0,58056.0,Other,11.0,0.0,0.0,229.5228444,1.0,31.0,37.2974321,0.08222094924429456,0.4,35448.0,0.13387322186950798,59319.22461037898,4745.537968830318,4745.537968830319
0,79379.0,205346.0,Self,14.0,0.0,0.0,20.21419487,,7.0,19.79942792,0.22113990190829688,0.4,79379.0,0.18312417452142893,181702.67311670634,14536.213849336507,14536.213849336507
0,72674.0,89909.0,Office,15.0,0.0,1.0,90.95789952,0.0,8.0,27.35463407,0.13714143161510114,0.4,72674.0,0.1630355447739214,148105.56476124955,11848.445180899964,11848.445180899964
1,88236.0,104953.0,ProfExe,1.0,0.0,0.0,51.64870524,0.0,2.0,28.62263209,0.20428429684491836,0.4,88236.0,0.18071769160698548,199322.57795792463,15945.806236633971,15945.806236633971
0,73804.0,97413.0,ProfExe,5.0,0.0,0.0,107.3330245,0.0,25.0,33.5248796,0.1291574589754001,0.4,73804.0,0.1598301366638896,147451.29257927134,11796.103406341706,11796.103406341708
0,28432.0,36605.0,Office,0.0,0.0,0.0,111.5316253,1.0,29.0,37.58819565,0.09148116168572995,0.4,28432.0,0.14015035840336298,49809.43737655521,3984.754990124417,3984.7549901244165
0,52800.0,66000.0,Other,29.0,1.0,3.0,188.9333333,1.0,24.0,,0.656830101726189,0.4,52800.0,0.12076117918311331,79702.37826085478,6376.190260868382,6376.190260868383
0,111000.0,134347.0,ProfExe,16.0,,1.0,180.6333333,1.0,33.0,,0.1696384256778503,0.4,111000.0,0.17342927686719667,240633.12165323537,19250.64973225883,19250.64973225883
1,21400.0,36600.0,Self,2.0,0.0,0.0,154.2,2.0,26.0,,0.22402849408767117,0.4,21400.0,0.18347065875407254,49078.4012167144,3926.2720973371524,3926.2720973371524
0,8673.0,37244.0,Other,4.0,0.0,0.0,256.6805839,0.0,12.0,24.49628632,0.043243186615955616,0.4,8673.0,0.09763674138462251,10585.043225360389,846.8034580288311,846.8034580288311
0,117003.0,219783.0,ProfExe,1.0,0.0,0.0,130.7663862,0.0,14.0,25.6226109,0.09051954239940703,0.4,117003.0,0.1395297170699583,204067.44357920412,16325.39548633633,16325.395486336329
1,71371.0,84865.0,Mgr,0.0,2.0,0.0,94.80523575,0.0,12.0,38.2113051,0.48923056579502466,0.4,71371.0,0.16341053769613795,145784.66857388825,11662.77348591106,11662.77348591106
0,55231.0,78708.0,Office,4.0,0.0,0.0,85.80147612,2.0,15.0,24.59499257,0.06879665310232141,0.4,55231.0,0.12343642355836631,85218.96386940163,6817.517109552131,6817.51710955213
0,47367.0,114837.0,ProfExe,4.0,0.0,0.0,210.4355336,0.0,10.0,25.04210854,0.06026611222164399,0.4,47367.0,0.11582063695459435,68575.95138285338,5486.076110628271,5486.076110628271
0,108155.0,219936.0,ProfExe,2.0,0.0,0.0,126.9393774,1.0,15.0,27.99205166,0.1171078217736983,0.4,108155.0,0.1544155938752575,208760.23194473094,16700.818555578477,16700.818555578473
0,74009.0,108371.0,Office,1.0,0.0,0.0,246.0947649,0.0,36.0,17.25711715,0.008328561925687152,0.4,74009.0,0.035477524312921636,32820.70121093772,2625.6560968750173,2625.6560968750173
0,82697.0,100689.0,ProfExe,3.0,0.0,0.0,133.3657906,0.0,26.0,33.59171631,0.1123503613893625,0.4,82697.0,0.1520688944299725,157195.51703344297,12575.641362675438,12575.641362675437
0,47865.0,88105.0,Other,18.0,0.0,0.0,203.0239914,0.0,17.0,34.55330539,0.09087085175303827,0.4,47865.0,0.1397572596964223,83618.51544211566,6689.481235369253,6689.481235369253
0,84920.0,201713.0,Self,13.0,0.0,0.0,3.04438414,,8.0,21.05764132,0.2520615820346154,0.4,84920.0,0.18592655163846003,197361.03456422532,15788.882765138027,15788.882765138025
0,54961.0,70609.0,Mgr,6.0,,4.0,105.9346916,2.0,11.0,40.70254787,0.9077792560759455,0.4,54961.0,0.035650929854467696,24492.634446642485,1959.410755731399,1959.410755731399
0,26427.0,87134.0,ProfExe,20.0,0.0,0.0,244.3652465,0.0,11.0,25.00396549,0.04383116350094549,0.4,26427.0,0.09834539122180212,32487.17067273206,2598.973653818565,2598.973653818565
1,23767.0,39293.0,Other,5.0,1.0,0.0,145.7657738,0.0,9.0,24.60512881,0.14368083777606064,0.4,23767.0,0.1654538096831563,49154.2586842447,3932.340694739576,3932.3406947395756
0,31244.0,44138.0,Mgr,14.0,0.0,0.0,60.6344698,1.0,9.0,31.68813428,0.20508437062901103,0.4,31244.0,0.18084739746979545,70629.9510818286,5650.396086546289,5650.396086546289
0,55342.0,72357.0,Mgr,7.0,,3.0,111.9988549,1.0,11.0,39.87034036,0.7801854243563963,0.4,55342.0,0.08139642921472744,56308.01482001807,4504.641185601446,4504.641185601446
1,59206.0,75690.0,Office,6.0,0.0,2.0,288.3950585,1.0,19.0,30.77602786,0.11481601282732927,0.4,59206.0,0.15330069184515757,113454.00951730499,9076.320761384399,9076.320761384399
0,83821.0,124527.0,Office,30.0,0.0,0.0,319.6519713,1.0,37.0,35.76942543,0.017307863043375584,0.4,83821.0,0.057167831914141626,59898.31048594081,4791.864838875265,4791.864838875265
0,63218.0,76500.0,Office,5.0,2.0,3.0,183.6666667,3.0,30.0,,0.6978995273451372,0.4,63218.0,0.10827460124196837,85561.29676643446,6844.903741314757,6844.903741314757
1,48300.0,74600.0,Other,14.0,0.0,1.0,179.1,2.0,31.0,,0.20092705701883476,0.4,48300.0,0.18015582710971315,108769.08061748932,8701.526449399145,8701.526449399145
1,34350.0,54146.0,Other,3.0,0.0,0.0,144.4228889,0.0,18.0,31.5390134,0.11079557730529357,0.4,34350.0,0.15127449558626282,64953.486542351595,5196.278923388128,5196.278923388128
0,75976.0,91000.0,Other,10.5,0.0,0.0,171.4666667,5.0,22.0,,0.18305864593746407,0.4,75976.0,0.17666147957941747,167775.40715657276,13422.03257252582,13422.03257252582
0,68807.0,76581.0,Office,14.0,0.0,0.0,237.6478941,0.0,32.0,42.33557351,0.04679355304793362,0.4,68807.0,0.10181763446233189,87572.07468062088,7005.7659744496705,7005.7659744496705
0,,56475.0,Other,9.0,2.0,0.0,309.2644975,2.0,12.0,34.48718804,0.21065415503641863,0.4,0.0,0.1817066042151841,0.0,0.0,0.0
0,84580.0,118924.0,Office,31.0,0.0,0.0,341.9449756,2.0,37.0,35.24889763,0.016612558241650498,0.4,84580.0,0.05571522397823615,58904.92055099018,4712.393644079215,4712.393644079214
0,,49266.0,,,,,,,,15.59729023,0.036199007247826764,0.4,0.0,0.08858950606328185,0.0,0.0,0.0
0,59828.0,72489.0,,18.0,0.0,0.0,157.2436625,1.0,11.0,31.62682193,0.12321010057091371,0.4,59828.0,0.15724872329002898,117598.45771244817,9407.876616995854,9407.876616995854
1,22000.0,41250.0,Mgr,5.0,0.0,0.0,97.96666667,0.0,21.0,,0.15393737732790122,0.4,22000.0,0.16889954556206077,46447.37502956671,3715.790002365337,3715.790002365337
1,86000.0,111000.0,Other,6.5,0.0,1.0,91.96666667,3.0,17.0,,0.4107746052237928,0.4,86000.0,0.1772687687788169,190563.92643722816,15245.114114978252,15245.114114978252
1,26197.0,46600.0,ProfExe,9.0,0.0,0.0,165.9666667,2.0,9.0,,0.17376806701469358,0.4,26197.0,0.1744833328352694,57136.7483785694,4570.939870285552,4570.939870285552
1,,25010.0,Self,5.0,0.0,3.0,326.1333333,4.0,17.0,,0.635531345410857,0.4,0.0,0.12696260291509318,0.0,0.0,0.0
1,20500.0,54600.0,Self,15.0,0.0,0.0,160.3333333,2.0,11.0,,0.26424523798907046,0.4,20500.0,0.1865233084465937,47796.597789439635,3823.727823155171,3823.727823155171
1,,,Other,,,,,,,,0.12287613667008887,0.4,0.0,0.1570986157876793,0.0,0.0,0.0
1,186000.0,225750.0,ProfExe,2.0,0.0,0.0,75.86666667,,5.0,,0.26514538831697987,0.4,186000.0,0.18655695109049933,433744.9112854109,34699.592902832876,34699.592902832876
1,28000.0,73250.0,Other,2.0,0.0,0.0,28.96666667,4.0,12.0,,0.37789578173784427,0.4,28000.0,0.18151289371176837,63529.51279911893,5082.361023929515,5082.361023929515
1,57238.0,101500.0,ProfExe,10.0,0.0,0.0,106.8333333,0.0,36.0,,0.1090906596500888,0.4,57238.0,0.15038733071109212,107598.37544051863,8607.87003524149,8607.87003524149
1,31253.0,65450.0,Other,21.0,0.0,0.0,172.0333333,0.0,16.0,,0.1094831010523476,0.4,31253.0,0.15059304545727437,58831.055620952444,4706.484449676195,4706.484449676196
1,27000.0,54300.0,Other,0.3,0.0,1.0,91.13333333,0.0,6.0,,0.38728149328996303,0.4,27000.0,0.180407921731175,60887.67358427157,4871.013886741725,4871.013886741725
1,53297.0,74925.0,Other,14.0,0.0,1.0,88.53333333,2.0,15.0,,0.3825974487447251,0.4,53297.0,0.1809704114643608,120564.75024770047,9645.180019816038,9645.180019816038
0,7718.0,77750.0,Other,8.0,0.0,0.0,261.8,0.0,14.0,,0.0764395101859444,0.4,7718.0,0.12958857388098727,12502.057665168246,1000.1646132134597,1000.1646132134597
0,63005.0,78500.0,Other,3.0,,,171.7666667,,35.0,,0.09330540199400277,0.4,63005.0,0.14130892993006997,111289.61412805073,8903.169130244058,8903.169130244058
0,87579.0,105000.0,Other,13.0,0.0,0.0,209.9666667,3.0,16.0,,0.1337759662813364,0.4,87579.0,0.16171940392887005,177040.29595858138,14163.22367668651,14163.22367668651
0,,42497.0,Mgr,6.0,,,165.4333333,,9.0,,0.15416728246668732,0.4,0.0,0.16897217488911612,0.0,0.0,0.0
0,32000.0,59000.0,Office,24.0,0.0,1.0,232.3333333,1.0,29.0,,0.07095530847314357,0.4,32000.0,0.12523409702620122,50093.638810480494,4007.4911048384397,4007.4911048384392
0,31000.0,58240.0,Mgr,,,,,,,,0.11852936503091696,0.4,31000.0,0.1550929302884661,60098.510486780615,4807.880838942449,4807.880838942449
0,71000.0,97875.0,ProfExe,8.0,0.0,0.0,165.7148936,0.0,34.0,,0.08404635743409826,0.4,71000.0,0.13516540532131988,119959.29722267139,9596.743777813712,9596.743777813712
0,66000.0,89145.0,Office,9.0,0.0,0.0,215.0333333,3.0,29.0,,0.05264591303400345,0.4,66000.0,0.10823459306737555,89293.53928058484,7143.4831424467875,7143.483142446787
0,59764.0,77870.0,Sales,7.0,0.0,0.0,136.9,0.0,35.0,,0.24260578716143807,0.4,59764.0,0.18527402756263409,138408.9622906658,11072.716983253265,11072.716983253264
0,124000.0,192000.0,Office,0.0,0.0,1.0,346.9666667,0.0,16.0,,0.051180958647623113,0.4,124000.0,0.10668002669481813,165354.04137696812,13228.32331015745,13228.323310157448
0,80000.0,107900.0,ProfExe,12.0,0.0,2.0,176.5333333,0.0,28.0,,0.3172529221185913,0.4,80000.0,0.18631696980118398,186316.969801184,14905.35758409472,14905.357584094718
0,34767.0,51000.0,Other,23.0,0.0,1.0,121.7333333,0.0,23.0,,0.2341979892782241,0.4,34767.0,0.18454653680790556,80201.61806500566,6416.129445200453,6416.129445200452
0,,23400.0,,28.0,0.0,0.0,206.9666667,1.0,5.0,,0.12281993108121934,0.4,0.0,0.15707329783771412,0.0,0.0,0.0
0,57068.0,72000.0,Other,12.0,0.0,0.0,257.7,0.0,27.0,,0.05771539111466945,0.4,57068.0,0.11337020468392252,80872.63551127612,6469.81084090209,6469.810840902091
0,22068.0,49600.0,Other,0.9,0.0,0.0,247.5666667,0.0,11.0,,0.09193847639856595,0.4,22068.0,0.14044309697364538,38741.228300180075,3099.298264014406,3099.298264014406
0,131589.0,156000.0,ProfExe,5.0,0.0,1.0,419.0333333,1.0,43.0,,0.04104484119001381,0.4,131589.0,0.09492684605462409,156141.60931852413,12491.328745481931,12491.32874548193
0,147234.0,175300.0,Office,6.0,0.0,0.0,192.7666667,1.0,56.0,,0.02604584079226418,0.4,147234.0,0.07332558378149737,134950.2375310623,10796.019002484985,10796.019002484984
0,48041.0,76050.0,Other,3.0,0.0,2.0,185.7,0.0,13.0,,0.3992401639847885,0.4,48041.0,0.1788748329360511,107416.5731135104,8593.325849080833,8593.325849080831
0,78000.0,97400.0,ProfExe,1.0,0.0,0.0,72.03333333,1.0,20.0,,0.2085695164966285,0.4,78000.0,0.18139389632655792,176859.04891839396,14148.723913471518,14148.723913471518
0,64320.0,102375.0,Office,10.0,0.0,0.0,148.1666667,1.0,13.0,,0.0831700646596362,0.4,64320.0,0.1345485915938401,108177.06764144744,8654.165411315797,8654.165411315797
0,96000.0,112200.0,Office,16.0,1.0,0.0,258.7333333,0.0,16.0,,0.06242718443027134,0.4,96000.0,0.11783161414789184,141397.9369774702,11311.834958197616,11311.834958197616
0,88777.5,112014.0,ProfExe,13.0,0.0,0.0,182.6333333,2.0,18.0,,0.13109529555743551,0.4,88777.5,0.16063478401633569,178259.431725128,14260.75453801024,14260.754538010242
0,10000.0,68250.0,ProfExe,20.0,0.0,2.0,398.8,1.0,12.0,,0.16300090016019922,0.4,10000.0,0.17161828356123504,21452.28544515438,1716.1828356123503,1716.1828356123503
1,42300.0,,Mgr,11.0,1.0,0.0,31.4,3.0,5.0,,0.49976675384736624,0.4,42300.0,0.16120304405919433,85236.109546299,6818.888763703921,6818.888763703921
1,5200.0,53095.0,Other,5.0,3.0,3.0,234.3333333,3.0,17.0,,0.895113438386025,0.4,5200.0,0.04038491577742738,2625.0195255327794,210.00156204262237,210.00156204262237
1,19225.53,35500.0,Office,5.0,0.0,2.0,186.0,1.0,10.0,,0.27997158973515074,0.4,19225.53,0.1869144815049979,44919.12464510977,3593.5299716087816,3593.529971608782
1,62000.0,80000.0,Other,5.0,,1.0,97.4,4.0,30.0,,0.36633309849799844,0.4,62000.0,0.1827500253276021,141631.2696288916,11330.50157031133,11330.50157031133
1,41741.0,56000.0,Office,3.0,0.0,0.0,20.23333333,2.0,6.0,,0.21367366141581579,0.4,41741.0,0.18214108429865683,95034.38749637792,7602.750999710234,7602.750999710235
1,46946.0,65000.0,Office,7.2,0.0,1.0,80.1,1.0,12.0,,0.2373015523871217,0.4,46946.0,0.18483169288072482,108463.85817473134,8677.108653978508,8677.108653978506
1,75000.0,103600.0,Mgr,17.6,0.0,0.0,171.4333333,0.0,24.0,,0.09166770388831057,0.4,75000.0,0.14026995592615807,131503.08368077318,10520.246694461855,10520.246694461855
1,59929.0,,Other,5.0,,,,,,,0.12436134973555506,0.4,59929.0,0.1577619057481048,118181.41561972717,9454.513249578173,9454.513249578173
1,99600.0,125500.0,Office,8.0,0.0,0.0,80.1,3.0,21.0,,0.1298492342611832,0.4,99600.0,0.16011939160116528,199348.64254345078,15947.891403476064,15947.891403476062
1,122800.0,151500.0,ProfExe,2.0,0.0,0.0,205.9666667,1.0,23.0,,0.09967087965640009,0.4,122800.0,0.14516664021979042,222830.7927373783,17826.463418990264,17826.463418990264
1,49000.0,70000.0,Other,,0.0,3.0,190.7333333,1.0,12.0,,0.617187123278641,0.4,49000.0,0.13214278724742523,80937.45718904796,6474.996575123837,6474.996575123836
1,48840.0,58740.0,Other,15.0,2.0,2.0,194.8,0.0,39.0,,0.5082405835289532,0.4,48840.0,0.15937437551265346,97298.05625047494,7783.844500037995,7783.844500037995
1,13161.0,37700.0,Other,,3.0,0.0,79.1,2.0,9.0,,0.6758391309019389,0.4,13161.0,0.11506533635290067,18929.686146756572,1514.3748917405258,1514.3748917405258
1,84000.0,132965.0,Sales,30.0,0.0,0.0,325.6333333,1.0,24.0,,0.11637194911657638,0.4,84000.0,0.15406071861366927,161763.75454435273,12941.10036354822,12941.10036354822
1,42321.0,53800.0,Other,4.0,0.0,0.0,275.9,0.0,19.0,,0.06523914285096187,0.4,42321.0,0.12036337846653988,63673.731751030435,5093.898540082435,5093.898540082434
1,65000.0,80000.0,Other,2.0,0.0,0.0,26.36666667,3.0,2.0,,0.4045655077685787,0.4,65000.0,0.17814852643366536,144745.6777273531,11579.654218188247,11579.654218188249
1,76700.0,97800.0,Other,25.0,,10.0,205.2333333,3.0,26.0,,0.996760046385397,0.4,76700.0,0.0012917264713967038,1238.4427544515897,99.07542035612718,99.07542035612718
1,59543.0,86800.0,Other,9.0,3.0,1.0,152.1333333,2.0,51.0,,0.5287139707769628,0.4,59543.0,0.1547682160311431,115192.04858927942,9215.363887142354,9215.363887142354
1,52410.0,54500.0,Mgr,1.0,9.0,4.0,132.9,4.0,29.0,,0.9989890261575171,0.4,52410.0,0.0004037142020815399,264.4832666386688,21.158661331093505,21.158661331093505
1,50070.0,60670.0,Other,5.0,2.0,0.0,15.23333333,0.0,1.0,,0.6124460151088358,0.4,50070.0,0.1334564106751853,83527.0310313316,6682.162482506528,6682.162482506527
1,16288.0,48600.0,Other,24.0,0.0,0.0,268.8333333,1.0,16.0,,0.07200250138981792,0.4,16288.0,0.12608869134667616,25671.657558183266,2053.7326046546614,2053.7326046546614
1,69727.0,90312.0,Office,4.5,5.0,1.0,122.8333333,,17.0,,0.804905685344557,0.4,69727.0,0.07289052303263231,63530.46874370442,5082.437499496354,5082.437499496354
1,,65088.0,Mgr,3.5,4.0,5.0,205.0666667,2.0,39.0,,0.9783865511890588,0.4,0.0,0.00854906194249301,0.0,0.0,0.0
1,,79500.0,ProfExe,19.0,0.0,0.0,285.1,2.0,7.0,,0.09227969979060421,0.4,0.0,0.14066051567194648,0.0,0.0,0.0
1,,,Other,15.0,2.0,2.0,108.9333333,3.0,31.0,,0.7542311093448401,0.4,0.0,0.09012181672773051,0.0,0.0,0.0
1,91000.0,110000.0,Other,16.0,1.0,3.0,123.7666667,2.0,22.0,,0.786144860623021,0.4,91000.0,0.07936289679542763,90275.29510479893,7222.0236083839145,7222.0236083839145
1,66399.0,78000.0,ProfExe,0.9,0.0,0.0,112.6,0.0,15.0,,0.16929828960116355,0.4,66399.0,0.1733400173618057,143870.0476600817,11509.603812806537,11509.603812806537
1,90700.0,123370.0,ProfExe,15.0,2.0,0.0,90.3,1.0,4.0,,0.500615846468167,0.4,90700.0,0.16102192309265956,182558.60530630278,14604.688424504222,14604.688424504222
1,34900.0,48000.0,Other,3.0,0.0,0.0,288.1666667,1.0,3.0,,0.09719376754436403,0.4,34900.0,0.1436987106191839,62688.562507618975,5015.085000609518,5015.085000609518
0,127319.0,194992.0,Office,1.0,0.0,1.0,337.6899717,0.0,16.0,41.44750595,0.08148144330205703,0.4,127319.0,0.13334167510781428,212211.6091631476,16976.92873305181,16976.928733051805
0,48769.0,65328.0,Office,4.0,0.0,1.0,104.6952407,3.0,12.0,39.04935922,0.32292603782061274,0.4,48769.0,0.18605551364010456,113421.76680892824,9073.741344714259,9073.741344714259
0,133879.0,157446.0,ProfExe,6.0,0.0,1.0,421.3628722,1.0,42.0,30.6069987,0.031070275595185142,0.4,133879.0,0.08125793942955148,135984.14591111153,10878.731672888922,10878.731672888922
1,36000.0,68800.0,Other,13.0,0.0,0.0,118.6666667,6.0,15.0,,0.2874286009949326,0.4,36000.0,0.18695981355703567,84131.91610066604,6730.553288053284,6730.553288053284
0,64375.0,72418.0,ProfExe,14.0,0.0,0.0,207.6173064,3.0,31.0,38.86794908,0.1258716583870943,0.4,64375.0,0.15842520727067935,127482.78397562478,10198.622718049983,10198.622718049983
0,114643.0,130127.0,Self,5.0,0.0,1.0,160.6678931,0.0,19.0,33.92004439,0.3357218063167247,0.4,114643.0,0.18531444873714353,265562.55433215434,21245.004346572347,21245.004346572347
0,,69502.0,,,,,,,,25.77278284,0.06999593766488516,0.4,0.0,0.1244412220361018,0.0,0.0,0.0
0,41949.0,51684.0,Other,15.0,0.0,0.0,84.12345095,0.0,12.0,31.26731878,0.15583766302969754,0.4,41949.0,0.1694940154614979,88876.3056824297,7110.104454594376,7110.104454594375
0,114590.0,215784.0,ProfExe,2.0,0.0,0.0,123.1691828,0.0,14.0,27.84508378,0.10741396180645953,0.4,114590.0,0.1494981393547676,214137.39735828523,17130.991788662817,17130.99178866282
0,45493.0,54605.0,Mgr,21.0,0.0,1.0,234.5917784,0.0,18.0,36.59466404,0.16156753240663824,0.4,45493.0,0.17120764778708644,97359.36900972405,7788.749520777924,7788.749520777924
0,87942.0,106000.0,Other,13.0,0.0,0.0,219.3852784,2.0,16.0,40.75164798,0.16054312224269704,0.4,87942.0,0.1709098066973047,187876.87775717964,15030.15022057437,15030.15022057437
0,32608.0,47377.0,Other,9.0,0.0,0.0,67.38706567,0.0,3.0,35.69019304,0.2609337100858864,0.4,32608.0,0.18638737313634943,75971.49329037602,6077.719463230082,6077.7194632300825
0,66393.0,85605.0,Office,6.0,1.0,1.0,203.6995629,3.0,29.0,37.66930513,0.2250606586431109,0.4,66393.0,0.18358999526581768,152363.63194604294,12189.090555683435,12189.090555683433
1,,25300.0,Other,,1.0,0.0,122.3,1.0,5.0,,0.3241281952542579,0.4,0.0,0.18599472288824867,0.0,0.0,0.0
0,68240.0,84067.0,Sales,8.0,0.0,0.0,131.4041801,0.0,35.0,28.44381048,0.174850684180407,0.4,68240.0,0.174750729147646,149062.37196294204,11924.989757035362,11924.989757035362
0,81263.0,98536.0,Mgr,1.0,0.0,0.0,73.16044771,1.0,23.0,38.33125572,0.23028084002054214,0.4,81263.0,0.1841581687755134,187065.56586505682,14965.245269204546,14965.245269204544
0,137299.0,200339.0,ProfExe,0.0,0.0,0.0,66.35759046,2.0,23.0,35.2377013,0.2307402038528216,0.4,137299.0,0.18420537848230017,316140.17825301667,25291.214260241333,25291.214260241333
0,47426.0,68820.0,Other,16.0,0.0,4.0,220.7609123,0.0,36.0,24.01951269,0.4020397526092805,0.4,47426.0,0.17849629243202753,105817.06456101671,8465.365164881337,8465.365164881337
0,57881.0,69554.0,Other,29.0,0.0,3.0,189.9245224,1.0,24.0,34.61045543,0.5097700832056998,0.4,57881.0,0.1590393570608311,115066.96282547456,9205.357026037966,9205.357026037966
1,60200.0,74000.0,Other,4.0,,4.0,128.8666667,5.0,24.0,,0.8706731996815292,0.4,60200.0,0.04940591912764956,37177.95414355629,2974.2363314845034,2974.2363314845034
0,68820.0,78830.0,Other,2.0,,,170.7224523,,34.0,29.20675283,0.06756628456197897,0.4,68820.0,0.12238949065686655,105285.55933756944,8422.844747005556,8422.844747005556
0,73174.0,91101.0,Office,14.0,0.0,0.0,77.11709066,0.0,8.0,25.04259669,0.06317800052981877,0.4,73174.0,0.11851682543576925,108404.37730546223,8672.350184436978,8672.350184436978
0,54873.0,73085.0,Other,5.0,0.0,1.0,252.2528926,1.0,16.0,38.7274173,0.21816770913365194,0.4,54873.0,0.18274813392030653,125349.22940761225,10027.93835260898,10027.93835260898
0,49683.0,55728.0,Other,0.0,0.0,0.0,91.09579488,0.0,20.0,37.13310754,0.19615087420264152,0.4,49683.0,0.17930648297715102,111356.04992192243,8908.483993753794,8908.483993753794
0,72136.0,89437.0,,5.0,0.0,0.0,205.7371252,0.0,15.0,30.79876353,0.08012661855113427,0.4,72136.0,0.13235553615765366,119344.98695335632,9547.598956268506,9547.598956268504
0,55559.0,89231.0,Other,16.0,1.0,0.0,175.5555713,0.0,29.0,26.900321,0.08802327625612447,0.4,55559.0,0.13788581332652824,95759.97378260728,7660.797902608582,7660.797902608583
0,126358.0,180305.0,Other,8.0,0.0,0.0,199.3505297,1.0,20.0,32.03362879,0.08938543384285792,0.4,126358.0,0.13878878227134794,219213.4118780373,17537.072950242986,17537.072950242982
0,58446.0,71145.0,Other,4.0,0.0,1.0,244.6243676,1.0,15.0,38.11730639,0.22388093284128366,0.4,58446.0,0.18345340685668063,134026.47271431945,10722.117817145556,10722.117817145556
0,63283.0,82912.0,Other,0.0,0.0,0.0,99.81625825,1.0,7.0,38.37053971,0.27944887949461766,0.4,63283.0,0.18690801202398977,147851.24656142681,11828.099724914146,11828.099724914144
0,55738.0,73266.0,Office,5.0,0.0,0.0,85.63523503,1.0,14.0,24.53432507,0.061519329818114706,0.4,55738.0,0.11699389715023063,81512.57299199444,6521.0058393595555,6521.0058393595555
0,93085.0,110069.0,Other,13.0,0.0,0.0,206.799179,3.0,16.0,40.56989706,0.18850971689966906,0.4,93085.0,0.17782087261660073,206905.6990939535,16552.45592751628,16552.45592751628
0,154005.0,175684.0,Office,4.0,0.0,0.0,189.3663073,0.0,56.0,33.97122188,0.02228259104533516,0.4,154005.0,0.06679140628605379,128577.63156354641,10286.210525083714,10286.210525083714
0,,69451.0,,,,,,,,22.51968544,0.05684109857627045,0.4,0.0,0.11251035457176271,0.0,0.0,0.0
0,44000.0,57000.0,Other,0.0,1.0,0.0,191.7333333,2.0,13.0,,0.24082863477644048,0.4,44000.0,0.1851320701515421,101822.63858334815,8145.811086667852,8145.811086667853
0,9078.0,35261.0,,,,,,,,33.6664545,0.11430274884582203,0.4,9078.0,0.15304706548337085,17367.015755725508,1389.3612604580408,1389.3612604580405
0,102281.0,114277.0,Office,15.0,0.0,0.0,263.2869775,0.0,16.0,36.82778595,0.03984325442476536,0.4,102281.0,0.09340375526501762,119417.86865326585,9553.429492261268,9553.429492261268
0,70882.0,98154.0,Other,16.0,,,153.1181363,3.0,15.0,25.1199559,0.10015949849884644,0.4,70882.0,0.14545133849779535,128873.52219250913,10309.88177540073,10309.88177540073
1,69116.0,105228.0,ProfExe,12.0,0.0,8.0,122.8439512,0.0,36.0,36.12288591,0.984955684701223,0.4,69116.0,0.0059654173613018285,5153.822329296714,412.3057863437371,412.30578634373717
0,82630.0,99250.0,Other,1.0,0.0,0.0,107.5285598,1.0,32.0,40.28097487,0.19124293784731286,0.4,82630.0,0.17837061606800383,184234.55007123944,14738.764005699155,14738.764005699157
0,55539.0,65357.0,Mgr,5.0,0.0,0.0,190.9459308,1.0,17.0,28.64082373,0.07908065452485814,0.4,55539.0,0.13158312926101848,91349.94270034632,7307.995416027706,7307.995416027706
0,51108.0,68673.0,Mgr,6.0,,,116.6793672,,23.0,42.77564391,0.2324279292219306,0.4,51108.0,0.18437501516892732,117787.9784406692,9423.038275253537,9423.038275253537
0,59907.0,71580.0,ProfExe,14.0,0.0,0.0,237.9481372,2.0,32.0,36.40094666,0.0800858172489823,0.4,59907.0,0.1323255881667941,99090.36262885167,7927.229010308133,7927.229010308134
0,84196.0,91642.0,Other,1.0,0.0,0.0,104.8350719,1.0,32.0,38.37611263,0.17419898652641158,0.4,84196.0,0.17459020509553358,183747.46135279431,14699.796908223545,14699.796908223545
1,52310.0,74117.0,Other,13.0,0.0,3.0,118.6957855,2.0,23.0,,0.6776037363244404,0.4,52310.0,0.11452916020357425,74887.7546281121,5991.020370248968,5991.020370248969
0,77571.0,102732.0,ProfExe,6.0,0.0,0.0,100.6296635,0.0,34.0,37.36151357,0.13945952306355183,0.4,77571.0,0.16391340158764175,158936.580931937,12714.92647455496,12714.926474554959
0,60180.0,72370.0,Mgr,5.0,,,125.2948667,,23.0,42.50461354,0.22144919540435165,0.4,60180.0,0.18316216211244554,137783.73644908716,11022.698915926972,11022.698915926972
0,71111.0,80385.0,Office,4.0,1.0,2.0,170.2818826,2.0,29.0,38.62337208,0.42447232273245405,0.4,71111.0,0.17520653212495665,155738.8963242224,12459.111705937794,12459.111705937792
0,54900.0,79000.0,Office,14.0,0.0,0.0,113.6333333,0.0,24.0,,0.06863560389752008,0.4,54900.0,0.12330032004263591,84614.84462925889,6769.187570340711,6769.187570340711
0,8907.0,59814.0,Other,7.0,2.0,0.0,364.4309474,1.0,22.0,16.06424538,0.03720161661912141,0.4,8907.0,0.0899444709203474,10014.192531094179,801.1354024875343,801.1354024875343
0,46140.0,56206.0,,8.0,1.0,0.0,115.7806282,1.0,25.0,22.31370515,0.11722152681254486,0.4,46140.0,0.1544701685351734,89090.66970266125,7127.2535762129,7127.253576212901
1,48670.0,90444.0,Other,,1.0,1.0,89.35547488,,7.0,39.15104729,0.6212120791752299,0.4,48670.0,0.13101935739036982,79708.90155236624,6376.712124189299,6376.712124189299
0,73157.0,83858.0,,3.0,0.0,0.0,193.5089634,0.0,16.0,29.08799472,0.07625089028121962,0.4,73157.0,0.12944365757248621,118371.37071287968,9469.709657030375,9469.709657030375
0,78628.0,92090.0,Other,10.0,1.0,0.0,164.3178964,6.0,21.0,38.72132161,0.39061261775790274,0.4,78628.0,0.17999473733049065,176907.82758527272,14152.626206821818,14152.626206821818
0,38223.0,60728.0,Mgr,,,,,,,35.34785383,0.12200000356312195,0.4,38223.0,0.1567021465592352,74870.32684917058,5989.626147933646,5989.626147933647
0,61179.0,69591.0,,18.0,0.0,0.0,148.7044776,1.0,11.0,34.47220461,0.15219003590132701,0.4,61179.0,0.16834110734653607,128736.75757942162,10298.94060635373,10298.94060635373
0,34522.0,43076.0,Other,9.0,0.0,0.0,92.90754834,0.0,3.0,36.84535669,0.24729888923234852,0.4,34522.0,0.1856192491484091,80099.34648876725,6407.947719101379,6407.947719101379
1,29581.0,39992.0,Self,3.0,0.0,0.0,149.8746257,2.0,26.0,43.19724206,0.3419489783235628,0.4,29581.0,0.1848807148700785,68361.95533214741,5468.956426571793,5468.956426571793
0,16322.0,86505.0,Other,8.0,0.0,0.0,259.1638196,0.0,14.0,21.25349814,0.03210375373731507,0.4,16322.0,0.08279260742732329,16891.761730359634,1351.3409384287709,1351.3409384287709
0,57142.0,72664.0,,19.0,0.0,0.0,158.1858039,1.0,12.0,32.49748842,0.12584170982213458,0.4,57142.0,0.15841216293149754,113149.8476778954,9051.987814231632,9051.987814231632
0,80969.0,100937.0,Other,9.0,0.0,0.0,168.7498211,4.0,21.0,39.69842981,0.22287475672345566,0.4,80969.0,0.1833344903844009,185555.12939918195,14844.410351934557,14844.410351934555
0,86400.0,113698.0,ProfExe,11.0,0.0,1.0,181.542927,0.0,27.0,35.03165088,0.1760852145082478,0.4,86400.0,0.175051195251701,189055.29087183706,15124.423269746965,15124.423269746965
0,65803.0,85155.0,Other,15.0,0.0,0.0,218.4817546,0.0,36.0,36.18219201,0.06309565931606953,0.4,65803.0,0.11844201132241355,97422.99588810974,7793.83967104878,7793.839671048779
0,79257.0,105912.0,ProfExe,3.0,0.0,0.0,95.35537249,0.0,33.0,39.3913652,0.167079332854245,0.4,79257.0,0.17274842255633216,171144.02158184024,13691.521726547218,13691.521726547218
0,,64377.0,Other,,0.0,0.0,347.2450131,0.0,6.0,37.77468156,0.06861962313514336,0.4,0.0,0.12328679936121559,0.0,0.0,0.0
0,61000.0,75000.0,Office,12.0,0.0,0.0,251.5333333,4.0,37.0,,0.040031700202651926,0.4,61000.0,0.09364464531044489,71404.04204921423,5712.323363937138,5712.323363937138
1,70147.0,122124.0,Other,1.0,0.0,0.0,58.8956859,0.0,7.0,57.99501862,0.6215030861054723,0.4,70147.0,0.1309378420699006,114811.21009596648,9184.896807677318,9184.896807677318
0,54925.0,84078.0,Other,2.0,0.0,1.0,189.6952729,0.0,13.0,29.13369741,0.16726728253365125,0.4,54925.0,0.17279916024373065,118637.42345483633,9490.993876386907,9490.993876386907
0,51787.0,86200.0,Other,17.0,0.0,0.0,203.7327626,0.0,16.0,34.43524605,0.09232804272352636,0.4,51787.0,0.1406912492205062,91074.72154227943,7285.977723382354,7285.977723382354
0,79243.0,89840.0,Office,16.0,0.0,0.0,87.82534618,0.0,9.0,24.47937322,0.05546535664985931,0.4,79243.0,0.11113599273495348,110084.36840369899,8806.74947229592,8806.749472295918
0,,69085.0,Other,,0.0,0.0,380.2780405,0.0,7.0,36.73982022,0.05230385471788354,0.4,0.0,0.10787456183094131,0.0,0.0,0.0
0,46609.0,63812.0,Other,1.0,0.0,0.0,184.7884163,2.0,13.0,29.14003137,0.1098875776136679,0.4,46609.0,0.15080412344330765,87860.36736961408,7028.829389569126,7028.829389569127
0,58572.0,75946.0,Office,5.0,0.0,0.0,85.01005286,2.0,14.0,27.76943894,0.08566634151725942,0.4,58572.0,0.13628896528679388,99783.96593472613,7982.7172747780905,7982.717274778091
0,,50548.0,Mgr,5.0,,,165.5531992,,9.0,23.88633081,0.07971074387070623,0.4,0.0,0.13204959481560538,0.0,0.0,0.0
0,50714.0,56088.0,Office,1.0,0.0,0.0,163.0891482,1.0,21.0,37.97305537,0.08334678032072272,0.4,50714.0,0.13467349760318337,85372.89696809802,6829.831757447842,6829.8317574478415
0,65382.0,73817.0,Other,1.0,0.0,0.0,190.648145,1.0,17.0,34.19289159,0.11862702636543959,0.4,65382.0,0.15513907040174377,126791.28376258514,10143.30270100681,10143.30270100681
0,74624.0,96697.0,Office,7.0,0.0,0.0,217.2353212,3.0,28.0,41.51130079,0.08221387224883811,0.4,74624.0,0.1338681572599331,124872.21709206558,9989.777367365246,9989.777367365246
0,75483.0,99345.0,ProfExe,3.0,0.0,0.0,133.7905101,0.0,25.0,34.88723609,0.1236777807131566,0.4,75483.0,0.15745799349195938,148567.52153441962,11885.40172275357,11885.40172275357
0,45275.0,62724.0,Other,11.0,0.0,1.0,109.3246387,3.0,34.0,37.29182499,0.3278041178580176,0.4,45275.0,0.1857973392084502,105149.6816582823,8411.974532662583,8411.974532662583
0,57676.0,71027.0,,19.0,0.0,0.0,157.5196371,1.0,11.0,33.99236607,0.14072650357868394,0.4,57676.0,0.16438353801610694,118512.3117327123,9480.984938616984,9480.984938616984
0,59340.0,84708.0,Other,13.0,0.0,0.0,222.3648894,1.0,36.0,34.92598425,0.0653446112940399,0.4,59340.0,0.12045653276886546,89348.63318130595,7147.8906545044765,7147.8906545044765
0,82889.0,97189.0,Mgr,2.0,0.0,0.0,82.50744621,2.0,24.0,39.53698719,0.25409370704376494,0.4,82889.0,0.18604476312433865,192763.30463266632,15421.064370613305,15421.064370613307
0,56127.0,72294.0,Other,28.0,1.0,3.0,184.3457508,0.0,24.0,34.63423561,0.6305892796206803,0.4,56127.0,0.1283731882396515,90065.02420408648,7205.201936326919,7205.201936326919
0,65876.0,80064.0,,3.0,0.0,0.0,220.8259789,0.0,15.0,30.633131,0.07395757648318815,0.4,65876.0,0.12765456139731893,105117.14858262226,8409.37188660978,8409.371886609782
0,57902.0,74355.0,Other,4.0,0.0,0.0,243.6309162,1.0,16.0,36.57444189,0.10398972380204528,0.4,57902.0,0.1476292486710545,106850.35945689247,8548.028756551397,8548.028756551397
1,39893.0,55000.0,Other,1.5,0.0,1.0,99.43333333,2.0,32.0,,0.3001038208678038,0.4,39893.0,0.18684239335321146,93171.29497549581,7453.703598039665,7453.703598039665
0,,51053.0,Other,10.0,1.0,0.0,306.9922054,2.0,12.0,34.48387842,0.12995878001353225,0.4,0.0,0.16016499101443404,0.0,0.0,0.0
0,44941.0,60694.0,Other,2.0,0.0,0.0,85.68120512,0.0,20.0,39.53639781,0.22652160675432928,0.4,44941.0,0.18375492837310314,103226.62795019535,8258.130236015628,8258.130236015628
0,63505.0,75811.0,Other,3.0,0.0,0.0,182.0920717,2.0,17.0,33.69078564,0.1334904830924703,0.4,63505.0,0.16160544479759353,128284.42214838971,10262.753771871177,10262.753771871177
0,66044.0,83531.0,Office,12.0,0.0,0.0,241.5141532,0.0,31.0,45.56984265,0.05844857770330576,0.4,66044.0,0.11408333073968278,94181.49369214512,7534.519495371609,7534.51949537161
0,62442.0,73197.0,ProfExe,8.0,0.0,0.0,47.61067763,1.0,24.0,38.88482776,0.2583788352646313,0.4,62442.0,0.1862692571761203,145387.8119573913,11631.024956591304,11631.024956591304
0,63626.0,79477.0,Other,12.0,0.0,0.0,260.7972622,0.0,27.0,27.94286603,0.03611960140167028,0.4,63626.0,0.08848116427816156,70371.28197952885,5629.702558362308,5629.702558362308
0,56610.0,86831.0,Other,19.0,0.0,0.0,190.0848295,0.0,28.0,24.60265855,0.04049666768112434,0.4,56610.0,0.09423577609986272,66683.59106266536,5334.6872850132295,5334.687285013229
0,21235.0,40116.0,Other,3.0,,,,,,36.90541431,0.14199131990753744,0.4,21235.0,0.16484616232827137,43756.35321301053,3500.5082570408426,3500.5082570408426
0,64904.0,76767.0,Office,11.0,0.0,0.0,245.0180119,4.0,37.0,41.42384414,0.06392438655504794,0.4,64904.0,0.11919128511752022,96699.88961584416,7735.991169267533,7735.991169267532
0,64336.0,77564.0,Office,4.0,2.0,3.0,188.7800761,2.0,30.0,39.69998047,0.7333259932370785,0.4,64336.0,0.0969884958183648,77998.14833712898,6239.851866970319,6239.851866970318
0,37233.0,52320.0,Other,15.0,0.0,0.0,88.67732863,0.0,11.0,31.05643679,0.15343078393772525,0.4,37233.0,0.16873881521520917,78533.15383634855,6282.652306907884,6282.652306907883
0,57816.0,82047.0,Other,3.0,0.0,1.0,176.6568946,0.0,12.0,30.67420529,0.19674664234489614,0.4,57816.0,0.1794156908383287,129663.71976886016,10373.097581508813,10373.097581508811
1,51200.0,76125.0,Other,12.0,0.0,0.0,132.3666667,0.0,16.0,,0.14186846614553197,0.4,51200.0,0.16480151851104796,105472.9718470707,8437.837747765656,8437.837747765656
0,39821.0,54040.0,Mgr,21.0,1.0,0.0,231.6054114,1.0,18.0,36.43973673,0.15337121458836697,0.4,39821.0,0.1687198525014901,83982.41558077297,6718.593246461838,6718.593246461837
0,78320.0,100017.0,Other,10.0,0.0,0.0,167.4225397,4.0,21.0,41.97487828,0.25114912364038683,0.4,78320.0,0.18587097963676918,181967.689064397,14557.415125151761,14557.415125151763
1,42714.0,72322.0,Other,12.0,0.0,0.0,105.0748016,6.0,15.0,41.26235347,0.4051933142817566,0.4,42714.0,0.17806117187080955,95071.31119112199,7605.704895289759,7605.704895289759
0,45710.0,55299.0,Office,0.0,0.0,0.0,166.3741502,0.0,20.0,34.53641174,0.05982642623255744,0.4,45710.0,0.11540428461227437,65939.12312033826,5275.129849627061,5275.129849627061
0,11426.0,69294.0,ProfExe,20.0,0.0,1.0,396.9262645,1.0,11.0,20.29198894,0.03274246170039161,0.4,11426.0,0.08372597282042442,11958.162068077118,956.6529654461694,956.6529654461694
0,,53907.0,Other,10.0,0.0,0.0,308.2132622,2.0,13.0,34.40894842,0.07424353301639648,0.4,0.0,0.12788041878318038,0.0,0.0,0.0
0,60145.0,63268.0,Other,4.0,0.0,0.0,122.4960779,0.0,34.0,36.73687075,0.12223768260572931,0.4,60145.0,0.15681008523838155,117891.78220828073,9431.342576662459,9431.342576662459
0,64295.0,73594.0,,19.0,0.0,0.0,157.2465503,0.0,11.0,33.55631225,0.12239675533043853,0.4,64295.0,0.15688216604960917,126084.23582699527,10086.738866159621,10086.738866159621
0,154434.0,179486.0,Office,5.0,0.0,0.0,182.3539,1.0,55.0,34.98345933,0.028685116089172135,0.4,154434.0,0.0775945246093458,149790.41016899634,11983.232813519708,11983.232813519708
0,64331.0,65040.0,Other,4.0,0.0,0.0,66.54105782,1.0,20.0,42.33212434,0.30892315648559154,0.4,64331.0,0.186623014905905,150070.56464889718,12005.645171911774,12005.645171911774
0,,73388.0,Other,,0.0,0.0,367.2308638,0.0,7.0,36.84217463,0.05663395360048545,0.4,0.0,0.11230510016566958,0.0,0.0,0.0
0,13694.0,87580.0,Other,8.0,0.0,0.0,258.5549278,0.0,14.0,20.26019805,0.03016609480632146,0.4,13694.0,0.07988967650242944,13675.11537530336,1094.0092300242688,1094.0092300242686
0,26000.0,39000.0,Other,9.0,,1.0,152.2333333,7.0,29.0,,0.3824480478090771,0.4,26000.0,0.18098799263585444,58821.09760665269,4705.687808532216,4705.687808532215
0,88829.0,114962.0,Other,13.0,0.0,0.0,206.212228,3.0,15.0,37.86494621,0.16546440436839407,0.4,88829.0,0.17230762225567267,191323.92221686436,15305.91377734915,15305.913777349147
0,53537.0,66674.0,Office,4.0,0.0,0.0,83.5030948,2.0,11.0,37.09841345,0.16165569654088066,0.4,53537.0,0.17123311028495325,114591.33781656928,9167.307025325543,9167.307025325543
0,41467.0,58329.0,Mgr,2.0,0.0,0.0,187.7134862,0.0,22.0,27.86112392,0.06206243328730578,0.4,41467.0,0.11749626045383371,60902.71790298903,4872.217432239123,4872.217432239123
1,57880.0,66802.0,Other,2.0,0.0,0.0,94.59842526,8.0,21.0,45.46476584,0.5402053813328416,0.4,57880.0,0.15207114497639243,110023.47339041992,8801.877871233593,8801.877871233593
0,63130.0,71387.0,Other,3.0,0.0,2.0,305.556928,0.0,10.0,32.1779167,0.22580614230697707,0.4,63130.0,0.18367473673080262,144942.3266226946,11595.38612981557,11595.38612981557
0,57372.0,67960.0,ProfExe,1.5,0.0,0.0,158.2666667,2.0,35.0,,0.1132509090350626,0.4,57372.0,0.15252273520226933,109381.67955030744,8750.534364024596,8750.534364024596
1,,18600.0,Other,24.0,,,,,,,0.11085861428195451,0.4,0.0,0.15130697336697652,0.0,0.0,0.0
0,74000.0,89000.0,Mgr,6.0,0.0,0.0,138.0333333,2.0,27.0,,0.139403133877474,0.4,74000.0,0.16389231969305373,151600.3957160747,12128.031657285977,12128.031657285976
1,41500.0,56247.0,Other,8.0,0.0,1.0,70.03333333,2.0,24.0,,0.3695228653684086,0.4,41500.0,0.18242275975395972,94631.80662236661,7570.544529789329,7570.544529789328
0,30922.0,57682.0,Other,30.0,0.0,0.0,241.4604126,0.0,19.0,23.23703502,0.031329357752611094,0.4,30922.0,0.08164555086708908,31558.04654890161,2524.6437239121287,2524.6437239121283
0,69656.0,88198.0,Office,15.0,0.0,0.0,97.31940617,0.0,8.0,27.32239655,0.06494416957215637,0.4,69656.0,0.12010216393094252,104572.95413467166,8365.836330773733,8365.836330773733
1,89000.0,268000.0,ProfExe,,4.0,,120.8,2.0,15.0,,0.7172428816951929,0.4,89000.0,0.10216847154286285,113662.42459143492,9092.993967314793,9092.993967314793
0,42003.0,53754.0,Other,16.0,0.0,0.0,84.55110419,0.0,12.0,32.34295932,0.16445678986701692,0.4,42003.0,0.17202815916462064,90321.23461739451,7225.698769391561,7225.698769391561
0,76729.0,102287.0,ProfExe,5.0,0.0,0.0,89.06269877,1.0,33.0,38.44765886,0.1802045852831565,0.4,76729.0,0.1760200408881324,168823.02146631887,13505.84171730551,13505.84171730551
0,74814.0,98132.0,ProfExe,8.0,0.0,0.0,164.3308981,0.0,34.0,32.3751491,0.07238081961277869,0.4,74814.0,0.12639468182999203,118201.1465803628,9456.091726429024,9456.091726429024
1,55267.0,65160.0,Other,1.0,0.0,0.0,108.2754232,8.0,22.0,47.07928537,0.5435275797606198,0.4,55267.0,0.1512769818054646,104507.81191803263,8360.624953442612,8360.624953442612
0,47483.0,53877.0,,9.0,0.0,0.0,117.0523947,0.0,26.0,21.44628171,0.05547648172698933,0.4,47483.0,0.11114721311428713,65970.0390038212,5277.603120305696,5277.6031203056955
0,34044.0,55784.0,Other,10.0,0.0,0.0,245.1308598,1.0,32.0,36.35032943,0.07007312772158944,0.4,34044.0,0.12450537212775017,52983.261108964085,4238.660888717127,4238.660888717127
0,12630.0,32220.0,,,,,,,,34.34585989,0.11908606267005009,0.4,12630.0,0.1553552694126581,24526.713158523395,1962.1370526818716,1962.1370526818716
0,27180.0,86978.0,ProfExe,22.0,0.0,0.0,230.7211544,0.0,10.0,25.75301023,0.05013678182498813,0.4,27180.0,0.10555148722174157,35861.1177835867,2868.889422686936,2868.8894226869356
0,47701.0,66500.0,Other,10.0,0.0,0.0,103.0142897,0.0,23.0,37.3100061,0.16711935388836058,0.4,47701.0,0.17275923618361655,103009.85406493366,8240.788325194693,8240.788325194693
0,37742.0,64334.0,Mgr,,,,,,,37.54125788,0.1389795833877211,0.4,37742.0,0.163733537478215,77245.38964378489,6179.631171502791,6179.6311715027905
0,80386.0,106526.0,ProfExe,1.0,0.0,0.0,64.06673554,1.0,19.0,34.10469706,0.2115379238998682,0.4,80386.0,0.18183601696871568,182713.37575058974,14617.07006004718,14617.07006004718
0,31216.0,44716.0,Other,8.0,,1.0,149.1946475,6.0,29.0,37.88226039,0.4059089743608344,0.4,31216.0,0.1779611518511538,69440.44145232021,5555.235316185617,5555.235316185617
0,82894.0,124359.0,Other,7.0,,,,,,40.32588532,0.1690170022510706,0.4,82894.0,0.17326591665895982,179533.81119409768,14362.704895527815,14362.704895527815
0,54344.0,92742.0,Other,19.0,0.0,0.0,171.205079,0.0,28.0,24.55320617,0.04491752078566741,0.4,54344.0,0.09963743790074829,67683.71156597832,5414.696925278266,5414.696925278266
0,39061.0,50225.0,Other,15.0,0.0,0.0,77.11428511,0.0,12.0,32.58746565,0.17394596567680493,0.4,39061.0,0.17452752400633362,85215.24519014246,6817.2196152113975,6817.2196152113975
1,61294.0,82646.0,ProfExe,5.0,0.0,4.0,87.85916929,2.0,13.0,36.39514815,0.8903980055876378,0.4,61294.0,0.04213717780995579,32284.452208542873,2582.7561766834297,2582.75617668343
0,46589.0,64559.0,Other,8.0,0.0,0.0,85.23087649,2.0,33.0,40.45139254,0.22497357942436633,0.4,46589.0,0.1835800175484688,106910.11796957017,8552.809437565615,8552.809437565613
0,28264.0,86546.0,ProfExe,20.0,0.0,0.0,244.140509,0.0,11.0,24.20235008,0.04164566257717399,0.4,28264.0,0.0956771427173518,33802.73452204039,2704.218761763231,2704.218761763231
0,44696.0,57686.0,Office,0.0,0.0,0.0,170.3409741,0.0,20.0,37.79255503,0.0720488461163593,0.4,44696.0,0.1261262536622628,70466.73792110622,5637.339033688498,5637.339033688498
0,61513.0,73143.0,ProfExe,2.0,0.0,0.0,164.5676555,2.0,34.0,43.20495313,0.18150503207134394,0.4,61513.0,0.1763152958463277,135571.03491743948,10845.682793395159,10845.682793395157
0,82365.0,100272.0,ProfExe,3.0,1.0,0.0,122.4835943,0.0,26.0,33.65164695,0.19594325835465234,0.4,82365.0,0.17926820464544635,184567.82094527734,14765.425675622188,14765.42567562219
0,81151.0,200459.0,Self,14.0,0.0,0.0,9.53414271,,7.0,21.22321399,0.24999445931335196,0.4,81151.0,0.185798424369681,188471.5992002998,15077.727936023985,15077.727936023983
0,62909.0,81411.0,Other,15.0,0.0,0.0,238.3144708,1.0,35.0,34.68038165,0.05939237137988414,0.4,62909.0,0.11499082383590563,90424.47170866234,7233.957736692988,7233.957736692987
1,53200.0,71000.0,ProfExe,2.0,0.0,0.0,224.2333333,5.0,39.0,,0.10474956081170472,0.4,53200.0,0.14805020201650343,98453.38434097478,7876.270747277982,7876.270747277982
1,22000.0,35200.0,Mgr,13.0,0.0,0.0,90.33333333,5.0,14.0,,0.2909139323762806,0.4,22000.0,0.18695148702403563,51411.6589316098,4112.932714528784,4112.932714528784
0,56814.0,66692.0,Mgr,10.0,0.0,0.0,107.3740552,1.0,18.0,32.62568704,0.1485704265463,0.4,56814.0,0.16714750751493282,118703.9811494174,9496.318491953392,9496.318491953392
0,136820.0,201820.0,ProfExe,2.0,0.0,0.0,68.35305606,1.0,22.0,38.0722099,0.2412965172513,0.4,136820.0,0.18517004962031802,316687.0773631489,25334.966189051913,25334.966189051913
0,50662.0,62491.0,Other,0.0,0.0,0.0,197.709267,1.0,13.0,26.25188835,0.07647794300477613,0.4,50662.0,0.12961806071571783,82083.87739974621,6566.710191979697,6566.710191979697
0,43676.0,61576.0,Other,6.0,0.0,0.0,84.83912605,1.0,10.0,30.8681375,0.18527231806050873,0.4,43676.0,0.1771425777092953,96710.99030038978,7736.879224031182,7736.879224031182
0,66590.0,77465.0,Other,1.0,1.0,0.0,110.7716232,0.0,6.0,39.73578526,0.38973297205149526,0.4,66590.0,0.18010489947697175,149914.81570214435,11993.185256171548,11993.18525617155
0,46972.0,80147.0,Office,12.0,3.0,0.0,244.2335301,2.0,29.0,32.6565313,0.16704399665241423,0.4,46972.0,0.17273887035080437,101423.62772647479,8113.890218117984,8113.890218117983
0,63245.0,82041.0,Office,3.0,1.0,3.0,184.5725782,3.0,29.0,38.21903431,0.6250019571789743,0.4,63245.0,0.12995471026367303,102737.32063282501,8218.985650626,8218.985650626
0,73844.0,107640.0,ProfExe,3.0,0.0,0.0,92.97949051,0.0,34.0,37.31928931,0.147181033201849,0.4,73844.0,0.16667588773281428,153850.1781717742,12308.014253741936,12308.014253741938
0,120137.0,137090.0,ProfExe,17.0,,1.0,173.6904615,0.0,33.0,30.95890574,0.12417231495862706,0.4,120137.0,0.1576780936734603,236787.16424560625,18942.9731396485,18942.9731396485
0,80397.0,203341.0,Self,14.0,0.0,0.0,11.96373328,,7.0,18.73208974,0.2170100901718403,0.4,80397.0,0.1825962316497665,183502.36544932844,14680.189235946276,14680.189235946276
0,83217.0,101359.0,Mgr,1.0,0.0,0.0,54.74662201,2.0,24.0,40.76038718,0.30526151732868373,0.4,83217.0,0.18672741684886884,194236.19309890398,15538.895447912319,15538.895447912319
0,27666.0,56218.0,Other,3.0,0.0,0.0,249.8511899,0.0,10.0,39.52832634,0.12166035714467512,0.4,27666.0,0.15654740269773582,54138.00553794449,4331.040443035559,4331.040443035559
0,64546.0,84576.0,Other,0.0,,,173.6252843,,35.0,28.97180377,0.06494275307876132,0.4,64546.0,0.12010090712255456,96900.41438915509,7752.0331511324075,7752.033151132407
0,48018.0,68963.0,Mgr,2.0,0.0,0.0,186.7575926,1.0,16.0,30.65574434,0.09543342927192879,0.4,48018.0,0.1426300085355909,85610.09687327505,6848.807749862004,6848.807749862004
0,56352.0,75277.0,Office,5.0,0.0,0.0,98.37727819,2.0,15.0,26.24239431,0.07083186159237657,0.4,56352.0,0.12513261115676924,88143.41129882826,7051.47290390626,7051.47290390626
0,72022.0,82238.0,Office,5.0,1.0,2.0,181.7689404,3.0,30.0,39.59414827,0.4493463719809118,0.4,72022.0,0.17105714454377632,153998.47080414824,12319.87766433186,12319.877664331858
0,58701.0,67967.0,Mgr,10.0,0.0,0.0,116.5322893,1.0,19.0,31.54021826,0.1304418652275065,0.4,58701.0,0.16036541263281803,117670.12608698815,9413.610086959052,9413.610086959052
0,85198.0,107044.0,ProfExe,0.0,0.0,0.0,66.75832547,0.0,19.0,36.84646682,0.21926974778142239,0.4,85198.0,0.18288989751458065,194773.16860559053,15581.853488447243,15581.853488447243
0,56197.0,79272.0,Other,18.0,0.0,0.0,218.9816622,1.0,16.0,34.01535961,0.0928999703114154,0.4,56197.0,0.1410535468646963,99084.82716444171,7926.786173155337,7926.786173155338
0,126751.0,184554.0,Other,8.0,0.0,0.0,225.8703522,0.0,19.0,34.13705457,0.07989212010100935,0.4,126751.0,0.1321832142225255,209429.4323239916,16754.35458591933,16754.35458591933
0,48322.0,64383.0,Other,0.0,1.0,0.0,185.2567347,2.0,12.0,28.03080155,0.17451274987161916,0.4,48322.0,0.1746676557550363,105503.6307674358,8440.290461394863,8440.290461394863
0,83650.0,203720.0,Self,11.0,0.0,0.0,13.58869396,,8.0,19.58771055,0.22501410525568155,0.4,83650.0,0.18358466314531868,191960.71340132382,15356.857072105906,15356.857072105908
0,124330.0,176350.0,Other,8.0,0.0,0.0,222.6343393,1.0,19.0,33.96477734,0.09079483747509778,0.4,124330.0,0.13970810398549843,217123.85710646276,17369.90856851702,17369.90856851702
0,55341.0,78062.0,Other,3.0,0.0,1.0,192.5968546,0.0,12.0,28.82864931,0.16423458856504294,0.4,55341.0,0.17196606950131696,118959.67815340476,9516.774252272382,9516.774252272382
1,55043.0,68609.0,Other,2.0,0.0,0.0,46.27217596,1.0,17.0,25.44884453,0.14726511204543274,0.4,55043.0,0.16670464307860072,114699.04586219274,9175.92366897542,9175.92366897542
0,73996.0,92766.0,Office,15.0,0.0,1.0,102.1474286,0.0,9.0,25.3840627,0.11275457337044086,0.4,73996.0,0.1522731671793468,140845.06598253682,11267.605278602945,11267.605278602947
0,59588.0,69166.0,Other,6.0,0.0,0.0,133.9065052,0.0,17.0,36.18085758,0.1543301058818667,0.4,59588.0,0.16902349407024664,125897.14955822322,10071.771964657857,10071.771964657857
0,49573.0,68125.0,Other,2.0,0.0,0.0,223.2,0.0,10.0,,0.1061409194899499,0.4,49573.0,0.1488117362487982,92213.05251327092,7377.044201061673,7377.044201061673
1,122000.0,148000.0,ProfExe,0.7,0.0,0.0,165.3333333,7.0,29.0,,0.2151180324260686,0.4,122000.0,0.1823413037474976,278070.48821493384,22245.63905719471,22245.63905719471
1,34000.0,49756.0,Other,0.9,1.0,0.0,230.3,8.0,8.0,,0.3839490056358896,0.4,34000.0,0.1808103478860008,76844.39785155035,6147.551828124028,6147.551828124027
0,67523.0,85560.0,Sales,5.0,0.0,0.0,126.8429349,0.0,35.0,26.00166533,0.1583000737679497,0.4,67523.0,0.17024477729936005,143692.97621980862,11495.43809758469,11495.438097584689
1,41144.0,59375.0,Other,2.0,0.0,0.0,73.6,1.0,18.0,,0.21462621665598933,0.4,41144.0,0.18227367631122054,93743.35172686072,7499.468138148858,7499.468138148858
0,50210.0,64838.0,Other,9.0,0.0,0.0,95.03916828,2.0,34.0,40.39623344,0.20941925490372237,0.4,50210.0,0.18152263108092415,113928.141332165,9114.2513065732,9114.251306573202
0,54091.0,67661.0,Other,27.0,0.0,2.0,188.5339891,0.0,24.0,38.58937235,0.35716318842557226,0.4,54091.0,0.18362963303913582,124158.8810089987,9932.710480719896,9932.710480719896
0,147477.0,181050.0,Office,6.0,0.0,0.0,190.0210849,1.0,55.0,34.69816239,0.02675435433383082,0.4,147477.0,0.07449520747542818,137329.1214106715,10986.329712853722,10986.329712853722
0,115118.0,124198.0,Self,6.0,1.0,0.0,174.3418233,0.0,19.0,31.75799058,0.2461704986717523,0.4,115118.0,0.18554013341219872,266987.61347681866,21359.009078145493,21359.009078145493
0,110789.0,126781.0,Self,6.0,0.0,1.0,178.6374675,0.0,19.0,31.88893638,0.28206436198251666,0.4,110789.0,0.18693602354221536,258880.68890273123,20710.4551122185,20710.455112218497
0,51224.0,70399.0,Mgr,5.0,,,110.6774417,,23.0,42.93929441,0.24211130780502135,0.4,51224.0,0.1852351548023215,118606.06961992645,9488.485569594117,9488.485569594117
0,67065.0,96171.0,Office,9.0,0.0,0.0,205.0076003,3.0,28.0,41.58720119,0.08715462450060983,0.4,67065.0,0.13730242925466238,115102.34272454915,9208.187417963933,9208.187417963933
0,29569.0,47842.0,Other,12.0,,1.0,144.8171746,7.0,28.0,36.78458201,0.425060804185224,0.4,29569.0,0.1751142847277566,64724.42856393793,5177.9542851150345,5177.9542851150345
0,199000.0,226000.0,ProfExe,11.0,0.0,0.0,236.3666667,0.0,22.0,,0.07230194239937185,0.4,199000.0,0.1263310039206842,314248.37225270196,25139.86978021616,25139.869780216155
1,64305.0,107374.0,ProfExe,9.0,0.0,0.0,97.86132576,0.0,36.0,36.99638566,0.13070344146321433,0.4,64305.0,0.16047348249438564,128990.59114751835,10319.247291801468,10319.247291801468
0,98568.0,121994.0,Office,15.0,0.0,0.0,270.2651653,0.0,16.0,33.65829222,0.031071309742252286,0.4,98568.0,0.08125949050258231,100119.81824823168,8009.585459858535,8009.585459858534
0,32870.0,61572.0,Mgr,,,,,,,38.49024696,0.14692007953589287,0.4,32870.0,0.16658646280591982,68446.2129053823,5475.697032430584,5475.697032430585
1,35602.0,73077.0,Self,,0.0,1.0,179.89656,1.0,20.0,53.58488301,0.6554558443978221,0.4,35602.0,0.12116717208430457,53922.420756817635,4313.793660545411,4313.7936605454115
0,11950.0,46780.0,Office,24.0,0.0,0.0,268.9,0.0,20.0,,0.02923924981316256,0.4,11950.0,0.07846135259008401,11720.1645431438,937.613163451504,937.6131634515039
0,70214.0,83882.0,Office,4.0,1.0,2.0,172.7993009,3.0,30.0,38.58882359,0.4471704599707046,0.4,70214.0,0.17144004835075363,150468.6444362477,12037.491554899816,12037.491554899816
0,49254.0,80527.0,Other,2.0,0.0,2.0,202.5374304,0.0,13.0,29.55158314,0.2964094949276851,0.4,49254.0,0.18690121048750324,115070.40276689356,9205.632221351485,9205.632221351485
0,44355.0,57742.0,Other,20.0,0.0,1.0,129.7319921,0.0,22.0,38.04276786,0.2745488975173857,0.4,44355.0,0.18682592264892336,103583.29748866244,8286.663799092996,8286.663799092996
0,125732.0,184667.0,Other,7.0,0.0,0.0,212.2234688,0.0,19.0,33.92078997,0.08540621916771944,0.4,125732.0,0.13611000094224196,213917.28298087456,17113.382638469964,17113.382638469968
0,31149.0,67239.0,Mgr,,,,,,,35.26543738,0.12139822518649475,0.4,31149.0,0.15642757270536606,60907.03077749309,4872.5624621994475,4872.5624621994475
0,80203.0,98731.0,Other,4.0,0.0,0.0,113.4251457,2.0,31.0,41.47407381,0.22089210658759584,0.4,80203.0,0.18309358546557508,183558.18543869397,14684.654835095518,14684.654835095518
0,64181.0,70996.0,Other,4.0,0.0,0.0,171.7595791,2.0,17.0,33.22779359,0.1361259569734543,0.4,64181.0,0.16264367342490493,130482.92005104781,10438.633604083825,10438.633604083823
1,57892.0,78900.0,ProfExe,15.0,0.0,3.0,329.1666667,1.0,14.0,,0.38984579504649003,0.4,57892.0,0.18009081223262402,130322.71627213838,10425.81730177107,10425.81730177107
0,,,,,,,,,,,0.12287613667008887,0.4,0.0,0.1570986157876793,0.0,0.0,0.0
1,75000.0,87400.0,Other,7.0,1.0,0.0,101.4666667,2.0,19.0,,0.3100246109224149,0.4,75000.0,0.18658796833403102,174926.22031315407,13994.097625052325,13994.097625052327
1,52600.0,66700.0,ProfExe,2.0,0.0,0.0,110.5666667,5.0,26.0,,0.2358181333565891,0.4,52600.0,0.1846978552607974,121438.83983397429,9715.107186717943,9715.107186717943
0,75378.0,86060.0,Mgr,6.0,0.0,0.0,102.6650708,0.0,23.0,30.09500969,0.10807808221411384,0.4,75378.0,0.14985234156537497,141194.62253143545,11295.569802514836,11295.569802514834
0,67740.0,108135.0,Office,11.0,0.0,0.0,163.2738318,1.0,12.0,38.38349838,0.0968167331401446,0.4,67740.0,0.14347162098885696,121484.59507231464,9718.767605785171,9718.767605785171
1,194485.0,228670.0,ProfExe,1.0,0.0,0.0,75.45815036,,4.0,28.37013088,0.19293291983293798,0.4,194485.0,0.17870022684314812,434431.42021987075,34754.51361758966,34754.51361758966
0,56477.0,94980.0,Other,17.0,0.0,0.0,179.9173626,0.0,28.0,25.21073966,0.045224180070787476,0.4,56477.0,0.09999817931644782,70594.96466568779,5647.597173255023,5647.597173255023
0,78898.0,86567.0,ProfExe,9.0,0.0,0.0,179.8308288,0.0,12.0,40.29195198,0.16738513985322948,0.4,78898.0,0.17283091659339106,170450.17071731712,13636.013657385369,13636.013657385367
0,59469.0,69834.0,Other,3.0,0.0,0.0,308.7591757,0.0,9.0,34.09578509,0.06457242346555617,0.4,59469.0,0.1197715260294944,89033.66101810003,7122.6928814480025,7122.6928814480025
0,61791.0,78361.0,Office,5.0,0.0,0.0,94.51806778,2.0,15.0,28.08852465,0.08128189020778064,0.4,61791.0,0.13319743113307905,102880.03083930111,8230.40246714409,8230.402467144087
1,24182.0,39750.0,ProfExe,2.0,0.0,0.0,176.8333333,0.0,36.0,,0.07878147410627369,0.4,24182.0,0.13136039357895,39706.96296907711,3176.557037526169,3176.5570375261686
0,,49495.0,Mgr,5.0,,,141.1652982,,8.0,21.07999894,0.07792280922346781,0.4,0.0,0.13071662450896948,0.0,0.0,0.0
0,83441.0,92148.0,Mgr,5.0,0.0,0.0,119.145844,1.0,26.0,40.97863532,0.19879037508555167,0.4,83441.0,0.17978321632400962,187516.1419161461,15001.291353291688,15001.291353291686
0,49953.0,75322.0,Other,0.0,0.0,0.0,58.89273133,8.0,21.0,23.87594619,0.25184170580486304,0.4,49953.0,0.18591330229028002,116086.58986632948,9286.927189306358,9286.927189306358
0,67171.0,82138.0,Other,2.0,0.0,0.0,89.12452631,0.0,6.0,38.8031464,0.27334362338432366,0.4,67171.0,0.1867997228511882,156844.05229546456,12547.524183637164,12547.524183637162
0,13365.0,66979.0,Other,9.0,2.0,1.0,346.9796514,1.0,22.0,16.48162968,0.08726504209310161,0.4,13365.0,0.13737691539191288,22950.530927661446,1836.0424742129157,1836.0424742129155
0,89139.0,122571.0,Other,8.0,,,,,,40.78052715,0.1724435345687504,0.4,89139.0,0.1741511763781417,194045.77138963967,15523.661711171175,15523.661711171173
0,42191.0,57224.0,Other,15.0,0.0,0.0,68.81082617,0.0,11.0,30.51822975,0.16420461200933,0.4,42191.0,0.17195768033712444,90688.33113879521,7255.066491103617,7255.066491103617
0,61767.0,72668.0,ProfExe,15.0,0.0,0.0,228.9854532,3.0,32.0,37.91433471,0.10347569717674095,0.4,61767.0,0.14734242120235622,113761.2416300742,9100.899330405937,9100.899330405937
1,86754.0,110000.0,ProfExe,13.0,0.0,2.0,103.4333333,0.0,19.0,,0.4663142648805676,0.4,86754.0,0.16794646519723966,182125.3455215166,14570.027641721328,14570.02764172133
0,57494.0,66704.0,Mgr,6.0,,,115.3127491,,24.0,39.51098574,0.19270954004652388,0.4,57494.0,0.17865710619417863,128396.3957941013,10271.711663528105,10271.711663528105
0,,76207.0,,,,,,,,22.3926116,0.05637751716718149,0.4,0.0,0.11205018344124225,0.0,0.0,0.0
0,49406.0,83074.0,Other,1.0,0.0,1.0,191.8151231,0.0,13.0,30.12455569,0.1760837238266201,0.4,49406.0,0.1750508352850524,108107.01960116623,8648.561568093299,8648.561568093299
0,22513.0,52355.0,Other,1.0,0.0,0.0,248.5834087,0.0,10.0,39.20462501,0.1215632695596072,0.4,22513.0,0.15650306134763967,44041.91775149265,3523.353420119412,3523.353420119412
1,,16365.0,Other,,0.0,0.0,59.54870268,1.0,2.0,24.19590363,0.16646792681376704,0.4,0.0,0.17258256034068248,0.0,0.0,0.0
0,,66691.0,Other,,0.0,0.0,349.7523621,0.0,7.0,34.34334852,0.05313993636970347,0.4,0.0,0.10875145054010926,0.0,0.0,0.0
0,17282.0,70783.0,ProfExe,19.0,0.0,1.0,404.9043933,0.0,11.0,23.61012437,0.034492325370064046,0.4,17282.0,0.08622656101006776,18627.092842199887,1490.1674273759909,1490.167427375991
0,56793.0,68825.0,Other,3.0,0.0,0.0,225.8890415,0.0,9.0,34.72787519,0.10525390326744714,0.4,56793.0,0.14832762489478268,105299.63500811742,8423.970800649393,8423.970800649393
0,25061.0,35792.0,Other,3.0,,,,,,37.10471224,0.14365804580777194,0.4,25061.0,0.16544569018214228,51827.93052068335,4146.234441654668,4146.2344416546675
0,51990.0,76918.0,Other,0.0,0.0,1.0,180.8181023,0.0,12.0,29.55540653,0.1843402161413957,0.4,51990.0,0.17694173346620992,114990.00903635318,9199.200722908254,9199.200722908254
0,59029.0,76120.0,Other,2.0,0.0,0.0,231.7341444,0.0,10.0,36.02568383,0.10889096248273243,0.4,59029.0,0.1502823027443973,110887.67560873786,8871.01404869903,8871.014048699028
0,116030.0,125179.0,Self,6.0,0.0,0.0,177.0858449,0.0,19.0,33.84909254,0.1709081502639951,0.4,116030.0,0.1737591723165478,252015.95954861306,20161.276763889044,20161.276763889044
0,45028.0,61014.0,Other,10.0,0.0,0.0,72.49466093,0.0,23.0,35.66764597,0.1768317042560389,0.4,45028.0,0.17523059690922144,98628.54147035528,7890.283317628423,7890.283317628423
1,49352.0,56529.0,Other,7.0,0.0,1.0,78.83361763,2.0,23.0,36.17495524,0.38527621544006163,0.4,49352.0,0.18065139491602622,111443.84552369658,8915.507641895727,8915.507641895725
0,14046.0,34777.0,Other,5.0,0.0,0.0,256.634152,0.0,11.0,22.44794332,0.038408826247450185,0.4,14046.0,0.09154477723816618,16072.974263591026,1285.8379410872822,1285.8379410872822
0,88252.0,112567.0,Other,11.0,0.0,0.0,224.7155765,2.0,15.0,39.52685236,0.15023653078262478,0.4,88252.0,0.16770315486545193,185001.7352898233,14800.138823185864,14800.138823185864
0,52602.0,61496.0,Other,13.0,0.0,0.0,107.3400662,0.0,22.0,37.69910859,0.16758723504196318,0.4,52602.0,0.17288526374330526,113676.3830428168,9094.110643425343,9094.110643425343
1,60513.0,110485.0,Mgr,3.0,1.0,1.0,126.7719289,1.0,17.0,40.03139332,0.5227305534945734,0.4,60513.0,0.15614122342544748,118107.17316430129,9448.573853144104,9448.573853144104
0,76958.0,88607.0,ProfExe,9.0,0.0,0.0,175.4118267,0.0,12.0,39.21677518,0.160893043743574,0.4,76958.0,0.17101195587255605,164509.2262505021,13160.73810004017,13160.73810004017
0,21738.0,86586.0,ProfExe,20.0,0.0,0.0,241.0607911,0.0,10.0,25.21859995,0.046287908032456734,0.4,21738.0,0.10123622933165191,27508.414415143114,2200.673153211449,2200.673153211449
0,77929.0,102942.0,ProfExe,8.0,0.0,0.0,173.8298837,0.0,34.0,33.89777255,0.07566078123513481,0.4,77929.0,0.1289881074456513,125648.927814152,10051.914225132161,10051.914225132161
0,89275.0,108653.0,Other,15.0,0.0,0.0,206.9034809,2.0,15.0,37.74304708,0.14470779904769238,0.4,89275.0,0.16581746950982576,185041.9323811212,14803.354590489696,14803.354590489695
0,57554.0,68222.0,ProfExe,14.0,0.0,0.0,215.4317939,3.0,32.0,36.5693479,0.10302173859886282,0.4,57554.0,0.14708772305300863,105818.58515741074,8465.486812592859,8465.486812592859
0,21780.0,85505.0,ProfExe,19.0,0.0,0.0,240.682581,0.0,10.0,24.40433511,0.04427651626139273,0.4,21780.0,0.09887775012356939,26919.46747114177,2153.5573976913415,2153.5573976913415
0,63314.0,69285.0,ProfExe,15.0,0.0,0.0,244.0177745,3.0,32.0,36.54257022,0.08772322549264794,0.4,63314.0,0.13768497100671484,108967.3281789893,8717.386254319144,8717.386254319143
0,48538.0,63805.0,Other,9.0,0.0,0.0,88.60602346,0.0,22.0,38.0261511,0.19118604715027776,0.4,48538.0,0.1783593841468306,108215.0973464858,8657.207787718864,8657.207787718864
0,50716.0,61492.0,Other,3.0,0.0,1.0,90.23032976,0.0,20.0,38.25586202,0.36325932278821876,0.4,50716.0,0.183055080247074,116047.76812263257,9283.821449810606,9283.821449810606
1,77517.0,86214.0,ProfExe,2.0,2.0,0.0,352.3791379,0.0,28.0,28.03021421,0.06868133356755309,0.4,77517.0,0.12333899485111133,119510.86079841996,9560.868863873597,9560.868863873597
0,56795.0,70014.0,Other,3.0,0.0,1.0,319.7957713,0.0,10.0,33.59617086,0.11842124344125841,0.4,56795.0,0.15504178950380412,110069.98043585694,8805.598434868556,8805.598434868554
1,45000.0,63775.0,Other,14.0,0.0,0.0,173.1666667,0.0,18.0,,0.10904103438433242,0.4,45000.0,0.15036125296081482,84578.20479045833,6766.256383236667,6766.256383236667
1,49000.0,66922.0,Other,11.0,0.0,2.0,91.0,3.0,32.0,,0.5146076362713514,0.4,49000.0,0.1579699408669397,96756.58878100057,7740.527102480046,7740.527102480045
0,108095.0,137000.0,ProfExe,3.0,0.0,0.0,277.0,1.0,46.0,,0.04090905046317028,0.4,108095.0,0.0947562416924718,128033.44932184674,10242.67594574774,10242.675945747738
0,15129.0,29375.0,Office,6.0,0.0,1.0,102.4333333,0.0,17.0,,0.1767718812287827,0.4,15129.0,0.17521628291029667,33135.58930187348,2650.847144149878,2650.847144149878
0,74596.0,98000.0,ProfExe,6.0,0.0,0.0,108.5333333,1.0,27.0,,0.14880616885143266,0.4,74596.0,0.1672267802914896,155930.61128279948,12474.448902623959,12474.448902623959
0,85149.0,106820.0,Mgr,10.0,0.0,0.0,240.4333333,0.0,25.0,,0.06463750295010977,0.4,85149.0,0.11982952509984897,127542.05290908799,10203.364232727039,10203.364232727039
0,102000.0,120000.0,,3.0,0.0,0.0,125.8,1.0,26.0,,0.1423399776871491,0.4,102000.0,0.1649725210247588,210339.96430656748,16827.1971445254,16827.197144525395
0,63847.0,86500.0,Office,26.0,0.0,0.0,170.4333333,2.0,14.0,,0.07366127524899452,0.4,63847.0,0.12741968762884648,101692.05995048702,8135.364796038962,8135.364796038961
1,54100.0,70438.0,Self,2.0,3.0,1.0,115.6,1.0,25.0,,0.8060209814155298,0.4,54100.0,0.07250243870663993,49029.77417536525,3922.3819340292202,3922.3819340292202
1,66400.0,81500.0,Other,9.5,0.0,0.0,215.0666667,0.0,65.0,,0.03247381294273535,0.4,66400.0,0.08333476653132792,69167.85622100216,5533.428497680173,5533.428497680174
1,63975.0,235000.0,ProfExe,4.0,5.0,0.0,123.7666667,1.0,17.0,,0.7928566196293694,0.4,63975.0,0.0770595834267383,61623.58562156978,4929.886849725583,4929.886849725583
1,53700.0,68000.0,Mgr,6.0,0.0,0.0,101.5,0.0,13.0,,0.17530482660840782,0.4,53700.0,0.17486180984139754,117375.9898560381,9390.079188483049,9390.079188483049
1,62227.0,81250.0,Office,9.0,0.0,5.0,123.7666667,3.0,34.0,,0.8138199894750079,0.4,62227.0,0.06977846525939012,54276.30697120086,4342.104557696069,4342.104557696069
1,41000.0,63450.0,Other,2.9,,,,,,,0.12593737350237513,0.4,41000.0,0.15845381471310974,81207.58004046875,6496.6064032375,6496.606403237499
1,122751.0,140000.0,Other,5.0,0.0,0.0,116.7,2.0,30.0,,0.15250706852288592,0.4,122751.0,0.16844327761717492,258457.259634823,20676.58077078584,20676.58077078584
1,85474.0,118125.0,Office,2.5,2.0,0.0,132.9333333,1.0,9.0,,0.2702117185945176,0.4,85474.0,0.18672037002259034,199496.7113413861,15959.73690731089,15959.736907310888
0,131949.0,165096.0,ProfExe,5.0,0.0,0.0,440.4212537,0.0,42.0,26.90476645,0.00884368686702649,0.4,131949.0,0.036942437541510977,60931.4711395604,4874.517691164832,4874.517691164832
0,116361.0,143318.0,ProfExe,15.0,,1.0,181.0707933,1.0,32.0,30.03284549,0.13109854291289283,0.4,116361.0,0.16063611778492703,233647.2412696487,18691.779301571896,18691.779301571896
0,54641.0,65705.0,Other,5.0,0.0,0.0,323.1929276,0.0,10.0,33.29962839,0.054704711691619064,0.4,54641.0,0.11036464761018526,75380.43387585165,6030.4347100681325,6030.4347100681325
0,85758.0,108661.0,Mgr,11.0,0.0,0.0,255.2874154,0.0,24.0,29.43486714,0.04249244541658022,0.4,85758.0,0.09672215688729154,103683.73412925434,8294.698730340348,8294.698730340348
0,60123.0,74887.0,Other,3.0,0.0,1.0,242.2497612,2.0,16.0,37.68016976,0.2418452987076417,0.4,60123.0,0.18521404368374605,139195.29935497328,11135.623948397862,11135.623948397864
0,43614.0,60831.0,Other,3.0,0.0,2.0,84.44474615,0.0,20.0,36.67364815,0.5381519269269026,0.4,43614.0,0.15255881178644498,83171.25021567514,6653.700017254012,6653.700017254011
0,83639.0,98081.0,Other,10.0,0.0,0.0,155.3712203,4.0,22.0,42.53968571,0.2678450457579149,0.4,83639.0,0.18664947651324112,195139.69457613718,15611.175566090975,15611.175566090975
0,50178.0,64427.0,Other,5.0,0.0,0.0,67.63628905,1.0,11.0,28.68992836,0.1759270174041953,0.4,50178.0,0.17501295591565236,109772.50127419505,8781.800101935603,8781.800101935603
0,77723.0,107245.0,ProfExe,5.0,0.0,0.0,115.5585296,0.0,26.0,26.91192966,0.08078678844169654,0.4,77723.0,0.1328380600313417,129057.15674769963,10324.57253981597,10324.57253981597
0,46093.0,60563.0,Mgr,4.0,0.0,0.0,190.4821643,1.0,21.0,29.57814813,0.07777789280553765,0.4,46093.0,0.13060731219343336,75251.03551164904,6020.082840931923,6020.082840931924
1,85008.0,73223.0,Mgr,7.0,0.0,2.0,197.1200454,0.0,23.0,41.44105202,0.4195539316626178,0.4,85008.0,0.17596588410449499,186981.34844943637,14958.507875954909,14958.50787595491
0,106762.0,123138.0,,2.0,0.0,0.0,131.0119157,0.0,25.0,32.80374334,0.11199708061839378,0.4,106762.0,0.15188960195532208,202700.4710494262,16216.037683954097,16216.037683954097
0,92521.0,110704.0,Other,13.0,0.0,0.0,208.8984853,2.0,16.0,39.25043329,0.1551519840773046,0.4,92521.0,0.169281043514394,195775.64283744057,15662.051426995245,15662.051426995247
1,49000.0,68000.0,Other,2.0,2.0,3.0,9.1,3.0,15.0,,0.950508756783396,0.4,49000.0,0.019392969855725053,11878.194036631596,950.2555229305277,950.2555229305276
0,,56851.0,Other,10.0,0.0,0.0,308.4356492,2.0,13.0,31.07561658,0.05995804438898279,0.4,0.0,0.11552917784032429,0.0,0.0,0.0
0,48893.0,113223.0,ProfExe,7.0,0.0,1.0,237.0980813,0.0,9.0,22.00337641,0.08934685354074516,0.4,48893.0,0.1387634045693737,84806.98924512985,6784.559139610388,6784.559139610388
0,47689.0,52910.0,Mgr,21.0,1.0,1.0,224.4807501,1.0,18.0,34.94707658,0.2728486464043914,0.4,47689.0,0.18678826808994742,111346.82146176878,8907.745716941503,8907.745716941503
0,59232.0,71157.0,Mgr,5.0,,,108.2171605,,24.0,40.09183182,0.20684941439040846,0.4,59232.0,0.1811279102568039,134107.10475413757,10728.568380331006,10728.568380331008
0,,50262.0,Mgr,5.0,,,175.7568875,,8.0,22.95686376,0.07261606285473889,0.4,0.0,0.12658422256951893,0.0,0.0,0.0
1,52028.0,77316.0,Other,,0.0,2.0,194.4848973,1.0,12.0,30.79767437,0.35192070372022355,0.4,52028.0,0.18409068543866894,119723.37727503835,9577.870182003067,9577.870182003067
0,79226.0,88112.0,ProfExe,10.0,0.0,1.0,179.6482736,1.0,12.0,40.67090473,0.3399213307574174,0.4,79226.0,0.18502706607190147,183236.92920765583,14658.954336612467,14658.954336612465
0,72402.0,86584.0,Mgr,8.0,0.0,0.0,102.9720787,0.0,22.0,29.6557132,0.10591679147309768,0.4,72402.0,0.14868986898174366,134568.04867520256,10765.443894016205,10765.443894016205
0,17430.0,68499.0,ProfExe,20.0,0.0,2.0,403.9654009,1.0,12.0,21.75864261,0.07161823742627518,0.4,17430.0,0.12577640469882995,27403.534173757576,2192.282733900606,2192.2827339006058
1,,26400.0,Other,8.0,0.0,0.0,,2.0,0.0,,0.20075408947393913,0.4,0.0,0.18012610181957986,0.0,0.0,0.0
0,82849.0,113913.0,ProfExe,10.0,0.0,1.0,167.3610299,0.0,27.0,35.76333348,0.19743106366378083,0.4,82849.0,0.17953999195876894,185933.8599224006,14874.708793792048,14874.708793792048
0,27861.0,47737.0,Other,8.0,0.0,0.0,89.49211666,0.0,4.0,34.05094936,0.2141938880512324,0.4,27861.0,0.18221376160880745,63458.2201522873,5076.657612182984,5076.657612182984
0,82329.0,100139.0,ProfExe,5.0,0.0,0.0,108.5325636,0.0,26.0,26.0992587,0.07975456252753571,0.4,82329.0,0.13208190269265982,135927.13708479988,10874.17096678399,10874.17096678399
0,80922.0,95105.0,Other,3.0,0.0,0.0,90.88129226,2.0,31.0,38.12081058,0.205964861225226,0.4,80922.0,0.18098829607389696,183074.1861861486,14645.934894891889,14645.93489489189
0,,67005.0,Other,,0.0,0.0,364.3759758,0.0,7.0,36.67473432,0.05692519526409723,0.4,0.0,0.11259351532324376,0.0,0.0,0.0
1,68784.0,85464.0,ProfExe,2.0,0.0,0.0,117.9983043,0.0,14.0,36.04425176,0.17846677697406949,0.4,68784.0,0.17561759467171587,150996.0078987413,12079.680631899306,12079.680631899304
0,52029.0,71376.0,Other,4.0,0.0,1.0,250.2521648,2.0,16.0,38.48364845,0.24197865355153114,0.4,52029.0,0.18522464448484863,120463.16284877736,9637.05302790219,9637.05302790219
0,61856.0,77275.0,Other,4.0,0.0,1.0,243.7137741,1.0,16.0,36.56411956,0.20313383628113366,0.4,61856.0,0.18052836700171243,139584.53336572406,11166.762669257925,11166.762669257923
0,105226.0,122901.0,,3.0,0.0,0.0,113.6887804,1.0,26.0,33.89664298,0.14298390570552,0.4,105226.0,0.16520457269645306,217297.7045819621,17383.81636655697,17383.81636655697
0,53232.0,86703.0,Other,16.0,0.0,0.0,183.2062075,0.0,29.0,26.87488997,0.04872254920645975,0.4,53232.0,0.10399490184156586,69198.20768537791,5535.856614830233,5535.856614830233
1,52900.0,91741.0,Other,,1.0,1.0,93.1103527,,8.0,40.76145307,0.6363590606589639,0.4,52900.0,0.1267252893931552,83797.09761122387,6703.76780889791,6703.76780889791
0,75392.0,89976.0,ProfExe,9.0,0.0,0.0,163.7035554,1.0,12.0,39.27188478,0.1905967098635337,0.4,75392.0,0.1782425069667739,167975.7385654877,13438.059085239016,13438.059085239018
0,31999.0,61406.0,Other,31.0,0.0,0.0,239.0505566,0.0,19.0,20.96127294,0.027134533793690012,0.4,31999.0,0.07511549743668496,30045.260030956022,2403.620802476482,2403.620802476482
0,,,,,,,,,,26.23245922,0.07206784567389223,0.4,0.0,0.12614164647246257,0.0,0.0,0.0
0,54496.0,71895.0,Other,6.0,0.0,0.0,125.7657749,0.0,16.0,35.50677407,0.15761954987292032,0.4,54496.0,0.17003947721053916,115830.89187581927,9266.471350065542,9266.471350065542
0,56999.0,67427.0,Other,8.0,0.0,0.0,139.513915,0.0,16.0,35.8924361,0.1487192595431748,0.4,56999.0,0.1671975805502978,119126.1861723303,9530.094893786425,9530.094893786423
0,67366.0,102936.0,Other,9.0,0.0,0.0,213.2814957,0.0,20.0,19.07865117,0.03143713321350889,0.4,67366.0,0.0818062194195694,68886.97221773391,5510.957777418713,5510.957777418713
0,35782.0,45550.0,Other,8.0,0.0,0.0,109.2843458,0.0,3.0,36.15980592,0.22272516093185782,0.4,35782.0,0.1833166188673027,81992.94070387281,6559.435256309825,6559.435256309825
0,148235.0,182053.0,Office,4.0,0.0,0.0,198.8097171,0.0,55.0,33.53872615,0.020961782050979705,0.4,148235.0,0.06435636549492699,119248.32298925628,9539.865839140502,9539.865839140502
0,48031.0,107561.0,ProfExe,5.0,0.0,1.0,226.7811051,0.0,9.0,24.19032663,0.10933554751301908,0.4,48031.0,0.150515805261757,90367.80803159314,7229.424642527451,7229.4246425274505
0,43167.0,60209.0,Other,3.0,0.0,1.0,80.36819698,0.0,20.0,37.49079883,0.36465658010816693,0.4,43167.0,0.18291767323905314,98700.0900088776,7896.007200710208,7896.007200710207
0,50350.0,58837.0,Other,6.0,0.0,0.0,80.84321682,0.0,10.0,28.79316627,0.15037859392509145,0.4,50350.0,0.16775003836165717,105577.68039386798,8446.21443150944,8446.21443150944
0,32562.0,47220.0,Other,8.0,,1.0,151.2858674,7.0,29.0,38.01913505,0.43747137890828947,0.4,32562.0,0.17310108308479144,70456.46834258724,5636.5174674069785,5636.5174674069785
0,66868.0,107794.0,Office,10.0,0.0,0.0,152.9298285,1.0,12.0,39.64082898,0.11113356496833103,0.4,66868.0,0.1514483649987493,126588.11588420461,10127.04927073637,10127.049270736368
0,93649.0,113833.0,Other,13.0,0.0,0.0,205.1172457,3.0,16.0,39.12613026,0.1753166082547253,0.4,93649.0,0.17486468304149594,204698.78377691316,16375.902702153053,16375.902702153053
0,29348.0,87351.0,ProfExe,20.0,0.0,0.0,224.3948946,0.0,11.0,26.1296273,0.05276782524844229,0.4,29348.0,0.1083624819450799,39752.77650155256,3180.2221201242046,3180.222120124205
0,44966.0,55114.0,Office,1.0,0.0,0.0,173.9618974,1.0,21.0,37.4566221,0.07604978960420046,0.4,44966.0,0.12928878295382903,72669.99267877346,5813.599414301877,5813.599414301876
0,23181.0,80140.0,ProfExe,21.0,0.0,0.0,221.4180934,0.0,10.0,25.46264153,0.05217579254343058,0.4,23181.0,0.10773931201002672,31218.812396305366,2497.5049917044294,2497.5049917044294
0,68890.0,84059.0,Office,12.0,0.0,0.0,254.0196894,3.0,36.0,41.4339438,0.05452933719660648,0.4,68890.0,0.11018562752027244,94883.59849839461,7590.687879871569,7590.687879871569
0,17411.0,86102.0,Other,10.0,0.0,0.0,267.9701095,0.0,13.0,22.08919992,0.03254901672482189,0.4,17411.0,0.08344447894711735,18160.647786853253,1452.8518229482602,1452.8518229482602
1,114000.0,139200.0,Mgr,5.0,0.0,0.0,213.5666667,1.0,36.0,,0.06922838693339733,0.4,114000.0,0.12379990913409954,176414.87051609185,14113.189641287348,14113.189641287347
0,56842.0,66710.0,Other,6.0,0.0,0.0,144.7952204,0.0,17.0,33.8858765,0.12761919346605616,0.4,56842.0,0.1591788421582506,113100.546824491,9048.04374595928,9048.04374595928
1,56877.0,65125.0,Other,6.0,2.0,0.0,12.17692857,0.0,1.0,33.24121888,0.5884876285457703,0.4,56877.0,0.13992925236911039,99484.45108747364,7958.7560869978915,7958.7560869978915
0,62752.0,73003.0,ProfExe,13.0,0.0,0.0,226.5659049,3.0,31.0,38.33979805,0.11113497778930403,0.4,62752.0,0.15144909040885268,118796.66651670405,9503.733321336324,9503.733321336324
0,65508.0,103523.0,Office,12.0,0.0,0.0,154.4273677,0.0,12.0,37.5754361,0.08507176709778444,0.4,65508.0,0.13587908865878068,111264.59174824256,8901.167339859405,8901.167339859405
0,153103.0,181849.0,Office,6.0,0.0,0.0,186.249507,0.0,55.0,33.99556536,0.02292973007119737,0.4,153103.0,0.06795611615516828,130053.56564630911,10404.285251704729,10404.285251704729
1,68990.0,81922.0,Mgr,12.0,0.0,1.0,120.8858112,2.0,23.0,43.15987533,0.42216777740964434,0.4,68990.0,0.17556492739506135,151402.80426231606,12112.224340985285,12112.224340985284
0,,48150.0,Mgr,3.0,,,165.7680172,,9.0,22.30223437,0.07296199206825836,0.4,0.0,0.12686193697683176,0.0,0.0,0.0
0,19496.0,73140.0,ProfExe,20.0,0.0,1.0,399.2426919,1.0,12.0,23.37450457,0.03872306431355857,0.4,19496.0,0.09195590746649844,22409.654649585667,1792.7723719668534,1792.7723719668536
0,57377.0,75038.0,Office,4.0,0.0,0.0,91.21996117,1.0,15.0,25.14027972,0.06107755416108369,0.4,57377.0,0.11658256033041735,83614.46955097945,6689.157564078357,6689.157564078356
0,124205.0,196124.0,Office,0.0,0.0,1.0,332.7233895,0.0,15.0,40.12016832,0.07915144497317397,0.4,124205.0,0.13163571389469597,204372.67305363392,16349.813844290713,16349.813844290713
0,64437.0,79857.0,Office,5.0,0.0,0.0,88.78915597,2.0,14.0,27.89926789,0.08461708203747266,0.4,64437.0,0.13556369751268024,109191.47470780721,8735.317976624578,8735.317976624578
0,61810.0,79817.0,Office,6.0,0.0,0.0,98.2241442,1.0,14.0,25.52507894,0.06073925045184317,0.4,61810.0,0.11626591313773958,89829.95113804603,7186.396091043683,7186.396091043684
0,,66345.0,Other,,0.0,0.0,357.1438193,0.0,6.0,34.60197381,0.052983487164744755,0.4,0.0,0.10858816735274171,0.0,0.0,0.0
0,62168.0,80681.0,Sales,6.0,0.0,0.0,117.3762292,0.0,34.0,27.69452127,0.1849338557871656,0.4,62168.0,0.17706993728601728,137601.04826496402,11008.083861197121,11008.083861197121
0,56651.0,71353.0,Other,29.0,1.0,2.0,176.9129878,1.0,24.0,38.54444186,0.5457198215995788,0.4,56651.0,0.15074944717537392,106751.33664915134,8540.106931932107,8540.106931932109
0,46120.0,52911.0,Mgr,19.0,0.0,0.0,229.4415778,1.0,17.0,36.33481436,0.09510448866304086,0.4,46120.0,0.14242790733039265,82109.68857597136,6568.775086077709,6568.775086077709
0,77926.0,89216.0,Mgr,6.0,0.0,0.0,146.8101541,2.0,26.0,39.46696422,0.1772576291897365,0.4,77926.0,0.1753321921997702,170786.70511699116,13662.936409359292,13662.936409359292
0,129489.0,195105.0,Office,0.0,0.0,1.0,356.3134858,0.0,16.0,41.63401796,0.07496008957968124,0.4,129489.0,0.12844288211416718,207899.2545260174,16631.940362081394,16631.940362081394
0,54984.0,63958.0,Mgr,4.0,0.0,0.0,190.92093,1.0,16.0,28.08685484,0.07850526181286151,0.4,54984.0,0.1311540395075906,90142.17135356703,7211.373708285362,7211.373708285362
0,40752.0,53683.0,Other,22.0,0.0,1.0,129.7580621,0.0,23.0,38.42588111,0.2724417134029601,0.4,40752.0,0.18677854655850357,95144.99161690172,7611.599329352138,7611.599329352137
0,,28600.0,Office,20.0,0.0,0.0,190.0312176,0.0,15.0,39.00867302,0.06840287492761109,0.4,0.0,0.12310314470524349,0.0,0.0,0.0
1,29000.0,59900.0,Mgr,3.0,1.0,0.0,91.63333333,4.0,11.0,,0.42381144432615175,0.4,29000.0,0.17530977540745618,63549.79358520286,5083.983486816229,5083.983486816229
1,56602.0,71500.0,Office,11.0,2.0,1.0,52.8,12.0,20.0,,0.8045858949478738,0.4,56602.0,0.07300173129188936,51650.54993229402,4132.043994583522,4132.043994583521
0,66814.0,82021.0,Office,4.0,2.0,3.0,173.7118385,3.0,29.0,38.55692945,0.7645791480490437,0.4,66814.0,0.08666893887716261,72383.73102673428,5790.698482138743,5790.698482138742
0,16115.0,69113.0,ProfExe,22.0,0.0,2.0,403.5149997,0.0,12.0,22.16824452,0.06430546999510241,0.4,16115.0,0.11953309803041708,24078.448434502137,1926.275874760171,1926.2758747601713
0,77846.0,101984.0,ProfExe,5.0,0.0,0.0,112.3848455,1.0,27.0,28.29873364,0.09897751475333241,0.4,77846.0,0.1447599202613828,140862.25940834507,11268.980752667605,11268.980752667605
0,114392.0,214523.0,ProfExe,2.0,0.0,0.0,132.0976599,1.0,15.0,26.25183034,0.10252513087592117,0.4,114392.0,0.14680759495388326,209920.18002455766,16793.614401964613,16793.614401964613
1,62568.0,79009.0,Office,4.0,0.0,3.0,295.3346697,0.0,19.0,28.60025223,0.17323673068369325,0.4,62568.0,0.17435075323618052,136359.72410601677,10908.777928481342,10908.777928481342
1,,,Other,,,,,,,,0.12287613667008887,0.4,0.0,0.1570986157876793,0.0,0.0,0.0
0,78902.0,100332.0,ProfExe,4.0,0.0,0.0,116.9987995,0.0,26.0,34.68307147,0.12982500471641636,0.4,78902.0,0.16010929826582643,157911.79814712796,12632.943851770237,12632.943851770237
0,,73121.0,,,,,,,,22.57724619,0.05705226426745864,0.4,0.0,0.11271898622013471,0.0,0.0,0.0
0,74783.0,100909.0,ProfExe,5.0,0.0,0.0,85.66483372,0.0,34.0,35.94785471,0.1393093183358633,0.4,74783.0,0.16385721552006682,153171.67685296448,12253.734148237158,12253.734148237158
0,,29374.0,Office,20.0,0.0,0.0,207.9302558,1.0,15.0,38.95512474,0.06988442603308108,0.4,0.0,0.12434843765320008,0.0,0.0,0.0
0,,38246.0,Other,,,0.0,88.88697534,0.0,10.0,37.65838877,0.23497243396993908,0.4,0.0,0.18461954184226387,0.0,0.0,0.0
0,75705.0,90727.0,Mgr,5.0,0.0,0.0,143.1010326,2.0,27.0,42.16992673,0.20676639812754033,0.4,75705.0,0.1811148894496341,171391.2838223069,13711.302705784552,13711.30270578455
0,66491.0,89553.0,,4.0,0.0,0.0,212.7832827,0.0,16.0,31.12013265,0.0775303532428444,0.4,66491.0,0.13042014346658068,108397.0719904552,8671.765759236416,8671.765759236416
0,55965.0,78051.0,Office,6.0,0.0,0.0,96.29202022,2.0,14.0,27.17323223,0.077129054500027,0.4,55965.0,0.13011551300519084,91023.93356669381,7281.914685335505,7281.914685335505
0,59813.0,72873.0,ProfExe,13.0,0.0,0.0,234.3302405,4.0,31.0,39.35147085,0.12747132482393755,0.4,59813.0,0.1591156421508369,118964.79879960009,9517.183903968007,9517.183903968007
0,125486.0,195284.0,Office,0.0,0.0,0.0,354.2902872,0.0,15.0,38.14306879,0.02918409494126275,0.4,125486.0,0.07837551185704014,122937.86851115675,9835.02948089254,9835.02948089254
0,43530.0,56600.0,Other,21.0,0.0,0.0,114.982979,0.0,23.0,39.4816629,0.16742532101559357,0.4,43530.0,0.17284173280295745,94047.50786140923,7523.800628912739,7523.800628912738
0,56789.0,74016.0,Other,7.0,0.0,0.0,127.6254746,0.0,16.0,33.02714356,0.13432092603550475,0.4,56789.0,0.16193592643393528,114952.24157820939,9196.179326256752,9196.179326256752
0,51203.0,60716.0,Other,2.0,0.0,0.0,99.10408262,0.0,20.0,38.23531293,0.19840655309570132,0.4,51203.0,0.17971502785774082,115024.35714249879,9201.948571399904,9201.948571399904
0,,44849.0,Mgr,6.0,,,163.2745947,,9.0,23.48111664,0.07817904001144396,0.4,0.0,0.13090943201674254,0.0,0.0,0.0
0,,27439.0,,27.0,0.0,0.0,208.1771125,0.0,5.0,23.83011058,0.05453855412870555,0.4,0.0,0.110195047123355,0.0,0.0,0.0
0,28043.0,87684.0,ProfExe,20.0,1.0,1.0,229.1779592,0.0,10.0,25.48999451,0.17336308863125213,0.4,28043.0,0.17438236274976476,61127.55748239566,4890.204598591653,4890.204598591653
0,84380.0,202186.0,Self,13.0,0.0,0.0,34.91437168,,7.0,18.84034872,0.19708799109540218,0.4,84380.0,0.17947783921239036,189304.25090926874,15144.3400727415,15144.340072741497
0,112930.0,144830.0,ProfExe,2.0,0.0,0.0,271.2380373,1.0,46.0,33.25107931,0.03826706998049811,0.4,112930.0,0.09135858601278764,128964.06398030136,10317.12511842411,10317.125118424108
0,84278.0,200480.0,Self,14.0,0.0,0.0,4.412770061,,8.0,19.11248507,0.22522599454084563,0.4,84278.0,0.1836088941784414,193427.37979463354,15474.190383570683,15474.190383570683
0,64934.0,74875.0,Other,3.0,0.0,0.0,192.3144827,2.0,16.0,34.34375572,0.13431270447138338,0.4,64934.0,0.16193266972009346,131436.69969505686,10514.935975604549,10514.935975604549
0,50166.0,61395.0,Other,1.0,0.0,0.0,188.8866824,1.0,12.0,26.95045128,0.08507870257945888,0.4,50166.0,0.13588388632084583,85209.3880146444,6816.751041171552,6816.751041171552
0,52068.0,80643.0,Other,2.0,0.0,2.0,199.0877211,0.0,13.0,29.46213408,0.2993966530462267,0.4,52068.0,0.18685518714506377,121614.69855336475,9729.17588426918,9729.17588426918
0,56720.0,82738.0,Other,17.0,0.0,0.0,200.4169543,0.0,16.0,34.01983769,0.09159518837688091,0.4,56720.0,0.14022349486020033,99418.45785588204,7953.476628470563,7953.476628470563
0,104790.0,122169.0,Office,16.0,1.0,0.0,266.1210566,0.0,16.0,34.08217846,0.05696752166888843,0.4,104790.0,0.11263533396450263,147538.2080767529,11803.056646140232,11803.05664614023
0,53651.0,87547.0,Other,18.0,0.0,0.0,191.3968875,0.0,16.0,34.36865089,0.09761434564873546,0.4,53651.0,0.14395087531812634,96538.85514615994,7723.108411692796,7723.108411692796
0,116430.0,215014.0,ProfExe,3.0,0.0,0.0,132.0936343,0.0,14.0,26.86456847,0.0958662681117401,0.4,116430.0,0.14289478579494358,207965.498876316,16637.23991010528,16637.23991010528
0,43945.0,63337.0,Mgr,2.0,0.0,1.0,193.7424854,0.0,21.0,27.62349396,0.12384968632541057,0.4,43945.0,0.15753464071185494,86535.74732603082,6922.859786082466,6922.859786082466
0,53151.0,71645.0,Other,7.0,0.0,0.0,135.800476,0.0,16.0,35.85161441,0.15204330911427652,0.4,53151.0,0.16829369352908563,111812.2263095554,8944.978104764432,8944.97810476443
0,70409.0,89099.0,ProfExe,9.0,0.0,0.0,169.401652,0.0,11.0,40.17443006,0.1783247568258127,0.4,70409.0,0.1755843029370333,154533.93981866972,12362.715185493578,12362.715185493578
0,61264.0,75647.0,Office,11.0,0.0,0.0,262.8901879,3.0,36.0,39.5478827,0.04620480599832164,0.4,61264.0,0.10114024212228728,77453.19741724759,6196.255793379807,6196.255793379808
0,44097.0,58336.0,Office,0.0,0.0,0.0,173.3183208,0.0,20.0,38.19162603,0.07269743470406514,0.4,44097.0,0.12664965624841273,69810.8736448282,5584.869891586256,5584.869891586256
0,77143.0,86862.0,ProfExe,8.0,0.0,1.0,164.5964029,1.0,12.0,39.44969272,0.34425677114271436,0.4,77143.0,0.18470820020389397,178111.8086041124,14248.944688328991,14248.944688328993
1,21096.0,38952.0,Office,13.0,0.0,0.0,129.7,0.0,5.0,,0.0944374012957485,0.4,21096.0,0.14201569764056876,37449.53946781798,2995.9631574254386,2995.9631574254386
1,47597.57,75937.5,Other,13.5,0.0,0.0,89.4,0.0,7.0,,0.2058810401758372,0.4,47597.57,0.18097496571600652,107674.60748644025,8613.96859891522,8613.96859891522
1,67000.0,83000.0,ProfExe,4.0,,,,,,,0.12438927084477086,0.4,67000.0,0.15777427008930925,132135.9511997965,10570.87609598372,10570.87609598372
1,62000.0,83000.0,,0.0,5.0,1.0,177.5666667,2.0,34.0,,0.8305064388633844,0.4,62000.0,0.06389153486105865,49515.939517320454,3961.2751613856362,3961.2751613856367
0,64371.0,73636.0,ProfExe,2.0,0.0,0.0,162.1162539,1.0,35.0,39.79119896,0.13235576726742046,0.4,64371.0,0.16114885279645852,129666.41004201038,10373.31280336083,10373.312803360832
0,63136.0,81099.0,Other,3.0,,,149.0647448,,35.0,28.97594012,0.07295241666085178,0.4,63136.0,0.12685426587385293,100113.38662764472,8009.070930211578,8009.070930211578
0,29281.0,37717.0,Mgr,15.0,0.0,0.0,61.91544466,0.0,9.0,30.70242855,0.17235029319465794,0.4,29281.0,0.17412758491614863,63732.87267412185,5098.629813929748,5098.629813929748
0,104610.0,118861.0,Other,18.0,0.0,1.0,203.7002024,1.0,16.0,37.59695145,0.23944962697355388,0.4,104610.0,0.18501759897459813,241933.6378591589,19354.691028732712,19354.691028732712
0,,64037.0,Other,,0.0,0.0,354.1745808,0.0,7.0,34.35573924,0.05188149366412202,0.4,0.0,0.10742754208783022,0.0,0.0,0.0
0,59781.0,69864.0,Other,4.0,0.0,1.0,312.547396,0.0,9.0,31.18180135,0.10779261712987441,0.4,59781.0,0.14970041533703327,111865.50661578983,8949.240529263187,8949.240529263187
0,22758.0,36922.0,Office,7.0,0.0,1.0,103.0481171,0.0,16.0,19.0201683,0.06859274552727018,0.4,22758.0,0.1232640530763375,35065.541498891114,2805.2433199112893,2805.243319911289
0,82326.0,94599.0,Other,0.0,4.0,0.0,,0.0,3.0,29.89362148,0.5857718178906524,0.4,82326.0,0.14064504915542206,144734.30395961594,11578.744316769275,11578.744316769276
0,64143.0,78851.0,Office,6.0,0.0,3.0,201.369922,3.0,29.0,35.79580494,0.4106578183037818,0.4,64143.0,0.1772856384731506,142145.40885729122,11371.632708583298,11371.632708583298
0,92613.0,108515.0,Other,11.0,0.0,0.0,206.8225881,3.0,16.0,39.11103947,0.17569248826084066,0.4,92613.0,0.1749561234338609,202540.14324475202,16203.211459580161,16203.211459580161
1,44623.0,,ProfExe,13.0,6.0,2.0,178.0932217,0.0,29.0,21.33465191,0.8569590555297947,0.4,44623.0,0.054400385737470996,30343.855159539606,2427.5084127631685,2427.508412763168
1,57939.0,69774.0,Mgr,5.0,0.0,0.0,91.99164592,0.0,12.0,72.26409333,0.7487749984449978,0.4,57939.0,0.09192819107781723,66577.84328572066,5326.227462857653,5326.227462857652
0,50433.0,107092.0,ProfExe,5.0,0.0,1.0,225.1816913,0.0,9.0,24.95259473,0.11547262469799581,0.4,50433.0,0.15362303867465132,96845.88386848364,7747.670709478691,7747.67070947869
0,89205.0,128462.0,Office,10.0,0.0,0.0,128.1235975,0.0,21.0,37.52332471,0.0819664003187698,0.4,89205.0,0.1336907858847455,149073.58193560905,11925.886554848725,11925.886554848723
0,22635.0,33353.0,Office,6.0,0.0,0.0,85.57207035,0.0,16.0,19.22387267,0.036527935152221226,0.4,22635.0,0.08903667521348284,25191.8142932148,2015.3451434571841,2015.3451434571841
0,35865.0,50000.0,Other,,0.0,0.0,78.13333333,0.0,15.0,,0.19433574363429432,0.4,35865.0,0.1789679354179251,80233.56254704855,6418.685003763884,6418.685003763884
1,57200.0,72500.0,Other,5.0,0.0,0.0,34.46666667,4.0,15.0,,0.34971242647282513,0.4,57200.0,0.18427556974187195,131757.03236543844,10540.562589235076,10540.562589235076
1,45917.0,60000.0,Other,10.0,0.0,1.0,304.3666667,3.0,27.0,,0.133605463429178,0.4,45917.0,0.16165138667946533,92781.83402701262,7422.54672216101,7422.54672216101
0,96882.0,118914.0,ProfExe,13.0,0.0,0.0,176.2219109,2.0,17.0,34.7577402,0.13728773576296507,0.4,96882.0,0.16309163368604637,197508.0456846443,15800.643654771546,15800.643654771544
0,28654.0,47042.0,Other,10.0,,0.0,158.0847883,7.0,29.0,38.47750484,0.2569175231267914,0.4,28654.0,0.18619644295243265,66690.91095448757,5335.272876359006,5335.272876359005
0,36357.0,56514.0,Other,31.0,0.0,0.0,237.8189664,0.0,19.0,20.1815824,0.025946741871516518,0.4,36357.0,0.07316054928026275,33248.72612728141,2659.8980901825125,2659.8980901825125
0,33379.0,51821.0,Other,31.0,0.0,0.0,247.1205918,0.0,19.0,23.66108403,0.030986840803284055,0.4,33379.0,0.08113269591929069,33851.60321362504,2708.1282570900034,2708.128257090004
0,64510.0,71105.0,ProfExe,5.0,0.0,0.0,150.263332,1.0,34.0,43.23918712,0.17188358037588042,0.4,64510.0,0.17400908418279892,140316.57525790448,11225.32602063236,11225.32602063236
0,57436.0,72460.0,Other,11.0,0.0,0.0,255.1260302,0.0,27.0,28.94553179,0.04010746349672449,0.4,57436.0,0.09374127933859627,67301.5515011452,5384.124120091616,5384.124120091616
0,129432.0,198705.0,Office,0.0,0.0,0.0,341.0473292,0.0,16.0,39.96325851,0.03473004805211757,0.4,129432.0,0.08656008254535305,140045.5575501267,11203.644604010135,11203.644604010136
0,73079.0,101219.0,ProfExe,7.0,0.0,0.0,152.249875,0.0,33.0,34.24962074,0.08936199176277534,0.4,73079.0,0.13877336368703222,126767.73306105785,10141.418644884629,10141.418644884627
0,,36474.0,Other,,,1.0,93.72713803,0.0,10.0,37.20295356,0.38885355263759713,0.4,0.0,0.18021427939803117,0.0,0.0,0.0
0,42151.0,58947.0,Other,22.0,0.0,0.0,122.0303618,0.0,23.0,40.08314453,0.16639272463618235,0.4,42151.0,0.1725620736104813,90920.79955944247,7273.6639647553975,7273.663964755397
1,,67940.0,Mgr,3.0,3.0,4.0,204.0255932,1.0,38.0,,0.9119658335649037,0.4,0.0,0.03407747243406547,0.0,0.0,0.0
0,78789.0,91342.0,Mgr,5.0,0.0,0.0,128.3606743,2.0,27.0,41.9526818,0.21887519811182748,0.4,78789.0,0.18283946127101633,180071.72892602632,14405.738314082106,14405.738314082106
0,47072.0,85090.0,Other,18.0,0.0,0.0,192.2531823,0.0,16.0,35.06486468,0.10142231082525353,0.4,47072.0,0.14617985358217006,86012.22584774886,6880.9780678199095,6880.9780678199095
0,95411.0,117927.0,ProfExe,14.0,0.0,0.0,177.9266958,1.0,17.0,34.49056413,0.11860886188590956,0.4,95411.0,0.15513049239889407,185014.44262838602,14801.155410270881,14801.155410270881
1,54085.0,68239.0,Other,2.0,1.0,2.0,8.055265077,3.0,15.0,32.01265858,0.8008523730474049,0.4,54085.0,0.07429783630168973,50229.980954711114,4018.3984763768894,4018.3984763768894
1,51600.0,72399.0,Other,15.0,0.0,1.0,125.36337,4.0,20.0,,0.3652379633161275,0.4,51600.0,0.18285987859532205,117944.62169398273,9435.569735518618,9435.569735518617
0,52650.0,63646.0,Other,0.0,1.0,0.0,194.7609999,1.0,13.0,27.61084406,0.14255317162088077,0.4,52650.0,0.16504953842505843,108623.22747599157,8689.858198079326,8689.858198079326
0,59932.0,80313.0,Office,14.0,0.0,0.0,238.4864616,0.0,32.0,44.4749177,0.05350950210166535,0.4,59932.0,0.10913570747668502,81759.01525615859,6540.721220492687,6540.721220492686
0,40266.0,59097.0,Other,,0.0,0.0,74.9980986,0.0,15.0,39.49702872,0.2521260459480666,0.4,40266.0,0.18593041906958704,93583.42817819989,7486.674254255991,7486.674254255992
0,,69125.0,,,,,,,,23.76683213,0.06158459819436181,0.4,0.0,0.1170544623904875,0.0,0.0,0.0
0,84863.0,91737.0,Other,0.0,4.0,0.0,,0.0,4.0,30.33081149,0.5874577483170987,0.4,84863.0,0.1402011343099098,148723.61076177345,11897.888860941877,11897.888860941875
0,63724.0,82252.0,Office,13.0,0.0,0.0,233.2488794,3.0,37.0,40.07527584,0.054539826171727104,0.4,63724.0,0.1101963470407082,87776.90023527612,7022.152018822089,7022.152018822089
0,59506.0,85000.0,Other,3.0,0.0,0.0,37.56666667,2.0,4.0,,0.3457328631838497,0.4,59506.0,0.1845945680384454,137306.05457119664,10984.484365695731,10984.484365695733
1,69100.0,85000.0,Mgr,3.8,3.0,0.0,80.1,0.0,22.0,,0.5366703113218155,0.4,69100.0,0.15290914296402122,132075.27223517332,10566.021778813867,10566.021778813867
1,62400.0,78000.0,Office,20.0,0.0,0.0,216.0666667,2.0,24.0,,0.04790179078336554,0.4,62400.0,0.1030762875017087,80399.5042513328,6431.960340106623,6431.960340106623
1,63914.0,93707.0,Other,7.0,3.0,0.0,162.579837,2.0,51.0,69.48065039,0.8379926932055807,0.4,63914.0,0.06122491651911584,48914.11643003462,3913.1293144027695,3913.1293144027695
0,37093.0,62116.0,Mgr,,,,,,,37.01094877,0.13470103608449488,0.4,37093.0,0.16208616612388227,75153.27700041456,6012.262160033165,6012.262160033165
0,74783.0,86227.0,Mgr,7.0,0.0,0.0,116.7568005,0.0,23.0,28.01922708,0.08766538746388627,0.4,74783.0,0.1376461752826923,128669.92407706974,10293.593926165579,10293.593926165579
0,64278.0,76055.0,Other,12.0,0.0,0.0,245.2951629,0.0,26.0,28.43996584,0.04166151497539177,0.4,64278.0,0.09569683895621209,76890.01768034251,6151.201414427401,6151.201414427401
0,15163.0,74500.0,ProfExe,19.0,0.0,2.0,378.8258185,1.0,11.0,20.09078333,0.0760230047910906,0.4,15163.0,0.12926812620435152,24501.157470457278,1960.0925976365822,1960.092597636582
0,56441.0,86987.0,Other,17.0,0.0,0.0,198.0327176,0.0,16.0,33.93116342,0.0922660727711899,0.4,56441.0,0.140651849323864,99231.63784610259,7938.531027688207,7938.531027688207
0,78157.0,103016.0,Mgr,1.0,0.0,0.0,69.80569767,2.0,24.0,38.44838712,0.2555321097777976,0.4,78157.0,0.18612384325491338,181836.01521592832,14546.881217274266,14546.881217274266
0,55119.0,67931.0,Mgr,4.0,0.0,0.0,199.4106992,2.0,16.0,27.61633851,0.08221131957894909,0.4,55119.0,0.13386633035190362,92232.2282833322,7378.578262666576,7378.578262666576
0,56990.0,83334.0,Other,4.0,0.0,2.0,177.4326989,0.0,13.0,30.9986945,0.34730481776562805,0.4,56990.0,0.18447075600796495,131412.35481117404,10512.988384893923,10512.988384893923
0,101520.0,110617.0,Other,18.0,0.0,2.0,198.5433481,1.0,16.0,38.72125945,0.43527045028823375,0.4,101520.0,0.17346742908125345,220130.16750411064,17610.413400328853,17610.41340032885
0,96532.0,107600.0,Other,12.0,0.0,0.0,214.8698168,2.0,15.0,40.28741144,0.16390634811480198,0.4,96532.0,0.17187404264006642,207391.81355163615,16591.34508413089,16591.34508413089
0,68059.0,86216.0,Other,3.0,,,175.6585679,,35.0,30.25396992,0.06836382728427765,0.4,68059.0,0.12307000484586966,104700.26824756304,8376.021459805044,8376.021459805042
1,74512.0,93328.0,Office,4.0,5.0,0.0,117.91882,,16.0,58.29598994,0.9076290585646697,0.4,74512.0,0.03570729946532283,33257.77872200168,2660.6222977601346,2660.6222977601346
0,118053.0,125325.0,Self,5.0,0.0,0.0,181.1720651,0.0,18.0,33.20039733,0.16549391996011484,0.4,118053.0,0.17231575688266332,254279.90059086317,20342.392047269055,20342.39204726905
0,52104.0,61618.0,Office,0.0,0.0,0.0,160.7499314,0.0,21.0,37.12951204,0.07128308176331419,0.4,52104.0,0.1255027960299583,81739.97105431184,6539.197684344947,6539.197684344948
0,79131.0,102263.0,ProfExe,5.0,0.0,0.0,105.2538926,0.0,34.0,36.07097887,0.1269250018989826,0.4,79131.0,0.15888123096040566,157155.38358909826,12572.43068712786,12572.43068712786
1,67678.0,108092.0,ProfExe,13.0,0.0,7.0,126.6582316,0.0,36.0,37.16268969,0.9687864418413646,0.4,67678.0,0.012304830049813288,10409.578601390796,832.7662881112637,832.7662881112637
0,,65769.0,Other,,0.0,0.0,357.3326822,0.0,7.0,34.32727654,0.05087686385976247,0.4,0.0,0.10635314880768035,0.0,0.0,0.0
0,21813.0,30436.0,Office,5.0,0.0,1.0,104.0116359,0.0,16.0,19.40846123,0.07083247987481173,0.4,21813.0,0.12513311984103323,34119.10928865572,2729.5287430924577,2729.5287430924577
0,44944.0,57132.0,Other,,0.0,0.0,74.15604508,0.0,14.0,42.81224294,0.30302202877591966,0.4,44944.0,0.1867819932845412,104934.12382725524,8394.729906180419,8394.72990618042
0,57760.0,65535.0,Mgr,11.0,0.0,0.0,108.4694005,1.0,18.0,32.78348357,0.1482481070007511,0.4,57760.0,0.1670387713366659,120601.99290507277,9648.159432405822,9648.159432405822
0,65062.0,78004.0,Office,12.0,0.0,0.0,251.1441957,0.0,31.0,43.37237282,0.048043153131831114,0.4,65062.0,0.10323531638656863,83958.70193428661,6716.696154742929,6716.696154742928
0,67336.0,82218.0,Office,12.0,0.0,0.0,255.3135348,3.0,36.0,40.87842824,0.05222576544618851,0.4,67336.0,0.10779211954379356,90728.62702001104,7258.290161600884,7258.290161600883
0,86785.0,125552.0,Office,11.0,0.0,0.0,148.1764924,1.0,22.0,37.88444933,0.08263457988784949,0.4,86785.0,0.13416849212733734,145547.65736588713,11643.81258927097,11643.81258927097
0,116742.0,137385.0,ProfExe,15.0,,1.0,170.5400351,1.0,33.0,30.78500359,0.1417827421018592,0.4,116742.0,0.16477033021149556,240445.22361938018,19235.617889550416,19235.617889550416
0,38825.0,51984.0,Other,,0.0,0.0,82.52779435,0.0,14.0,40.88273326,0.2661501420651813,0.4,38825.0,0.18659284916962485,90555.84211263356,7244.467369010685,7244.467369010685
0,32257.0,59515.0,Office,23.0,0.0,0.0,231.5999445,0.0,29.0,25.70127642,0.016181075944547225,0.4,32257.0,0.05479863682095457,22095.495349169145,1767.6396279335315,1767.6396279335318
0,,51246.0,Other,11.0,0.0,0.0,305.5667157,2.0,13.0,32.50005907,0.06630594029790143,0.4,0.0,0.1212997569408241,0.0,0.0,0.0
0,65012.0,91614.0,Office,26.0,0.0,0.0,171.8895469,2.0,13.0,42.48851705,0.11953250998546326,0.4,65012.0,0.15556447893181613,126419.47380394037,10113.55790431523,10113.55790431523
0,53596.0,69786.0,Mgr,5.0,,,126.7877807,,24.0,41.04775488,0.1996475261435508,0.4,53596.0,0.17993411109682145,120546.85772931554,9643.748618345244,9643.748618345242
0,98877.0,110250.0,Other,18.0,0.0,2.0,195.8629168,1.0,16.0,36.87169942,0.4083283133350982,0.4,98877.0,0.1776195625451662,219531.11857222996,17562.4894857784,17562.4894857784
0,112146.0,140781.0,ProfExe,14.0,,0.0,170.7005075,0.0,32.0,29.9424924,0.06009718673265931,0.4,112146.0,0.11566096903919472,162136.43792336914,12970.915033869533,12970.91503386953
0,44600.0,63800.0,Other,9.0,0.0,0.0,243.5,0.0,18.0,,0.07712512648782235,0.4,44600.0,0.13011252383204594,72537.73203636562,5803.018562909249,5803.018562909249
1,54867.0,79000.0,Mgr,1.0,0.0,0.0,182.6,2.0,23.0,,0.1237074366874124,0.4,54867.0,0.15747122665338606,107999.67240989166,8639.973792791334,8639.973792791332
0,44142.0,54299.0,Other,22.0,0.0,0.0,123.4711472,0.0,22.0,37.1549023,0.14221079065373454,0.4,44142.0,0.16492576032623973,91001.91140401093,7280.152912320875,7280.152912320875
0,56443.0,86913.0,Office,12.0,0.0,0.0,119.8594097,0.0,24.0,38.86165697,0.08642438352935392,0.4,56443.0,0.13680738006413948,96522.73691200282,7721.818952960225,7721.818952960224
0,85486.0,109386.0,ProfExe,11.0,0.0,1.0,175.5425655,0.0,28.0,33.67090818,0.16472333004157935,0.4,85486.0,0.1721024177997042,183904.3411003189,14712.347288025514,14712.347288025514
1,108763.0,128780.0,Office,8.0,0.0,0.0,60.3779329,3.0,21.0,49.41811438,0.31179407372135165,0.4,108763.0,0.18652817728256052,253592.05182228916,20287.364145783133,20287.36414578313
0,56792.0,64130.0,Mgr,13.0,0.0,0.0,118.6125902,1.0,18.0,32.6657463,0.13822399141294647,0.4,56792.0,0.16344837781722898,116032.00341245085,9282.560272996068,9282.560272996068
0,,39433.0,Other,,,1.0,81.39482961,0.0,9.0,35.50366426,0.38404800582545606,0.4,0.0,0.1807985516655135,0.0,0.0,0.0
0,71000.0,87000.0,Mgr,20.0,0.0,0.0,238.4666667,11.0,24.0,,0.22290515132134012,0.4,71000.0,0.18333811542062467,162712.5774358044,13017.00619486435,13017.006194864352
0,85179.0,122788.0,Other,10.0,,,,,,39.43073063,0.1578486341740272,0.4,85179.0,0.1701087724304395,181121.1890856551,14489.695126852408,14489.695126852406
0,41009.0,68211.0,Office,23.0,0.0,0.0,234.9296174,0.0,28.0,28.3910393,0.019443102036700476,0.4,41009.0,0.0614539423809527,31502.059038756113,2520.164723100489,2520.164723100489
0,28329.0,80963.0,ProfExe,21.0,0.0,0.0,239.4571177,0.0,10.0,24.53499719,0.044380751881762576,0.4,28329.0,0.09900180842550996,35057.777886078395,2804.6222308862716,2804.6222308862716
0,117550.0,144178.0,ProfExe,15.0,,1.0,170.9458328,1.0,32.0,29.09998121,0.13065797187250444,0.4,117550.0,0.16045471956619112,235768.15356257206,18861.452285005766,18861.452285005766
1,58104.0,77870.0,Other,7.0,0.0,0.0,69.43333333,1.0,19.0,,0.20918960519896876,0.4,58104.0,0.18148801210234408,131814.7431899325,10545.179455194599,10545.1794551946
1,52814.0,72000.0,Other,12.0,0.0,0.0,123.6,0.0,20.0,,0.13708854492974465,0.4,52814.0,0.16301524665255848,107618.59045885279,8609.487236708224,8609.487236708224
0,34222.0,59948.0,Office,24.0,0.0,0.0,228.0753508,1.0,29.0,25.72883738,0.01872025208996491,0.4,34222.0,0.060031103740634986,25679.80540265013,2054.3844322120103,2054.3844322120103
0,26601.0,52544.0,Other,0.0,0.0,0.0,240.6943608,0.0,11.0,40.77567715,0.13707357726942263,0.4,26601.0,0.16300949980040513,54202.69630238221,4336.215704190577,4336.215704190577
0,81849.0,105403.0,ProfExe,5.0,0.0,1.0,82.63950538,1.0,34.0,36.50598321,0.30058568122744705,0.4,81849.0,0.1868332622380369,191151.44601151353,15292.115680921082,15292.115680921082
1,29822.0,48574.0,Office,13.0,0.0,0.0,132.4016914,0.0,4.0,36.61115697,0.10578156790098728,0.4,29822.0,0.148616193691791,55400.40160345739,4432.032128276591,4432.032128276591
0,201264.0,227295.0,ProfExe,10.0,0.0,0.0,239.7433663,0.0,22.0,33.77633696,0.06663860461306294,0.4,201264.0,0.12158911268519185,305893.88969340565,24471.511175472453,24471.511175472453
0,97506.0,110902.0,Other,17.0,0.0,1.0,196.568128,2.0,15.0,37.99899138,0.28417950998544844,0.4,97506.0,0.18695076433978097,227860.26534643356,18228.821227714685,18228.821227714685
0,89595.0,107895.0,Mgr,9.0,0.0,0.0,250.4682419,0.0,24.0,30.30538811,0.04682667217102435,0.4,89595.0,0.10185555834420033,114071.85937310786,9125.748749848628,9125.748749848628
1,63833.0,,Other,3.0,,,,,,40.93276678,0.17891225338457176,0.4,63833.0,0.17572162555342075,140210.48154939382,11216.838523951506,11216.838523951506
0,78959.0,104371.0,Mgr,1.0,0.0,0.0,79.08139722,1.0,23.0,40.02421108,0.2448854718647254,0.4,78959.0,0.1854470509864266,183033.92123546574,14642.713698837259,14642.713698837259
0,83877.0,208924.0,Self,15.0,0.0,0.0,12.75204694,,7.0,18.24972192,0.2095497085450115,0.4,83877.0,0.18154223968720637,190340.2304780476,15227.218438243808,15227.218438243808
0,114329.0,143915.0,ProfExe,15.0,,1.0,185.5726683,0.0,32.0,28.97773866,0.1069335893006598,0.4,114329.0,0.1492402844725214,213281.15604323626,17062.4924834589,17062.4924834589
0,81318.0,105454.0,ProfExe,6.0,0.0,0.0,92.13682104,1.0,33.0,37.52575103,0.16756754060275475,0.4,81318.0,0.1728799734754664,175728.1710384747,14058.253683077977,14058.253683077977
0,61094.0,74842.0,Other,12.0,0.0,0.0,250.1998344,0.0,26.0,29.73487407,0.04410143478826455,0.4,61094.0,0.09866891221090096,75350.98153265979,6028.078522612784,6028.078522612784
0,84172.0,123415.0,Office,9.0,0.0,0.0,139.0184494,1.0,21.0,38.58266988,0.09375513960149204,0.4,84172.0,0.14159082852717295,148974.790234865,11917.9832187892,11917.9832187892
0,83560.0,126479.0,Other,8.0,,,,,,38.92831569,0.15512800513113906,0.4,83560.0,0.169273564493462,176806.23811342107,14144.499049073685,14144.499049073685
0,63019.0,74204.0,Office,6.0,0.0,0.0,98.59173833,2.0,14.0,24.49043836,0.06423182540304001,0.4,63019.0,0.11946717576258233,94108.77436727719,7528.701949382175,7528.701949382175
0,41182.0,59947.0,Other,23.0,0.0,0.0,118.1799392,0.0,22.0,37.13106416,0.14501422648443102,0.4,41182.0,0.16592515320845944,85414.12074288471,6833.129659430777,6833.129659430777
0,57371.0,69076.0,Mgr,10.0,1.0,0.0,83.25197204,1.0,19.0,29.63210826,0.22374326000833716,0.4,57371.0,0.18343726779699185,131549.74363476524,10523.97949078122,10523.97949078122
0,76799.0,83864.0,Mgr,8.0,0.0,0.0,102.2042743,0.0,22.0,27.17193008,0.09126577491177776,0.4,76799.0,0.14001194593061414,134409.71794406543,10752.777435525235,10752.777435525235
0,35028.0,55079.0,Other,23.0,0.0,1.0,108.6339686,0.0,23.0,40.79745755,0.33131422714225045,0.4,35028.0,0.1855928879624139,81261.84599434292,6500.947679547434,6500.947679547435
0,30777.0,43157.0,Other,8.0,,0.0,151.699431,7.0,28.0,38.17774295,0.2673398805265703,0.4,30777.0,0.18663311273220118,71800.09138198695,5744.007310558955,5744.007310558955
0,7804.0,65395.0,Other,8.0,2.0,0.0,347.1233258,0.0,21.0,16.81630749,0.03855939463066108,0.4,7804.0,0.0917420477205602,8949.436755140649,715.9549404112519,715.9549404112519
0,38130.0,68707.0,Office,23.0,0.0,0.0,234.8879805,1.0,29.0,26.3012369,0.018824957902103867,0.4,38130.0,0.06023893031407466,28711.380160945835,2296.9104128756667,2296.9104128756667
0,15756.0,53079.0,Office,23.0,0.0,0.0,259.5550444,0.0,20.0,29.39747822,0.02158057419022392,0.4,15756.0,0.0655070836439103,12901.620123668134,1032.1296098934506,1032.1296098934506
1,50581.0,70171.0,Other,,0.0,2.0,206.3192338,1.0,12.0,29.84313667,0.3217437771214897,0.4,50581.0,0.18611347359205227,117672.57009699494,9413.805607759596,9413.805607759596
0,69796.0,93757.0,Office,16.0,0.0,1.0,91.43267591,0.0,8.0,24.45938368,0.1143885151321724,0.4,69796.0,0.15308954771639494,133562.97590516877,10685.038072413501,10685.038072413501
0,102109.0,121229.0,,2.0,0.0,0.0,104.4825912,0.0,25.0,34.76728889,0.14435918336878759,0.4,102109.0,0.16569449944391704,211486.24554648655,16918.899643718923,16918.899643718923
0,79844.0,98139.0,ProfExe,8.0,0.0,0.0,156.9547583,0.0,34.0,31.70012432,0.07221254001000615,0.4,79844.0,0.12625875304675263,126012.54847831147,10081.003878264917,10081.003878264917
1,76345.0,89036.0,Other,8.0,0.0,0.0,91.97034976,1.0,19.0,50.17306503,0.3954738200850749,0.4,76345.0,0.17937246298707044,171177.38358434866,13694.190686747894,13694.190686747892
0,35721.0,52938.0,Other,23.0,0.0,1.0,125.928071,0.0,22.0,38.62702499,0.28295907276240573,0.4,35721.0,0.18694311714944556,83472.4385961918,6677.795087695345,6677.795087695345
0,72786.0,84595.0,Office,4.0,2.0,2.0,198.7693251,3.0,30.0,38.09020903,0.5466141493382962,0.4,72786.0,0.15053344817421938,136959.09448510915,10956.727558808732,10956.727558808732
1,42000.0,60000.0,Other,4.0,1.0,2.0,145.5333333,0.0,23.0,,0.5447581268353385,0.4,42000.0,0.15098120614506916,79265.13322616131,6341.210658092905,6341.210658092905
1,69000.0,92900.0,ProfExe,2.0,0.0,0.0,115.9,0.0,15.0,,0.165528374090351,0.4,69000.0,0.17232524889147793,148630.52716889972,11890.442173511978,11890.442173511978
1,74427.0,96270.0,Other,18.0,0.0,1.0,169.7333333,2.0,40.0,,0.17382271448099457,0.4,74427.0,0.17449691818589103,162341.0266227664,12987.282129821311,12987.282129821311
1,,,Other,3.0,0.0,2.0,213.6666667,1.0,15.0,,0.38053146996561005,0.4,0.0,0.1812115403987226,0.0,0.0,0.0
0,43000.0,64000.0,Other,1.0,0.0,0.0,262.9666667,0.0,21.0,,0.06843132587958653,0.4,43000.0,0.12312728070719717,66180.91338011848,5294.473070409478,5294.473070409478
0,96000.0,135000.0,ProfExe,14.0,0.0,0.0,126.8,5.0,22.0,,0.2205763573020047,0.4,96000.0,0.1830544080580004,219665.28966960052,17573.223173568043,17573.22317356804
0,46000.0,60200.0,Other,4.0,0.0,0.0,176.5,0.0,14.0,,0.12345825429376148,0.4,46000.0,0.15735989939862038,90481.94215420673,7238.555372336538,7238.555372336537
0,87000.0,101200.0,Sales,13.0,,2.0,151.1333333,1.0,18.0,,0.6972748190385384,0.4,87000.0,0.1084694813335136,117960.56095019603,9436.844876015683,9436.844876015683
0,98000.0,123385.0,ProfExe,10.0,0.0,0.0,170.4333333,3.0,32.0,,0.12058315607029275,0.4,98000.0,0.15605272633737804,191164.5897632881,15293.167181063049,15293.167181063049
0,76187.0,93100.0,Other,0.5,0.0,0.0,144.0666667,0.0,23.0,,0.12449015632169652,0.4,76187.0,0.15781891319475538,150296.86924461034,12023.749539568827,12023.74953956883
0,73000.0,94900.0,ProfExe,9.0,3.0,0.0,189.7,1.0,30.0,,0.3651601788961383,0.4,73000.0,0.18286763215097893,166866.71433776827,13349.337147021462,13349.337147021462
0,150000.0,175065.0,ProfExe,7.0,,1.0,206.6666667,4.0,26.0,,0.24553878455236414,0.4,150000.0,0.18549477295795894,347802.699296173,27824.215943693842,27824.215943693842
0,29600.0,61250.0,ProfExe,7.5,0.0,0.0,264.8,1.0,16.0,,0.08121276146800767,0.4,29600.0,0.13314738194586734,49264.53131997092,3941.1625055976738,3941.1625055976733
0,,63000.0,,0.0,0.0,0.0,,0.0,0.0,,0.16914203572455713,0.4,0.0,0.17329888658537237,0.0,0.0,0.0
0,94000.0,112125.0,Office,2.0,0.0,0.0,143.0333333,1.0,22.0,,0.07439447810769284,0.4,94000.0,0.12799931798089556,150399.19862755228,12031.935890204182,12031.935890204182
0,72000.0,106000.0,Other,6.0,0.0,0.0,78.06666667,2.0,14.0,,0.2447245925385902,0.4,72000.0,0.18543517253804132,166891.6552842372,13351.332422738977,13351.332422738975
0,42482.0,67800.0,ProfExe,19.0,0.0,0.0,199.9,0.0,16.0,,0.09503509033172311,0.4,42482.0,0.14238517143044072,75610.08565884977,6048.806852707981,6048.806852707982
0,53800.0,80000.0,Other,0.3,0.0,0.0,124.7666667,4.0,11.0,,0.2630396565862302,0.4,53800.0,0.18647604409104043,125405.1396512247,10032.411172097976,10032.411172097974
0,88000.0,118750.0,Mgr,3.0,0.0,3.0,153.5,0.0,26.0,,0.5574752184351902,0.4,88000.0,0.1478742074395528,162661.62818350806,13012.930254680645,13012.930254680645
0,44000.0,59500.0,Other,3.7,0.0,0.0,172.5,0.0,14.0,,0.12626662489746768,0.4,44000.0,0.15859682997567087,87228.25648661898,6978.260518929518,6978.260518929518
0,81000.0,105250.0,ProfExe,9.0,0.0,0.0,200.9,2.0,37.0,,0.0826244419438258,0.4,81000.0,0.1341612725608387,135838.2884678492,10867.063077427936,10867.063077427936
0,36346.0,54000.0,Other,,0.0,0.0,114.6666667,2.0,19.0,,0.18774620197598307,0.4,36346.0,0.17766357753624318,80717.00486415369,6457.360389132295,6457.360389132295
0,81000.0,99000.0,Other,20.0,0.0,0.0,136.0,4.0,24.0,,0.17806176373332916,0.4,81000.0,0.17552249184854227,177716.52299664903,14217.321839731923,14217.321839731923
0,64000.0,80000.0,Other,2.0,0.0,0.0,239.5333333,3.0,26.0,,0.10006694973148295,0.4,64000.0,0.14539753537873276,116318.0283029862,9305.442264238896,9305.442264238896
1,,87000.0,Other,13.0,,,,,,,0.11851177179039023,0.4,0.0,0.15508461300934873,0.0,0.0,0.0
0,85039.0,111100.0,ProfExe,0.2,1.0,2.0,144.0666667,1.0,34.0,,0.5220052072302455,0.4,85039.0,0.15630618270692118,166151.51839017338,13292.121471213872,13292.12147121387
0,87000.0,113850.0,Office,11.0,0.0,0.0,216.1333333,0.0,12.0,,0.051259478807365894,0.4,87000.0,0.1067641934913946,116106.06042189163,9288.48483375133,9288.48483375133
1,,,Other,19.0,0.0,8.0,195.8333333,0.0,13.0,,0.9844800920590596,0.4,0.0,0.0061528560690138345,0.0,0.0,0.0
1,75373.0,102602.0,Other,6.0,2.0,0.0,99.36666667,0.0,21.0,,0.376403325935749,0.4,75373.0,0.18168039205229355,171172.452376969,13693.796190157522,13693.796190157522
1,36000.0,51900.0,Other,0.1,0.0,0.0,247.5,1.0,10.0,,0.10631781659201385,0.4,36000.0,0.1489077053273334,67008.46739730003,5360.677391784003,5360.677391784003
1,114390.0,132800.0,Mgr,10.0,0.0,0.0,95.73333333,0.0,25.0,,0.1398219581211899,0.4,114390.0,0.16404858143810155,234568.96538380545,18765.517230704438,18765.517230704438
1,28298.0,72000.0,Other,8.0,,,105.5,2.0,22.0,,0.1845037186957262,0.4,28298.0,0.17697714542060008,62601.24076390177,5008.099261112142,5008.099261112141
1,118000.0,139350.0,ProfExe,2.0,0.0,0.0,153.1666667,2.0,17.0,,0.1653693627354602,0.4,118000.0,0.17228140847525372,254115.0775009992,20329.206200079938,20329.206200079938
1,87917.0,,Other,12.9,0.0,1.0,71.0,0.0,12.0,,0.3627186589886921,0.4,87917.0,0.18310768169477298,201228.47564449196,16098.278051559357,16098.278051559357
1,58730.0,80000.0,Office,10.0,,4.0,123.1,3.0,25.0,,0.7089505125019677,0.4,58730.0,0.1048030249307467,76938.52067728441,6155.081654182753,6155.0816541827535
1,59099.0,82000.0,Other,10.0,0.0,2.0,219.1333333,0.0,33.0,,0.24740441803263863,0.4,59099.0,0.18562652348105083,137129.27389008278,10970.341911206622,10970.341911206622
1,15231.0,42845.01,Office,6.5,0.0,1.0,65.96666667,2.0,18.0,,0.25271632349831596,0.4,15231.0,0.18596547314822157,35405.50151900703,2832.4401215205626,2832.4401215205626
1,48786.0,89800.0,ProfExe,29.9,0.0,5.0,220.1333333,1.0,16.0,,0.8354392968331305,0.4,48786.0,0.06213618971770529,37892.20189459963,3031.3761515679707,3031.3761515679703
1,74265.0,91000.0,Other,7.0,1.0,0.0,137.0,0.0,3.0,,0.2873232091181785,0.4,74265.0,0.18695977613493894,173557.09718326552,13884.567774661242,13884.56777466124
1,42000.0,58000.0,Other,5.0,0.0,1.0,113.6333333,1.0,18.0,,0.31724904373422663,0.4,42000.0,0.18631713403981184,97816.49537090122,7825.319629672098,7825.319629672097
0,76674.0,97936.0,Mgr,5.0,0.0,0.0,147.9142027,2.0,27.0,41.22576316,0.19193628704141302,0.4,76674.0,0.17850678994570987,171085.370153717,13686.82961229736,13686.829612297359
1,54257.0,82764.0,Other,14.0,1.0,1.0,188.3374218,2.0,31.0,38.94275964,0.3612253808013889,0.4,54257.0,0.18325130992289496,124283.32903108139,9942.666322486511,9942.666322486511
0,36072.0,62960.0,ProfExe,8.0,0.0,0.0,288.5298732,0.0,16.0,22.42300246,0.027860817222505427,0.4,36072.0,0.07628666303374665,34397.656361916364,2751.812508953309,2751.812508953309
0,97650.0,115931.0,ProfExe,11.0,0.0,0.0,199.828042,1.0,17.0,34.38794397,0.10701673867930682,0.4,97650.0,0.1492850172182479,182221.02414202385,14577.681931361907,14577.681931361909
0,,67446.0,Other,,0.0,0.0,356.9333304,0.0,7.0,37.93444341,0.06432263013560566,0.4,0.0,0.11954844962184402,0.0,0.0,0.0
0,88210.0,114224.0,ProfExe,8.0,0.0,0.0,203.468979,1.0,36.0,41.57297152,0.11233954465502878,0.4,88210.0,0.15206341537579493,167668.9233787359,13413.513870298872,13413.513870298872
0,84191.0,100654.0,ProfExe,0.0,0.0,0.0,79.67788538,1.0,20.0,33.77330326,0.19051633116462688,0.4,84191.0,0.1782264920343841,187563.33238583538,15005.06659086683,15005.06659086683
0,63589.0,75959.0,Office,14.0,1.0,0.0,253.616928,1.0,31.0,43.15970058,0.09028978129908416,0.4,63589.0,0.13938039815080203,110788.25172514188,8863.06013801135,8863.06013801135
1,,33879.0,Other,,1.0,0.0,121.3795359,0.0,4.0,39.69469137,0.375369008350336,0.4,0.0,0.18179513114240198,0.0,0.0,0.0
1,48189.0,53969.0,Other,5.0,0.0,0.0,276.3817427,0.0,18.0,65.49524315,0.36428652299715086,0.4,48189.0,0.1829542703608381,110204.79168023035,8816.383334418428,8816.383334418428
0,98428.0,114820.0,Other,16.0,0.0,1.0,188.1482082,2.0,15.0,36.73772129,0.2782106592402514,0.4,98428.0,0.186890938434827,229941.26610328938,18395.301288263152,18395.301288263152
0,56335.0,86648.0,Other,17.0,0.0,0.0,206.2470947,0.0,17.0,35.12787435,0.09313052878246571,0.4,56335.0,0.14119892303656384,99430.5166158103,7954.441329264824,7954.441329264824
0,48622.0,83158.0,Other,4.0,0.0,2.0,191.5692916,0.0,12.0,29.20449956,0.3070122523529871,0.4,48622.0,0.18667983260671647,113459.3352625471,9076.746821003768,9076.746821003768
0,58556.0,76724.0,Other,3.0,0.0,1.0,234.6585447,1.0,16.0,37.63925293,0.22565770179145114,0.4,58556.0,0.18365795964859644,134428.44356479016,10754.275485183212,10754.275485183212
1,186062.0,227171.0,ProfExe,0.0,0.0,0.0,67.78084803,,4.0,26.990533,0.18647664449667872,0.4,186062.0,0.17739838538874317,412588.7297775041,33007.09838220033,33007.09838220033
0,13218.0,82386.0,Other,7.0,0.0,0.0,262.3942543,0.0,14.0,18.43047238,0.02630758691031705,0.4,13218.0,0.07375977101149747,12186.95816537467,974.9566532299737,974.9566532299735
0,96439.0,126328.0,Mgr,3.0,0.0,3.0,156.3191309,0.0,26.0,39.27931325,0.6261242724292275,0.4,96439.0,0.12963816971092257,156277.19310939577,12502.175448751661,12502.175448751661
0,44484.0,64398.0,Other,3.0,0.0,0.0,263.0447041,0.0,20.0,28.80398255,0.046685454687541914,0.4,44484.0,0.10169371951820123,56546.79273809579,4523.743419047663,4523.743419047663
1,29097.0,72647.0,Other,8.0,,,109.5148795,1.0,22.0,45.30476057,0.28305248731837224,0.4,29097.0,0.18694378508604073,67993.7914331066,5439.503314648528,5439.5033146485275
0,90917.0,102400.0,Sales,11.0,,2.0,159.874518,0.0,17.0,33.4537285,0.6434189931172386,0.4,90917.0,0.1246888816932939,141704.238211365,11336.3390569092,11336.3390569092
0,50100.0,66410.0,Other,3.0,0.0,0.0,176.0098643,0.0,14.0,28.54860369,0.08455643060430548,0.4,50100.0,0.1355214983953406,84870.33837008206,6789.627069606565,6789.627069606565
0,68941.0,75029.0,Office,14.0,0.0,0.0,254.1896555,0.0,31.0,43.89784955,0.04823486903939884,0.4,68941.0,0.10345044921233087,89149.71773934129,7131.977419147303,7131.9774191473025
0,50150.0,65565.0,Other,4.0,0.0,0.0,166.2317086,0.0,13.0,26.64432479,0.08030475923131897,0.4,50150.0,0.13248611846994104,83052.23551584428,6644.178841267542,6644.178841267543
0,50973.0,74183.0,Mgr,6.0,,,122.6918271,,24.0,41.12808531,0.203323009962477,0.4,50973.0,0.1805597272559835,115045.88721774057,9203.670977419246,9203.670977419246
1,22000.0,38750.0,Other,0.8,0.0,0.0,167.4,1.0,17.0,,0.13936111007545268,0.4,22000.0,0.16387659972482332,45066.06492432641,3605.285193946113,3605.285193946113
0,12000.0,33938.0,Mgr,9.0,0.0,0.0,118.7666667,0.0,11.0,,0.16447589683136946,0.4,12000.0,0.17203349040544583,25805.023560816877,2064.40188486535,2064.40188486535
0,31400.0,48000.0,Other,6.0,1.0,0.0,107.5333333,2.0,16.0,,0.31858685501432843,0.4,31400.0,0.18625929802466545,73106.77447468118,5848.541957974495,5848.541957974495
1,67000.0,79100.0,Mgr,5.0,0.0,0.0,155.2,1.0,32.0,,0.10322189509571142,0.4,67000.0,0.14720018399322626,123280.154094327,9862.412327546159,9862.412327546159
0,67927.0,94126.0,Other,2.0,0.0,0.0,35.53887812,2.0,3.0,38.84759708,0.41964824972437015,0.4,67927.0,0.1759515189871037,149398.2353779624,11951.858830236994,11951.858830236994
0,,72731.0,,0.0,0.0,0.0,,0.0,0.0,0.7202950067,0.019371912385986477,0.4,0.0,0.061315037815310704,0.0,0.0,0.0
0,74594.0,90555.0,Mgr,4.0,0.0,0.0,123.7766246,2.0,27.0,41.63484731,0.220975195302958,0.4,74594.0,0.18310385769180554,170730.61450828175,13658.44916066254,13658.449160662542
0,83557.0,98881.0,ProfExe,6.0,0.0,0.0,102.2257045,1.0,26.0,25.78278709,0.09075978065475027,0.4,83557.0,0.13968541937942167,145896.1823385792,11671.694587086336,11671.694587086336
0,61868.0,66874.0,Other,30.0,0.0,3.0,170.4386392,0.0,23.0,37.915021,0.5655174627943347,0.4,61868.0,0.1458630223712535,112803.16835080889,9024.253468064711,9024.253468064711
0,46152.0,72773.0,Other,0.0,0.0,0.0,270.4899801,0.0,20.0,29.49511599,0.0477545928291874,0.4,46152.0,0.10291033135654577,59368.97015959126,4749.517612767301,4749.5176127673
0,97185.0,113004.0,Other,13.0,0.0,0.0,202.6225313,2.0,15.0,37.71664611,0.14937458941499465,0.4,97185.0,0.16741703554408105,203380.30749189397,16270.424599351518,16270.424599351516
0,105104.0,144712.0,ProfExe,13.0,0.0,0.0,129.5188081,5.0,22.0,37.41377466,0.25019047288344204,0.4,105104.0,0.1858109175626926,244118.38349386552,19529.470679509242,19529.470679509242
0,71060.0,79744.0,Other,3.0,,,179.8663489,,35.0,29.89415099,0.06528057872490123,0.4,71060.0,0.12039999169806581,106945.29262580696,8555.623410064558,8555.623410064556
0,85121.0,113744.0,ProfExe,0.0,0.0,2.0,139.4853397,0.0,34.0,33.94343772,0.3394436842075086,0.4,85121.0,0.18506082572620627,196907.03183300505,15752.562546640404,15752.562546640404
0,28193.0,34705.0,Other,0.0,,,,,,37.6180269,0.1506381377474776,0.4,28193.0,0.1678354931967877,59147.32574621294,4731.786059697035,4731.786059697036
0,18728.0,34443.0,Mgr,9.0,0.0,0.0,117.6482829,0.0,10.0,21.58983638,0.07566251917961311,0.4,18728.0,0.12898945394849357,30196.431169342344,2415.7144935473875,2415.7144935473875
0,55147.0,72553.0,Other,0.0,0.0,0.0,229.4061754,0.0,10.0,35.86772963,0.11052013987579998,0.4,55147.0,0.151132315871162,104181.17279183713,8334.493823346971,8334.493823346971
0,48149.0,74539.0,ProfExe,17.0,0.0,0.0,200.0325616,0.0,15.0,23.13097189,0.046550107227704904,0.4,48149.0,0.10153827807660237,61112.0818888791,4888.966551110328,4888.966551110328
0,61929.0,83102.0,Office,14.0,0.0,0.0,238.5249274,1.0,32.0,44.44967097,0.06051906918577938,0.4,61929.0,0.11605905116073907,89842.76224166763,7187.42097933341,7187.42097933341
0,110088.0,137794.0,ProfExe,3.0,0.0,0.0,251.1518919,1.0,46.0,33.51711722,0.04335159540204173,0.4,110088.0,0.09776790033313565,134538.40764842796,10763.072611874237,10763.072611874237
0,57785.0,72971.0,Other,2.0,0.0,0.0,166.8994602,1.0,16.0,34.70964393,0.14018525896854922,0.4,57785.0,0.16418352698330174,118591.81383412614,9487.34510673009,9487.34510673009
0,67474.0,88473.0,Other,2.0,0.0,0.0,234.7759967,3.0,26.0,29.09729879,0.07158874167529211,0.4,67474.0,0.1257523716308246,106062.69404272822,8485.015523418258,8485.015523418258
0,136866.0,162906.0,ProfExe,4.0,0.0,0.0,427.9235915,0.0,43.0,30.1821229,0.011687627591073033,0.4,136866.0,0.04445207659616303,76049.72394263062,6083.97791541045,6083.977915410449
0,80336.0,102618.0,ProfExe,2.0,0.0,0.0,79.73026062,2.0,19.0,34.40548234,0.2206134167973968,0.4,80336.0,0.18305901791971194,183827.86579497473,14706.22926359798,14706.229263597977
1,97000.0,109800.0,ProfExe,5.0,0.0,0.0,152.1333333,3.0,33.0,,0.1338450094773649,0.4,97000.0,0.16174690962432445,196118.12791949336,15689.45023355947,15689.450233559472
0,91000.0,114053.0,Other,11.0,0.0,0.0,173.5,0.0,27.0,,0.09210541038565284,0.4,91000.0,0.14054957017989192,159875.13607962706,12790.010886370164,12790.010886370164
0,206613.0,232176.0,ProfExe,10.0,0.0,1.0,237.3157697,0.0,22.0,30.68943921,0.11425512026321266,0.4,206613.0,0.1530234562324848,395207.9420320298,31616.635362562385,31616.635362562385
0,45095.0,64736.0,Other,9.0,0.0,0.0,249.6737711,0.0,18.0,31.63530262,0.06069017162398177,0.4,45095.0,0.11621985631592457,65511.68025708273,5240.934420566618,5240.934420566618
0,70722.0,81760.0,Other,0.0,0.0,0.0,219.7852728,3.0,26.0,30.27700538,0.08473963198905542,0.4,70722.0,0.13564887103484558,119916.99321657937,9593.35945732635,9593.359457326349
0,199232.0,229929.0,ProfExe,11.0,0.0,0.0,223.4381168,0.0,21.0,31.3702723,0.06348118106900826,0.4,199232.0,0.11879159058037235,295838.5771813593,23667.086174508742,23667.086174508742
0,82904.0,125057.0,Office,8.0,0.0,0.0,131.6590526,1.0,21.0,37.27313999,0.09048558690183885,0.4,82904.0,0.13950767490198385,144571.80350092586,11565.744280074068,11565.744280074068
0,61302.0,90873.0,Other,2.0,0.0,0.0,35.97354161,1.0,4.0,39.97361316,0.4000481041483935,0.4,61302.0,0.17876634119797669,136984.17810147957,10958.734248118366,10958.734248118366
0,27118.0,87982.0,ProfExe,19.0,0.0,0.0,232.2369961,0.0,11.0,25.2354388,0.04796051640485053,0.4,27118.0,0.10314239359046236,34962.69286732697,2797.015429386158,2797.0154293861583
1,53242.0,70400.0,Other,14.0,0.0,0.0,169.9306635,0.0,18.0,34.62942766,0.10931899136648741,0.4,53242.0,0.15050713059689957,100166.2580905016,8013.300647240128,8013.300647240128
0,57112.0,76050.0,Other,1.0,0.0,0.0,235.2292688,0.0,9.0,35.11318533,0.10383259856987308,0.4,57112.0,0.14754174921867744,105330.05476721382,8426.404381377106,8426.404381377106
0,90154.0,110479.0,ProfExe,9.0,0.0,0.0,196.9264059,2.0,37.0,43.1890315,0.14000174456454703,0.4,90154.0,0.1641154314552088,184945.78259266118,14795.662607412894,14795.662607412894
0,86775.0,111572.0,ProfExe,0.0,1.0,1.0,138.6100805,1.0,33.0,34.35180836,0.33656228008537914,0.4,86775.0,0.1852586449554958,200947.73645016435,16075.818916013148,16075.818916013148
0,79838.0,85209.0,ProfExe,8.0,0.0,0.0,173.8386239,0.0,11.0,37.8244708,0.15346987936546427,0.4,79838.0,0.1687512532789003,168409.53199101056,13472.762559280845,13472.762559280844
0,114035.0,137208.0,ProfExe,15.0,,1.0,173.7143227,0.0,33.0,32.05607229,0.13412342050926118,0.4,114035.0,0.1618576073647745,230717.90319802577,18457.43225584206,18457.43225584206
0,89333.0,106107.0,Other,19.0,0.0,0.0,120.2578861,3.0,24.0,28.77470213,0.12149769869801075,0.4,89333.0,0.15647308694607145,174727.62845191752,13978.210276153402,13978.2102761534
1,24552.0,48278.0,Other,0.0,0.0,0.0,171.0751046,0.0,16.0,29.29955094,0.08892906387000811,0.4,24552.0,0.13848785466285737,42501.92259603093,3400.153807682474,3400.153807682474
0,61253.0,85825.0,Sales,5.0,0.0,0.0,130.026259,0.0,34.0,27.20337824,0.1701244458423973,0.4,61253.0,0.17355616824514006,132885.44966899455,10630.835973519565,10630.835973519565
0,152107.0,179793.0,ProfExe,7.0,,1.0,212.7829956,3.0,25.0,43.13409505,0.3310183685949615,0.4,152107.0,0.18561071653484762,352908.61574957584,28232.689259966068,28232.689259966068
0,48866.0,73023.0,Office,11.0,3.0,1.0,251.629062,1.0,29.0,32.87687074,0.2742856592186346,0.4,48866.0,0.1868204047806433,114114.57375013645,9129.165900010916,9129.165900010916
1,48238.0,66603.0,Office,6.0,0.0,1.0,80.38898294,1.0,11.0,40.01910455,0.3129859865176976,0.4,48238.0,0.1864854929247407,112446.09009629552,8995.687207703642,8995.687207703642
0,112373.0,136202.0,ProfExe,16.0,,1.0,179.8829733,0.0,32.0,30.48826811,0.11999392702370347,0.4,112373.0,0.1557796102951898,218817.77684626702,17505.422147701363,17505.422147701363
0,69499.0,104045.0,Other,8.0,0.0,0.0,219.0904891,0.0,20.0,18.58475695,0.02962550543256867,0.4,69499.0,0.07905982868403705,68682.23792139863,5494.579033711891,5494.579033711891
0,60200.0,77079.0,Office,13.0,0.0,0.0,242.2441382,1.0,32.0,45.39416855,0.0633888654194107,0.4,60200.0,0.11870804360301886,89327.80281127169,7146.224224901735,7146.224224901735
0,,50530.0,Mgr,5.0,,,163.54096,,9.0,20.02628441,0.06308712892160055,0.4,0.0,0.11843425606262162,0.0,0.0,0.0
1,78000.0,101200.0,Other,0.4,0.0,0.0,145.0666667,1.0,19.0,,0.1503740623505861,0.4,78000.0,0.1677485440509461,163554.83044967247,13084.386435973798,13084.386435973796
1,50230.0,70000.0,Sales,1.0,0.0,,184.3666667,2.0,20.0,,0.31664139381200124,0.4,50230.0,0.18634261911473649,116999.87197666516,9359.989758133213,9359.989758133213
1,49800.0,64000.0,ProfExe,23.0,0.0,2.0,232.3333333,3.0,17.0,,0.37234136837181375,0.4,49800.0,0.18212462934065654,113372.58176455871,9069.806541164697,9069.806541164695
1,77000.0,94000.0,Mgr,41.0,,4.0,212.8666667,4.0,17.0,,0.7583572540873481,0.4,77000.0,0.0887492210787611,85421.12528830755,6833.690023064604,6833.690023064604
0,114457.0,144284.0,ProfExe,1.0,0.0,0.0,252.6592531,0.0,45.0,32.4971451,0.036666317937058476,0.4,114457.0,0.0892240270269663,127653.93076781851,10212.314461425482,10212.314461425482
0,52622.0,64407.0,Other,0.0,0.0,0.0,191.0774254,1.0,13.0,26.20306729,0.07905006282621543,0.4,52622.0,0.1315603911657036,86537.13629902067,6922.970903921654,6922.970903921654
0,152274.0,177940.0,Office,4.0,0.0,0.0,196.8767577,0.0,56.0,33.72276915,0.02098407926121528,0.4,152274.0,0.06439814087713952,122577.03129906929,9806.162503925543,9806.162503925543
0,27859.0,48393.0,Other,10.0,0.0,0.0,82.76016033,0.0,3.0,34.38536707,0.22653415921663436,0.4,27859.0,0.18375632538123338,63990.843359947256,5119.267468795781,5119.267468795781
0,90006.0,121122.0,Office,9.0,0.0,0.0,133.4975408,1.0,21.0,36.91048167,0.08704856423412298,0.4,90006.0,0.13723079157125437,154394.932827029,12351.59462616232,12351.594626162321
0,159798.0,177853.0,ProfExe,6.0,,0.0,206.8170726,4.0,25.0,41.42504139,0.1925138831295783,0.4,159798.0,0.17861922559606314,356787.4376474962,28542.995011799696,28542.995011799696
0,81590.0,90050.0,Mgr,6.0,0.0,0.0,136.7467587,1.0,26.0,41.73267582,0.18950008581590747,0.4,81590.0,0.1780224681611332,181560.66471583574,14524.85317726686,14524.853177266858
0,35651.0,59795.0,Other,22.0,0.0,0.0,118.6530642,0.0,23.0,40.66298165,0.17482098825455183,0.4,35651.0,0.17474344334885622,77872.23123537592,6229.778498830074,6229.778498830073
0,50441.0,56656.0,Office,1.0,0.0,0.0,186.4510167,0.0,21.0,35.45260742,0.055175568547413276,0.4,50441.0,0.11084310290054361,69887.961917579,5591.03695340632,5591.03695340632
0,33061.0,46277.0,Other,8.0,,1.0,154.8992783,7.0,28.0,39.70178286,0.4663175319911837,0.4,33061.0,0.16794584541293778,69405.7199399642,5552.457595197136,5552.457595197136
0,102908.0,124217.0,ProfExe,9.0,0.0,0.0,159.9940264,2.0,31.0,27.7074439,0.07467168464618688,0.4,102908.0,0.12821709610799975,164932.06157852546,13194.564926282037,13194.564926282039
0,141020.0,157511.0,ProfExe,4.0,0.0,1.0,403.7489298,0.0,43.0,29.58318425,0.027992013582396308,0.4,141020.0,0.07649632424605013,134843.89556472487,10787.511645177989,10787.511645177989
0,92573.0,119325.0,ProfExe,2.0,1.0,2.0,157.6206429,0.0,33.0,34.77510251,0.46996751643125795,0.4,92573.0,0.16724853494590788,193533.73281934415,15482.698625547533,15482.698625547531
1,73099.0,84250.0,ProfExe,4.0,,,,,,40.22228314,0.16998670041347624,0.4,73099.0,0.17352028300795025,158551.9895949769,12684.159167598153,12684.159167598154
1,11300.0,39000.0,Other,,5.0,1.0,170.4333333,3.0,21.0,,0.8822337209020404,0.4,11300.0,0.04515780932425102,6378.540567050456,510.2832453640365,510.28324536403653
0,68024.0,78800.0,Sales,7.0,0.0,0.0,125.5040514,0.0,35.0,29.29334435,0.1897144126818959,0.4,68024.0,0.1780657355147521,151409.29490819373,12112.743592655499,12112.743592655497
1,64265.0,90956.0,Other,10.0,0.0,1.0,233.1561248,0.0,32.0,32.90882386,0.1096495883175821,0.4,64265.0,0.15068004357622,121043.16250532222,9683.453000425778,9683.453000425778
0,132894.0,198168.0,Office,0.0,0.0,1.0,355.1639113,0.0,16.0,40.54029537,0.07038442268862444,0.4,132894.0,0.1247634443672012,207253.91469668548,16580.31317573484,16580.313175734835
0,31303.0,57444.0,Other,29.0,0.0,0.0,246.7168274,0.0,18.0,20.20590752,0.025587407620294093,0.4,31303.0,0.07255911173791896,28391.473434150965,2271.317874732077,2271.317874732077
0,80510.0,97548.0,ProfExe,1.0,0.0,0.0,74.40426333,1.0,19.0,36.45734993,0.2286277833033929,0.4,80510.0,0.18398457665806975,185157.47833426495,14812.598266741195,14812.598266741195
0,137927.0,160566.0,ProfExe,6.0,0.0,1.0,436.7517799,0.0,42.0,29.27255681,0.022875409945684,0.4,137927.0,0.06785904395863517,116994.9294510334,9359.594356082673,9359.594356082673
1,45604.0,65501.0,Other,9.0,0.0,1.0,70.33753056,1.0,24.0,35.21218126,0.34256952902959126,0.4,45604.0,0.1848349463088893,105365.16114338236,8429.212891470588,8429.212891470588
0,26768.0,52411.0,Other,0.0,0.0,0.0,253.3180433,0.0,11.0,38.82102132,0.11425872404443015,0.4,26768.0,0.15302524304851184,51202.246324032065,4096.1797059225655,4096.179705922565
0,203902.0,234454.0,ProfExe,9.0,0.0,0.0,213.4554475,0.0,22.0,33.64852105,0.07684630201462192,0.4,203902.0,0.1298999748984415,331085.8085217752,26486.864681742016,26486.864681742016
0,16375.0,36672.0,Mgr,8.0,0.0,0.0,120.674928,0.0,11.0,24.08943715,0.08580294593392558,0.4,16375.0,0.13638272954280245,27915.839953292376,2233.26719626339,2233.26719626339
0,49264.0,57923.0,Other,0.0,0.0,0.0,182.0010415,2.0,13.0,27.00877688,0.09848725687239003,0.4,49264.0,0.1444703971642893,88964.87057376935,7117.189645901548,7117.189645901548
0,36034.0,62953.0,ProfExe,9.0,0.0,0.0,262.0793453,0.0,16.0,21.34522735,0.02999127039137028,0.4,36034.0,0.07962228689855771,35863.86857628286,2869.109486102629,2869.1094861026286
0,,69350.0,,0.0,0.0,0.0,,0.0,0.0,2.365195413,0.021625830164270502,0.4,0.0,0.06559054824748652,0.0,0.0,0.0
1,94000.0,112000.0,Mgr,4.0,0.0,0.0,,0.0,0.0,,0.1597488078245206,0.4,94000.0,0.17067633695561268,200544.69592284493,16043.575673827594,16043.575673827592
0,115902.0,146813.0,ProfExe,1.0,0.0,0.0,288.4676266,0.0,45.0,33.05428433,0.03100359962222551,0.4,115902.0,0.0811578688724624,117579.49147570172,9406.359318056138,9406.359318056137
0,115004.0,144760.0,ProfExe,2.0,0.0,0.0,279.5221733,1.0,46.0,35.61473143,0.04262912573137165,0.4,115004.0,0.09688949166335675,139283.4887406585,11142.67909925268,11142.67909925268
1,57105.0,74582.0,Other,12.0,0.0,0.0,134.0317679,0.0,20.0,36.92573641,0.14669542883431777,0.4,57105.0,0.1665092628132559,118856.39316188722,9508.511452950977,9508.511452950977
0,34055.0,40739.0,Other,9.0,,0.0,147.012827,6.0,29.0,39.93094736,0.264454083124436,0.4,34055.0,0.18653123908002986,79404.0168358802,6352.321346870416,6352.321346870417
1,50573.0,84008.0,Other,15.0,1.0,0.0,76.04208693,0.0,7.0,41.02796675,0.43198812309068424,0.4,50573.0,0.17400637301563582,110000.30378149687,8800.02430251975,8800.02430251975
0,,65317.0,Other,,0.0,0.0,349.2796108,0.0,6.0,35.71441843,0.05947648051065876,0.4,0.0,0.11507113283354381,0.0,0.0,0.0
0,25805.0,31414.0,Other,2.0,,,,,,38.2372256,0.1543326381416072,0.4,25805.0,0.16902429142146821,54520.898001637346,4361.671840130988,4361.671840130987
0,24769.0,87665.0,ProfExe,21.0,0.0,0.0,238.3827694,0.0,11.0,25.33220131,0.04601601184141001,0.4,24769.0,0.10092171629258423,31246.624885637735,2499.729990851019,2499.7299908510186
0,83018.0,96637.0,Other,2.0,0.0,0.0,95.90213133,2.0,32.0,41.24477919,0.23473632931894892,0.4,83018.0,0.18459741578537484,191561.3532958781,15324.908263670248,15324.908263670248
0,93538.0,118369.0,ProfExe,0.0,0.0,1.0,132.8237118,0.0,33.0,34.83386481,0.20904536202695514,0.4,93538.0,0.18146620252470733,212174.82064695092,16973.985651756073,16973.985651756073
0,37562.0,57081.0,Other,22.0,0.0,1.0,129.486844,0.0,23.0,39.08300244,0.2817540909392071,0.4,37562.0,0.18693326851635153,87769.84290013995,7021.587432011196,7021.587432011196
1,69117.0,101503.0,ProfExe,13.0,0.0,7.0,145.9530178,0.0,36.0,36.75998466,0.9642094421363657,0.4,69117.0,0.014087397333418794,12170.983018673835,973.6786414939068,973.6786414939068
0,157312.0,181050.0,ProfExe,7.0,,0.0,209.7067368,4.0,25.0,40.90561976,0.1834454459587647,0.4,157312.0,0.17674656852009402,347554.45233791287,27804.35618703303,27804.35618703303
0,10035.0,61897.0,Other,6.0,1.0,1.0,368.7377963,0.0,21.0,14.73359483,0.036571754718046134,0.4,10035.0,0.08909605057313226,11175.985843767277,894.0788675013822,894.0788675013822
0,83276.0,129116.0,Office,7.0,0.0,0.0,138.687955,0.0,22.0,39.58996183,0.08790014819964825,0.4,83276.0,0.13780348154104669,143446.53411015254,11475.722728812203,11475.722728812203
0,57294.0,66615.0,Other,3.0,0.0,1.0,321.3875868,0.0,9.0,31.38089909,0.10477204002150066,0.4,57294.0,0.14806260073751032,106038.73308318645,8483.098646654917,8483.098646654917
0,101047.0,118913.0,Office,2.0,0.0,0.0,156.6054917,1.0,22.0,35.89928784,0.07372553747515977,0.4,101047.0,0.12747070070561023,161006.64867749746,12880.531894199798,12880.531894199798
0,56960.0,69014.0,Other,4.0,0.0,0.0,307.636664,0.0,10.0,30.36248382,0.04967157307378274,0.4,56960.0,0.1050430645760706,74790.66197816226,5983.2529582529805,5983.252958252981
0,83924.0,100114.0,ProfExe,0.0,0.0,0.0,71.30419761,1.0,20.0,34.71276881,0.20866638879337607,0.4,83924.0,0.18140866100578312,190306.75582811676,15224.54046624934,15224.540466249342
0,79900.0,94660.0,Mgr,19.0,0.0,0.0,252.3496982,10.0,24.0,35.80049203,0.1989631113048598,0.4,79900.0,0.17981377877618235,179589.01155271212,14367.12092421697,14367.12092421697
0,,52026.0,Mgr,6.0,,,173.7172393,,8.0,21.6211951,0.06703077199351705,0.4,0.0,0.12192863193299,0.0,0.0,0.0
1,41000.0,64680.0,Other,2.0,0.0,0.0,70.9,3.0,30.0,,0.21563558772142166,0.4,41000.0,0.18241186170636814,93486.07912451368,7478.886329961095,7478.886329961094
1,41301.0,60000.0,Other,2.0,0.0,0.0,77.23333333,0.0,12.0,,0.21186029614850804,0.4,41301.0,0.1818827582441046,93899.24747799705,7511.939798239764,7511.939798239764
1,55000.0,75393.0,Other,0.75,0.0,1.0,113.0333333,1.0,16.0,,0.33449179410089197,0.4,55000.0,0.18539455964399276,127458.75975524503,10196.700780419602,10196.700780419602
0,77100.0,90550.0,Office,,0.0,0.0,173.4666667,1.0,26.0,,0.05588816601269332,0.4,77100.0,0.11156119460142291,107517.10129712133,8601.368103769706,8601.368103769706
0,71582.0,93400.0,Other,6.0,3.0,0.0,74.06666667,1.0,21.0,,0.5899809931762421,0.4,71582.0,0.13953406238216592,124851.59066800252,9988.127253440201,9988.127253440201
1,53060.0,67500.0,Office,16.0,0.0,5.0,183.6333333,0.0,15.0,,0.7523224715353142,0.4,53060.0,0.0907548411799668,60193.14841261298,4815.4518730090385,4815.4518730090385
1,69192.0,105300.0,Mgr,4.0,0.0,0.0,282.0333333,1.0,23.0,,0.06305526018277154,0.4,69192.0,0.11840527540886225,102408.72270112495,8192.697816089996,8192.697816089996
1,62000.0,102600.0,Other,10.0,2.0,6.0,226.4333333,4.0,42.0,,0.9705044446346157,0.4,62000.0,0.011634404401490129,9016.66341115485,721.333072892388,721.3330728923879
0,50097.0,73846.0,Other,1.0,0.0,0.0,267.8654583,0.0,20.0,29.15960949,0.047110337208804004,0.4,50097.0,0.10217958908142713,63986.13592765318,5118.890874212255,5118.890874212255
0,77792.0,100812.0,ProfExe,10.0,2.0,0.0,182.9569956,1.0,29.0,27.38587324,0.16869639939065864,0.4,77792.0,0.1731811440832155,168401.34450651874,13472.1075605215,13472.107560521501
0,53354.0,79893.0,Office,10.0,2.0,0.0,249.4359543,1.0,29.0,35.02088579,0.1014307035203149,0.4,53354.0,0.14618466049903087,97494.20470331615,7799.536376265292,7799.536376265293
0,66163.0,83727.0,Office,4.0,1.0,2.0,176.9352475,3.0,30.0,36.77463995,0.41084141802885155,0.4,66163.0,0.1772591122565649,146599.93305288878,11727.994644231103,11727.994644231103
0,81865.0,101048.0,Other,1.0,0.0,0.0,147.4022274,0.0,23.0,38.85516272,0.15429159621069502,0.4,81865.0,0.1690113653262953,172951.44278046454,13836.115422437164,13836.115422437164
0,17659.0,31843.0,Office,7.0,0.0,1.0,107.7410948,0.0,16.0,19.30085445,0.06804739259921742,0.4,17659.0,0.12280083438666112,27106.749180425606,2168.5399344340485,2168.5399344340485
0,55228.0,66569.0,Mgr,3.0,0.0,0.0,198.8151672,1.0,17.0,27.99687276,0.07366544139805176,0.4,55228.0,0.12742299606285315,87966.46533199066,7037.317226559253,7037.317226559254
0,77937.0,89710.0,Mgr,19.0,0.0,0.0,223.5874152,10.0,24.0,35.95199865,0.22927410897971026,0.4,77937.0,0.1840531414618073,179306.87107636093,14344.549686108874,14344.549686108874
0,26286.0,36002.0,Other,2.0,,,,,,38.43868186,0.15613729571084334,0.4,26286.0,0.16958654242406032,55721.89817698562,4457.75185415885,4457.75185415885
0,,39200.0,Other,0.0,0.0,0.0,309.4,1.0,9.0,,0.07789978626492071,0.4,0.0,0.1306992708660039,0.0,0.0,0.0
0,56791.0,72974.0,Other,29.0,0.0,3.0,182.0664052,0.0,24.0,35.69162282,0.5067267289561663,0.4,56791.0,0.15970448768899567,113372.21950432191,9069.777560345754,9069.777560345754
0,,,,,,,,,,27.35264423,0.07735571429599843,0.4,0.0,0.1302877561932622,0.0,0.0,0.0
0,71370.0,90316.0,Office,26.0,0.0,0.0,162.3574415,2.0,14.0,39.8754838,0.10508778232993526,0.4,71370.0,0.1482364211466738,132245.41721547637,10579.63337723811,10579.633377238108
0,84933.0,110253.0,ProfExe,8.0,0.0,0.0,192.4226063,1.0,37.0,40.84507779,0.11160995512888466,0.4,84933.0,0.15169231711518308,161046.04461929805,12883.683569543844,12883.683569543844
0,80612.0,93802.0,Mgr,5.0,0.0,0.0,141.6131456,2.0,26.0,40.74903888,0.19625254553764254,0.4,80612.0,0.17932518648440174,180697.0241610074,14455.761932880592,14455.761932880592
1,68800.0,86000.0,Mgr,3.0,2.0,1.0,202.8666667,8.0,26.0,,0.6448061753453129,0.4,68800.0,0.12428619600545404,106886.12856469049,8550.89028517524,8550.890285175237
1,41169.82,57000.0,Other,5.5,1.0,0.0,98.43333333,10.0,18.0,,0.5771290872714842,0.4,41169.82,0.14289786191189835,73538.49066622139,5883.079253297711,5883.079253297711
0,83921.0,90876.0,Other,3.0,0.0,0.0,106.9373967,1.0,32.0,41.47300108,0.2025003306850866,0.4,83921.0,0.18042268853518906,189265.65555702,15141.252444561602,15141.2524445616
0,45633.0,77578.0,ProfExe,19.0,0.0,0.0,209.7255196,0.0,15.0,23.91561488,0.04578357148307662,0.4,45633.0,0.10065179187032543,57413.04023023201,4593.043218418561,4593.04321841856
0,103946.0,113900.0,Other,17.0,0.0,2.0,194.3599393,1.0,16.0,36.41457282,0.404591930659226,0.4,103946.0,0.17814485719233142,231468.066571426,18517.44532571408,18517.44532571408
0,125688.0,198602.0,Office,0.0,0.0,1.0,344.7479335,0.0,16.0,39.48382007,0.06969421029587985,0.4,125688.0,0.1241898638917247,195114.69516028868,15609.175612823095,15609.175612823095
1,86785.0,110400.0,Other,0.7,1.0,,89.06666667,2.0,27.0,,0.29591627451047614,0.4,86785.0,0.18690755356224698,202759.65044874506,16220.772035899605,16220.772035899603
1,72854.0,86209.0,ProfExe,2.0,0.0,0.0,118.0696474,0.0,14.0,36.05148718,0.1784774110629686,0.4,72854.0,0.17562008501045034,159932.82091689188,12794.625673351351,12794.62567335135
0,67860.0,103426.0,Other,9.0,0.0,0.0,202.1526339,0.0,20.0,18.34752939,0.03192311659195854,0.4,67860.0,0.08252656860866174,70003.16182229733,5600.252945783787,5600.252945783785
0,103960.0,127384.0,,2.0,0.0,0.0,129.0154994,0.0,25.0,34.47945476,0.12518380816622282,0.4,103960.0,0.1581245037618157,205482.7926384795,16438.62341107836,16438.62341107836
0,32742.0,41299.0,Other,10.0,,1.0,170.4071064,7.0,29.0,37.80266959,0.4030051604946859,0.4,32742.0,0.1783640641624574,72999.95236008975,5839.99618880718,5839.99618880718
0,25000.0,37882.0,Other,8.8,0.0,0.0,87.2,2.0,12.0,,0.2397032939546302,0.4,25000.0,0.18503894061021128,57824.66894069103,4625.973515255282,4625.973515255282
1,48983.0,65000.0,Other,5.0,1.0,0.0,58.7,7.0,23.0,,0.5093203850130503,0.4,48983.0,0.15913801352210172,97438.21645441385,7795.057316353108,7795.057316353108
0,62493.0,77141.0,Other,13.0,0.0,0.0,266.3331014,0.0,26.0,27.0078722,0.03341809974331307,0.4,62493.0,0.08470113150096559,66165.34763612303,5293.227810889843,5293.227810889843
0,55415.0,74307.0,Other,29.0,1.0,2.0,198.8467209,0.0,23.0,36.83774105,0.45700021611184216,0.4,55415.0,0.1696810580171836,117535.94787527788,9402.87583002223,9402.87583002223
0,58247.0,72189.0,Other,30.0,0.0,3.0,198.243176,0.0,23.0,35.79425984,0.4885898672452545,0.4,58247.0,0.16354235521561042,119073.14455304574,9525.85156424366,9525.85156424366
0,100590.0,138649.0,ProfExe,14.0,0.0,0.0,138.1647046,4.0,22.0,34.5987274,0.18537540123623983,0.4,100590.0,0.1771646358838536,222762.3840444604,17820.99072355683,17820.99072355683
0,85335.0,97094.0,Other,2.0,0.0,0.0,116.086609,1.0,32.0,40.84524619,0.18833704130203555,0.4,85335.0,0.17778544236961988,189641.5090576439,15171.320724611513,15171.320724611513
0,83552.0,107186.0,Other,21.0,0.0,0.0,128.6602454,4.0,24.0,28.72301763,0.12867248669793965,0.4,83552.0,0.15962601170651358,166713.40662628278,13337.072530102623,13337.072530102623
0,37699.0,59874.0,Other,22.0,0.0,0.0,114.2359516,0.0,23.0,38.68267604,0.1596272545183669,0.4,37699.0,0.17064041340479066,80412.16181184004,6432.972944947203,6432.972944947203
0,76002.0,94236.0,Other,11.0,0.0,0.0,164.7623042,5.0,21.0,39.52570494,0.2463000762989046,0.4,76002.0,0.18554934279047589,176276.51438452187,14102.12115076175,14102.121150761748
0,49986.0,67896.0,Mgr,3.0,0.0,0.0,190.1599072,1.0,17.0,29.26631718,0.08364515804193338,0.4,49986.0,0.13488380191132585,84278.77152924417,6742.301722339534,6742.301722339534
0,204038.0,230920.0,ProfExe,10.0,0.0,0.0,242.9128934,0.0,22.0,29.80162732,0.05070176781343345,0.4,204038.0,0.10616427174174979,270769.3209705393,21661.545677643146,21661.545677643146
0,79448.0,91004.0,Mgr,20.0,0.0,0.0,227.5073902,10.0,23.0,34.46430215,0.21062614525348708,0.4,79448.0,0.18170247206476914,180448.72500752224,14435.89800060178,14435.89800060178
0,149272.0,176467.0,Office,7.0,0.0,0.0,191.9044636,1.0,55.0,33.90232001,0.02493352752968695,0.4,149272.0,0.07145231399485594,133322.87268300168,10665.829814640134,10665.829814640136
0,29471.0,48362.0,Other,9.0,0.0,0.0,79.90287141,0.0,4.0,36.0206079,0.24685662448241202,0.4,29471.0,0.18558853117903878,68368.49502971815,5469.4796023774525,5469.4796023774525
0,72760.0,83604.0,Office,6.0,2.0,3.0,189.9194249,3.0,29.0,37.36856046,0.7285451863977102,0.4,72760.0,0.09853780640258387,89620.13492315004,7169.610793852003,7169.610793852003
0,,41396.0,Other,0.0,0.0,0.0,302.8700505,1.0,8.0,27.98946659,0.05317262585130572,0.4,0.0,0.10878552164937985,0.0,0.0,0.0
0,79383.0,107590.0,Other,5.0,0.0,0.0,78.29927353,2.0,14.0,33.5811165,0.2298157124205814,0.4,79383.0,0.1841099116787512,182689.96398492885,14615.197118794309,14615.197118794307
1,30428.0,47387.0,ProfExe,2.0,0.0,0.0,164.4900213,0.0,36.0,38.8741586,0.10790109440417812,0.4,30428.0,0.14975820499351852,56960.53326928477,4556.842661542782,4556.842661542782
0,103034.0,124116.0,,2.0,0.0,0.0,137.4386924,0.0,25.0,31.60310093,0.10060589037640205,0.4,103034.0,0.1457100552149274,187663.62286268536,15013.089829014829,15013.089829014829
0,58293.0,82594.0,Office,13.0,0.0,0.0,105.050415,0.0,23.0,36.70044554,0.08301021894247107,0.4,58293.0,0.13443538311535222,97958.02234929035,7836.641787943227,7836.6417879432265
0,30061.0,58714.0,Other,29.0,0.0,0.0,230.8801537,0.0,19.0,20.6379176,0.028208439829004842,0.4,30061.0,0.07684093892486848,28873.943312755895,2309.915465020472,2309.9154650204714
0,27459.0,38577.0,Mgr,16.0,0.0,0.0,72.32957204,0.0,9.0,31.60566546,0.17139457333667923,0.4,27459.0,0.1738841778631324,59683.57049929691,4774.685639943753,4774.685639943753
0,77068.0,98436.0,ProfExe,7.0,0.0,1.0,148.2880996,0.0,34.0,33.46369747,0.16986311076077537,0.4,77068.0,0.17348803333999996,167129.69691808897,13370.375753447119,13370.375753447117
0,130867.0,201245.0,Office,0.0,0.0,1.0,340.7953444,0.0,15.0,40.16882702,0.07597571410491015,0.4,130867.0,0.12923163852050776,211401.9604782911,16912.156838263287,16912.15683826329
0,61840.0,73541.0,ProfExe,1.0,0.0,0.0,157.8924467,2.0,35.0,41.65169171,0.16954042663489177,0.4,61840.0,0.17340359823148446,134040.9814329375,10723.278514635,10723.278514635
0,79898.0,101989.0,ProfExe,9.0,2.0,0.0,214.9964598,1.0,29.0,29.30607111,0.16161446064809404,0.4,79898.0,0.1712212043909056,171002.89735530718,13680.231788424575,13680.231788424575
0,105293.0,121416.0,Office,14.0,0.0,0.0,250.0188805,0.0,16.0,35.28716643,0.03908683278531461,0.4,105293.0,0.09242909515057661,121651.7089461208,9732.136715689663,9732.136715689663
0,60122.0,93741.0,Other,0.0,0.0,0.0,38.33492385,1.0,3.0,42.10934773,0.44109808114050086,0.4,60122.0,0.1724888184990721,129629.65932251516,10370.372745801213,10370.372745801213
0,72164.0,104220.0,Office,10.0,0.0,0.0,165.4307821,0.0,13.0,37.53996336,0.07929082501331507,0.4,72164.0,0.13173911684434314,118835.27034943973,9506.821627955178,9506.821627955178
0,48139.0,64842.0,Other,0.0,1.0,0.0,192.4791522,2.0,13.0,26.54684008,0.15174830085422503,0.4,48139.0,0.1681981176282451,101211.11480632614,8096.889184506091,8096.889184506091
0,9038.0,65969.0,Other,7.0,1.0,1.0,346.5801028,0.0,22.0,13.34721268,0.03680177225225488,0.4,9038.0,0.0894069719713097,10100.752658458712,808.060212676697,808.0602126766971
0,59440.0,88690.0,Other,0.0,0.0,0.0,129.1526151,3.0,11.0,37.83827353,0.2721671416683286,0.4,59440.0,0.18677183164324038,138771.4709109276,11101.717672874209,11101.717672874209
0,53199.0,82567.0,Other,3.0,0.0,1.0,185.3250354,0.0,13.0,27.39038041,0.15378359679715115,0.4,53199.0,0.16885085536895006,112283.70818465967,8982.696654772773,8982.696654772773
0,58606.0,83010.0,Other,1.0,0.0,0.0,125.3258854,3.0,11.0,35.99961072,0.2509616312706055,0.4,58606.0,0.18585936817383608,136155.92663994795,10892.474131195837,10892.474131195837
0,159661.0,183244.0,ProfExe,7.0,,1.0,210.1152209,4.0,26.0,43.76819178,0.3693690328493899,0.4,159661.0,0.18243879075326105,364104.49713070516,29128.359770456413,29128.359770456413
0,107653.0,129752.0,ProfExe,8.0,0.0,0.0,181.0272753,2.0,32.0,29.46672103,0.07328693491887016,0.4,107653.0,0.12712171569999017,171062.92575313803,13685.034060251042,13685.034060251042
0,37346.0,53511.0,Other,23.0,0.0,0.0,136.9569407,0.0,22.0,39.43166373,0.1508316587047524,0.4,37346.0,0.1678990424991022,78379.47051464338,6270.357641171471,6270.357641171471
0,99160.0,114619.0,Office,2.0,0.0,0.0,142.2125619,0.0,22.0,35.94987705,0.07078001511603445,0.4,99160.0,0.12508994100326978,155048.9818735529,12403.918549884233,12403.918549884233
0,66293.0,92423.0,Office,27.0,0.0,0.0,169.7238883,1.0,14.0,41.23216256,0.09690138387783362,0.4,66293.0,0.14352269176781882,118931.87256705016,9514.549805364013,9514.549805364013
0,117391.0,210072.0,ProfExe,1.0,0.0,0.0,136.6209694,1.0,14.0,27.12488931,0.10843679995017551,0.4,117391.0,0.1500425639297135,220170.58277841247,17613.646622272998,17613.646622272998
0,54546.0,62906.0,Mgr,3.0,0.0,0.0,175.5198745,1.0,16.0,28.64818571,0.08894454086580611,0.4,54546.0,0.13849808636441477,94431.4577354171,7554.516618833369,7554.516618833368
0,49349.0,70078.0,Other,9.0,0.0,0.0,240.9080591,0.0,17.0,31.75405395,0.06558817538431573,0.4,49349.0,0.12067117082793313,74437.5201148459,5955.001609187672,5955.001609187672
0,56516.0,78392.0,Other,0.0,0.0,1.0,195.7233219,0.0,13.0,27.33744139,0.148078883296409,0.4,56516.0,0.1669815205415967,117964.095186611,9437.12761492888,9437.127614928879
1,40932.0,72172.0,Other,20.0,0.0,0.0,162.0440104,0.0,16.0,37.51836575,0.1359843574437639,0.4,40932.0,0.16258867220355877,83188.49413295084,6655.079530636068,6655.079530636068
0,100241.0,113073.0,Other,17.0,0.0,1.0,197.2736792,1.0,15.0,39.46758845,0.27684677500627924,0.4,100241.0,0.18686927077720344,234149.53214972065,18731.962571977652,18731.962571977652
0,73624.0,103213.0,Other,10.0,0.0,0.0,201.6508442,0.0,20.0,19.55727283,0.03444862126222216,0.4,73624.0,0.08616508698682575,79297.72955397573,6343.818364318059,6343.818364318059
0,,,,,,,,,,25.13244854,0.06720148786974899,0.4,0.0,0.12207589390285517,0.0,0.0,0.0
0,,,,,,,,,,24.65967048,0.06520507145549952,0.4,0.0,0.12033325775538939,0.0,0.0,0.0
0,206527.0,227737.0,ProfExe,11.0,0.0,0.0,225.2013256,0.0,22.0,31.12184071,0.0605552753827128,0.4,206527.0,0.11609310932692196,299704.5198745151,23976.361589961212,23976.361589961212
1,54151.0,83828.0,Other,13.0,0.0,0.0,132.1602699,0.0,16.0,23.47742628,0.07020328664697366,0.4,54151.0,0.12461340109322434,84349.25353248989,6747.940282599192,6747.940282599191
1,81030.0,100333.0,Mgr,11.0,0.0,1.0,80.14894304,4.0,29.0,42.31937039,0.5009651138371539,0.4,81030.0,0.16094728266399727,163019.47892829624,13041.5583142637,13041.558314263699
0,67867.0,78660.0,Other,3.0,,,159.8014934,,34.0,30.01090961,0.07501751528329068,0.4,67867.0,0.12848774365468008,109000.97123265215,8720.077698612173,8720.077698612173
0,48437.0,65311.0,Other,0.0,1.0,0.0,260.5552362,0.0,21.0,29.51628985,0.08558313902589725,0.4,48437.0,0.13623178165191135,82483.23509842038,6598.65880787363,6598.65880787363
1,51800.0,68000.0,ProfExe,6.0,,,,,,,0.1229037711285306,0.4,51800.0,0.15711105797193597,101729.41003682854,8138.352802946284,8138.352802946283
1,111000.0,124500.0,Sales,7.0,1.0,0.0,203.9,2.0,40.0,,0.3105795307280094,0.4,111000.0,0.18656967905223334,258865.4296849738,20709.234374797903,20709.234374797903
0,76783.0,95007.0,Mgr,6.0,0.0,0.0,140.9720223,2.0,26.0,42.15361693,0.2113180217587371,0.4,76783.0,0.18180399072566877,174493.19774861282,13959.455819889026,13959.455819889026
0,58592.0,87002.0,Office,13.0,0.0,0.0,139.5308428,0.0,24.0,37.53107709,0.07095383206365063,0.4,58592.0,0.1252328841996898,91720.56438785282,7337.645151028226,7337.645151028225
0,11986.0,48309.0,Office,23.0,0.0,0.0,265.2270609,0.0,20.0,28.49386194,0.019658305162979815,0.4,11986.0,0.06187225112648628,9270.010025025807,741.6008020020646,741.6008020020646
0,46043.0,62531.0,Other,4.0,0.0,0.0,183.9821005,0.0,13.0,26.10080257,0.07041901100574072,0.4,46043.0,0.12479205642701485,71822.50817586305,5745.800654069045,5745.800654069045
0,42801.0,51123.0,Other,23.0,0.0,1.0,127.839662,0.0,22.0,39.38959461,0.2913082745389244,0.4,42801.0,0.18694938357526497,100020.25708006145,8001.620566404916,8001.620566404916
1,67060.0,83989.0,Office,9.0,,3.0,116.4667574,2.0,24.0,43.57230751,0.6532559435615788,0.4,67060.0,0.12181542597325112,102111.78082207775,8168.94246576622,8168.94246576622
0,91040.0,114331.0,Other,12.0,0.0,0.0,175.8773501,0.0,26.0,34.74718504,0.09158640459833536,0.4,91040.0,0.1402178643979069,159567.92968481805,12765.434374785444,12765.434374785444
0,71531.0,87256.0,Office,26.0,0.0,0.0,167.1637357,1.0,14.0,40.37613759,0.09375492433371836,0.4,71531.0,0.14159069394493792,126601.54910719194,10128.123928575355,10128.123928575355
0,75139.0,105289.0,ProfExe,8.0,0.0,0.0,151.8511659,0.0,35.0,31.21070474,0.07047828643609713,0.4,75139.0,0.12484106104609785,117255.40607428433,9380.432485942747,9380.432485942747
0,77318.0,97616.0,Mgr,6.0,0.0,0.0,125.5348018,2.0,27.0,39.46266339,0.1927126144652718,0.4,77318.0,0.17865770059259325,172668.20118022658,13813.456094418127,13813.456094418125
0,85251.0,114023.0,ProfExe,1.0,1.0,2.0,143.6827959,0.0,33.0,31.91327241,0.4436098709928915,0.4,85251.0,0.17205856451307275,183352.05854129954,14668.164683303963,14668.164683303965
0,79151.0,110583.0,Other,4.0,0.0,0.0,79.3713845,1.0,13.0,33.58669163,0.21114686892116194,0.4,79151.0,0.18177898428210462,179849.85481141077,14387.988384912862,14387.988384912864
0,29100.0,39264.0,Other,7.0,0.0,0.0,93.39500247,2.0,12.0,31.28306102,0.19412049510860047,0.4,29100.0,0.17892720330192277,65084.7702010744,5206.781616085952,5206.781616085953
0,81694.0,101680.0,Other,0.0,0.0,0.0,159.3541041,1.0,22.0,40.1115783,0.17888758788582643,0.4,81694.0,0.17571588115880962,179436.66494234744,14354.933195387795,14354.933195387794
0,68729.0,90127.0,Office,23.0,0.0,0.0,163.9892789,1.0,14.0,39.42448779,0.09159573547627875,0.4,68729.0,0.14022384553571926,120468.05849780561,9637.44467982445,9637.44467982445
0,69770.0,87000.0,Other,6.0,0.0,0.0,201.9333333,3.0,19.0,,0.13690414500605264,0.4,69770.0,0.16294437820614452,142107.8658430338,11368.629267442704,11368.629267442702
1,94000.0,,Office,8.0,0.0,1.0,205.9333333,0.0,19.0,,0.09888005197578921,0.4,94000.0,0.14470249202114818,170025.4281248491,13602.034249987928,13602.03424998793
0,34655.0,57787.0,Other,31.0,0.0,0.0,244.9953846,0.0,18.0,21.4155043,0.02763525645684,0.4,34655.0,0.07592485243216057,32889.69701295656,2631.175761036525,2631.175761036525
0,64245.0,83823.0,Office,13.0,0.0,0.0,246.8377195,3.0,36.0,40.56013033,0.053300550700345666,0.4,64245.0,0.10891869976823534,87468.5233326285,6997.48186661028,6997.48186661028
0,39401.0,53758.0,Other,22.0,0.0,0.0,118.6463752,0.0,23.0,38.68944062,0.1562217192213748,0.4,39401.0,0.1696125535068259,83536.3027590306,6682.904220722448,6682.9042207224475
0,58566.0,74655.0,Mgr,5.0,,,116.7758176,,24.0,39.97705119,0.19742668274175368,0.4,58566.0,0.17953920024147624,131436.1600167787,10514.892801342297,10514.892801342297
0,105638.0,112608.0,Other,17.0,0.0,2.0,208.3068822,2.0,16.0,39.67790581,0.47167890983109323,0.4,105638.0,0.16691823528750652,220411.3567412702,17632.908539301618,17632.908539301614
0,59191.0,72716.0,Other,2.0,0.0,0.0,175.170441,1.0,17.0,35.55817128,0.13852523113185125,0.4,59191.0,0.16356235817491044,121017.74428413904,9681.419542731124,9681.419542731124
1,29891.0,76571.0,Other,2.0,0.0,0.0,29.05867023,3.0,11.0,31.45850053,0.30122179930867327,0.4,29891.0,0.18682069626385947,69803.21790028778,5584.257432023022,5584.257432023023
0,151991.0,179521.0,Office,6.0,0.0,0.0,186.8053299,0.0,55.0,34.19175206,0.02315746832754119,0.4,151991.0,0.06836173384223747,129879.60360519393,10390.368288415515,10390.368288415515
0,102905.0,117694.0,Office,1.0,0.0,0.0,137.1424731,1.0,21.0,35.86546621,0.08406831576216993,0.4,102905.0,0.13518077929307626,173884.72616442517,13910.778093154015,13910.778093154013
0,92734.0,114285.0,Mgr,11.0,0.0,0.0,236.0527728,0.0,24.0,28.66341681,0.04504493558257945,0.4,92734.0,0.09978753383720028,115671.21453573662,9253.69716285893,9253.69716285893
0,87270.0,97929.0,ProfExe,0.0,0.0,0.0,65.10749654,1.0,20.0,34.69636554,0.21459067249983818,0.4,87270.0,0.1822687668949334,198832.4410865105,15906.59528692084,15906.595286920838
0,90646.0,100744.0,Other,19.0,0.0,0.0,141.2084606,3.0,23.0,31.52637971,0.1310979545306289,0.4,90646.0,0.1606358761254966,182012.49534089706,14560.999627271765,14560.999627271765
0,66126.0,84472.0,Other,2.0,,,187.1791987,,34.0,29.99503841,0.06488085088714242,0.4,66126.0,0.12004596060478451,99226.98988689976,7938.15919095198,7938.15919095198
0,67038.0,110955.0,Office,9.0,0.0,0.0,147.1974137,0.0,12.0,37.08598608,0.08742549847334762,0.4,67038.0,0.1374849851617633,115208.9804409286,9216.718435274288,9216.718435274288
0,89510.0,102628.0,Other,20.0,0.0,0.0,117.8571727,3.0,24.0,28.53735409,0.12055340301493814,0.4,89510.0,0.15603897840595377,174588.1119639615,13967.04895711692,13967.048957116922
1,46266.0,62000.0,Other,7.0,0.0,0.0,77.13333333,5.0,18.0,,0.3052368391030954,0.4,46266.0,0.18672805685309066,107989.50347956365,8639.160278365092,8639.160278365092
0,83886.0,100782.0,ProfExe,5.0,0.0,0.0,115.076186,1.0,27.0,27.97970643,0.09566562877070253,0.4,83886.0,0.1427722135394213,149707.3738120987,11976.589904967896,11976.589904967896
0,31498.0,42695.0,Mgr,14.0,0.0,0.0,55.02158895,0.0,9.0,31.99275348,0.19258336782348723,0.4,31498.0,0.17863269026958578,70332.15597639265,5626.572478111412,5626.572478111413
0,149297.0,177044.0,Office,4.0,0.0,0.0,205.8739212,0.0,56.0,34.97573417,0.02166026712018243,0.4,149297.0,0.06565399700013373,122524.30987661207,9801.944790128966,9801.944790128966
1,117900.0,143433.0,Mgr,6.0,0.0,0.0,227.9328934,0.0,35.0,47.61976353,0.1268793283126564,0.4,117900.0,0.15886156876579852,234122.23696859556,18729.778957487644,18729.778957487644
0,55673.0,64582.0,Other,4.0,0.0,0.0,163.4166317,0.0,14.0,26.98743734,0.08158178771796354,0.4,55673.0,0.13341407738452715,92844.52412785975,7427.5619302287805,7427.5619302287805
0,88304.0,122178.0,Office,10.0,0.0,0.0,223.4548548,0.0,12.0,41.42995887,0.07541226787923057,0.4,88304.0,0.12879527093167548,142164.2200543834,11373.137604350672,11373.137604350672
0,50636.0,57838.0,Other,0.0,1.0,0.0,187.8253233,1.0,13.0,28.81347094,0.15827864446459725,0.4,50636.0,0.17023833777867003,107752.3558970092,8620.188471760735,8620.188471760735
0,52353.0,62740.0,Other,2.0,0.0,0.0,167.515516,0.0,13.0,37.3575814,0.15443178138856634,0.4,52353.0,0.1690554907615922,110632.02634802047,8850.562107841639,8850.562107841637
0,89492.0,110007.0,ProfExe,10.0,0.0,2.0,169.1919843,0.0,28.0,32.82003727,0.29960243417033683,0.4,89492.0,0.18685153881862415,209021.4738994539,16721.71791195631,16721.71791195631
0,19688.0,77998.0,ProfExe,20.0,0.0,2.0,407.2611669,0.0,12.0,22.83907899,0.06659222732931584,0.4,19688.0,0.1215488477394302,29913.171428673773,2393.053714293902,2393.053714293902
0,70167.0,90812.0,Office,25.0,0.0,0.0,177.0806266,2.0,13.0,40.22569567,0.10199310908855491,0.4,70167.0,0.14650573894378893,128498.35230586048,10279.868184468838,10279.868184468838
0,45215.0,66162.0,Other,4.0,0.0,0.0,170.7645169,0.0,14.0,39.24801492,0.16424911818759164,0.4,45215.0,0.17197013462785304,97195.37046497969,7775.629637198375,7775.629637198375
0,56957.0,73181.0,Other,29.0,1.0,3.0,179.096166,1.0,23.0,36.39479545,0.6973238639343786,0.4,56957.0,0.10845418693666292,77215.31406689389,6177.225125351511,6177.22512535151
0,56798.0,71364.0,Other,1.0,0.0,0.0,225.5857631,0.0,9.0,33.02128407,0.09610760853730255,0.4,56798.0,0.14304184984574195,101556.13734423064,8124.490987538451,8124.490987538451
0,61031.0,71550.0,Other,28.0,0.0,2.0,178.0872568,0.0,23.0,34.80242878,0.3167869825822614,0.4,61031.0,0.18633655784577757,142153.83077357063,11372.306461885652,11372.306461885652
0,18106.0,37881.0,Mgr,8.0,0.0,0.0,134.3841089,0.0,10.0,20.51596186,0.06487435511636044,0.4,18106.0,0.12004019215803315,27168.096490166852,2173.447719213348,2173.447719213348
1,64499.0,86000.0,Other,1.0,0.0,0.0,109.4,0.0,19.0,,0.16010726484178325,0.4,64499.0,0.17078197132527181,137690.82960635884,11015.266368508706,11015.266368508706
0,15374.0,59309.0,Other,6.0,2.0,0.0,355.1312291,1.0,21.0,15.82361555,0.03972692641436198,0.4,15374.0,0.0932546725544541,17921.216698152217,1433.6973358521773,1433.6973358521775
0,27787.0,44901.0,Other,8.0,,1.0,166.7262772,7.0,28.0,38.35512561,0.4263302746201103,0.4,27787.0,0.1749142844989643,60754.29029215901,4860.343223372721,4860.343223372721
0,81972.0,102295.0,ProfExe,5.0,0.0,0.0,107.4206093,0.0,26.0,24.72083108,0.0735581145867472,0.4,81972.0,0.12733771080211684,130476.58537338901,10438.12682987112,10438.126829871122
0,,28981.0,,28.0,0.0,0.0,203.902855,0.0,4.0,25.7409307,0.06410925425608721,0.4,0.0,0.11935731595365169,0.0,0.0,0.0
0,61509.0,77065.0,Other,6.0,0.0,0.0,172.8544902,2.0,17.0,35.39086131,0.15183689866044742,0.4,61509.0,0.1682268558239834,129343.32093596744,10347.465674877396,10347.465674877394
0,80587.0,110064.0,Other,6.0,0.0,0.0,85.00919673,1.0,13.0,33.99003975,0.20791995726284973,0.4,80587.0,0.1812943035287462,182624.5504808884,14609.964038471073,14609.964038471071
0,72931.0,96803.0,Other,6.0,0.0,0.0,208.6728918,2.0,18.0,41.05223501,0.17247639247879065,0.4,72931.0,0.17415948334506515,158770.31599798682,12701.625279838947,12701.625279838947
1,29461.0,49326.0,ProfExe,11.0,0.0,0.0,171.5976685,1.0,8.0,38.91799988,0.1916947847724877,0.4,29461.0,0.17845950845132663,65719.94473105668,5257.595578484535,5257.595578484534
0,78766.0,106450.0,ProfExe,6.0,0.0,0.0,107.9513117,0.0,26.0,24.87099388,0.0735762438928024,0.4,78766.0,0.12735212489628722,125387.71836976199,10031.01746958096,10031.01746958096
0,49268.0,72430.0,ProfExe,19.0,0.0,0.0,192.3644746,0.0,15.0,23.61710487,0.04951343954144449,0.4,49268.0,0.1048694406114945,64583.845000588895,5166.707600047112,5166.707600047112
0,39386.0,53149.0,Other,4.0,0.0,0.0,110.4779566,1.0,16.0,38.52175901,0.22556514751556594,0.4,39386.0,0.1836474746648161,90414.24296435558,7233.139437148447,7233.139437148447
0,67395.0,94355.0,Office,8.0,0.0,0.0,214.4844926,3.0,28.0,40.97046682,0.08015971130081752,0.4,67395.0,0.13237981529550533,111521.72064800726,8921.737651840582,8921.737651840582
0,53951.0,70095.0,Other,28.0,0.0,3.0,212.3869245,1.0,24.0,36.72874424,0.5144610535003675,0.4,53951.0,0.15800256280538277,106554.95332391508,8524.396265913207,8524.396265913207
0,,72175.0,Other,,0.0,0.0,367.9400249,0.0,6.0,36.56113974,0.05660845942107783,0.4,0.0,0.1122797977903563,0.0,0.0,0.0
0,29196.0,42682.0,Other,9.0,,0.0,143.1080607,6.0,28.0,37.29840496,0.2392523679452099,0.4,29196.0,0.18500091406328634,67516.08358739634,5401.286686991707,5401.286686991708
0,96172.0,112123.0,ProfExe,14.0,0.0,0.0,181.8918044,1.0,18.0,36.22557157,0.12636353635554368,0.4,96172.0,0.15863882468513424,190707.66309523414,15256.613047618732,15256.61304761873
0,88614.0,116994.0,ProfExe,13.0,0.0,2.0,188.8241991,0.0,28.0,32.61950164,0.26903833437472835,0.4,88614.0,0.18668640642127954,206787.86523269082,16543.029218615266,16543.029218615266
0,16913.0,48587.0,Office,23.0,0.0,0.0,264.9921562,0.0,20.0,30.62263556,0.022696349037158784,0.4,16913.0,0.06753816338171852,14278.411965937566,1142.2729572750054,1142.2729572750052
1,125969.0,144076.0,Other,4.0,0.0,0.0,110.1931963,2.0,30.0,48.9777317,0.3305114979629377,0.4,125969.0,0.18564100688050644,292312.64994663146,23385.011995730518,23385.011995730518
1,70000.0,90704.0,Other,15.0,0.0,3.0,142.1666667,0.0,37.0,,0.5011452361745401,0.4,70000.0,0.16090875814853486,140795.163379968,11263.61307039744,11263.613070397441
1,34000.0,65000.0,Other,4.5,0.0,1.0,148.5,2.0,24.0,,0.27406094828193217,0.4,34000.0,0.18681560428094862,79396.63181940316,6351.730545552253,6351.730545552253
0,38200.0,64764.0,ProfExe,4.0,0.0,0.0,211.0666667,3.0,18.0,,0.13409679822913181,0.4,38200.0,0.16184703720292243,77281.96026439547,6182.556821151637,6182.5568211516365
0,6793.0,47700.0,ProfExe,4.0,0.0,0.0,304.3666667,0.0,16.0,,0.059057676964618465,0.4,6793.0,0.11467033907026021,9736.94516630347,778.9556133042777,778.9556133042776
0,59000.0,83187.0,Other,,0.0,0.0,292.1,0.0,20.0,,0.05724471957871847,0.4,59000.0,0.11290860084569587,83270.0931237007,6661.607449896056,6661.607449896056
0,61612.0,99132.0,ProfExe,8.0,0.0,0.0,262.7333333,1.0,12.0,,0.08902955350949811,0.4,61612.0,0.13855425451400702,106707.5591139625,8536.604729117,8536.604729117
0,,25425.0,Other,13.0,,,90.93333333,2.0,9.0,,0.24297689554985033,0.4,0.0,0.18530288607868084,0.0,0.0,0.0
0,20200.0,37245.0,ProfExe,21.0,0.0,1.0,199.9,2.0,16.0,,0.22893106182271722,0.4,20200.0,0.18401686066092027,46464.257316882366,3717.1405853505894,3717.1405853505894
1,7200.0,24869.0,Other,0.7,9.0,1.0,193.8,0.0,9.0,,0.9843738663765433,0.4,7200.0,0.006194712873930453,557.5241586537408,44.601932692299265,44.601932692299265
1,41193.0,58000.0,Other,18.0,3.0,2.0,66.93333333,4.0,7.0,,0.9320171620339507,0.4,41193.0,0.026482570323124222,13636.2064915057,1090.896519320456,1090.896519320456
1,36223.0,,Other,9.0,1.0,0.0,132.8666667,0.0,14.0,,0.24053740756231265,0.4,36223.0,0.18510821095566957,83814.68406809024,6705.174725447219,6705.174725447218
1,43744.0,60000.0,Self,22.0,0.0,1.0,21.26666667,1.0,15.0,,0.5778528111755592,0.4,43744.0,0.1427106976931934,78034.20949863814,6242.736759891051,6242.736759891051
1,94941.0,120000.0,ProfExe,0.1,0.0,0.0,132.8666667,0.0,21.0,,0.13676723577920924,0.4,94941.0,0.16289166570509567,193313.7204213436,15465.097633707488,15465.097633707488
1,137618.0,159000.0,ProfExe,9.0,2.0,6.0,106.5333333,6.0,37.0,,0.9898706218259069,0.4,137618.0,0.004024646736314486,6923.2979319765855,553.8638345581269,553.8638345581269
1,47000.0,60000.0,Self,1.0,0.0,0.0,,3.0,12.0,,0.29030908949465456,0.4,47000.0,0.1869542567621514,109835.62584776395,8786.850067821117,8786.850067821117
1,177000.0,200000.0,Mgr,3.0,0.0,2.0,195.8333333,1.0,50.0,,0.22709683085799395,0.4,177000.0,0.18381859693111552,406698.6457100931,32535.89165680745,32535.891656807446
1,60000.0,86400.0,Other,12.0,0.0,2.0,149.1666667,0.0,28.0,,0.35478917005040367,0.4,60000.0,0.1838422480758231,137881.68605686733,11030.534884549386,11030.534884549386
1,111000.0,137813.0,Mgr,6.0,2.0,2.0,138.3333333,3.0,65.0,,0.5471632719368758,0.4,111000.0,0.1504005972996621,208680.82875328115,16694.46630026249,16694.46630026249
1,152029.0,173750.0,ProfExe,20.0,0.0,0.0,19.33333333,7.0,5.0,,0.49657936691368904,0.4,152029.0,0.1618786939538657,307628.19953890314,24610.255963112253,24610.25596311225
0,26863.0,44218.0,Other,10.0,0.0,0.0,92.99959341,2.0,11.0,29.11293616,0.1726426032189972,0.4,26863.0,0.17420145141495752,58494.66986700005,4679.573589360004,4679.573589360004
0,110094.0,145807.0,ProfExe,2.0,0.0,0.0,285.2759347,0.0,45.0,35.04547106,0.03577330495677274,0.4,110094.0,0.08800687978232669,121112.86778444343,9689.029422755475,9689.029422755475
0,66014.0,85528.0,Office,4.0,2.0,3.0,185.6449939,2.0,30.0,39.41871848,0.7331928227921128,0.4,66014.0,0.09703175999244854,80068.18255176872,6405.454604141498,6405.454604141498
0,61865.0,72045.0,ProfExe,0.0,0.0,0.0,172.6966846,2.0,34.0,42.56558229,0.17020088633310834,0.4,61865.0,0.1735760559360344,134228.5337560346,10738.282700482769,10738.282700482769
0,,25552.0,,28.0,0.0,0.0,198.0728056,0.0,5.0,25.50782049,0.06384735464895737,0.4,0.0,0.11912198306812954,0.0,0.0,0.0
0,77355.0,114400.0,,,,,,,,,0.12287613667008887,0.4,77355.0,0.1570986157876793,151904.54280319918,12152.363424255935,12152.363424255933
0,44875.0,57713.0,Other,0.0,1.0,0.0,184.9903244,1.0,12.0,28.60207607,0.16166908519017803,0.4,44875.0,0.17123697467403598,96053.24048121706,7684.259238497365,7684.259238497365
0,110097.0,210595.0,ProfExe,3.0,0.0,0.0,122.6386999,0.0,15.0,29.32751367,0.11478218371908888,0.4,110097.0,0.15328402014659123,210951.38457599067,16876.110766079255,16876.110766079255
0,60719.0,73677.0,Other,11.0,0.0,0.0,256.7103553,0.0,26.0,27.31010697,0.0364940391405316,0.4,60719.0,0.08899071469388037,67542.84006872153,5403.427205497723,5403.427205497722
0,80277.0,106799.0,Other,3.0,0.0,0.0,67.11166592,2.0,14.0,37.29777299,0.2940863775015503,0.4,80277.0,0.18692794916859867,187575.18719259495,15006.014975407597,15006.014975407596
0,40996.0,58938.0,Mgr,,,,,,,35.80961273,0.125419288455736,0.4,40996.0,0.15822770777223072,81083.78884787964,6486.703107830371,6486.703107830371
0,48153.0,70059.0,Other,11.0,0.0,0.0,242.6505336,0.0,18.0,30.89311822,0.059398206728382606,0.4,48153.0,0.11499639850274151,69217.76971378141,5537.421577102513,5537.421577102512
0,70878.0,86743.0,ProfExe,10.0,0.0,0.0,174.8817439,0.0,11.0,39.78440826,0.168873641810075,0.4,70878.0,0.17322805134542651,153475.72279076427,12278.057823261142,12278.05782326114
0,74832.0,98616.0,ProfExe,6.0,0.0,0.0,101.3622896,1.0,26.0,27.02148065,0.09844062295529822,0.4,74832.0,0.14444277306916645,135111.76992889828,10808.941594311864,10808.941594311864
0,59608.0,72561.0,Other,30.0,1.0,2.0,195.5387113,1.0,24.0,36.61107299,0.4835966520590726,0.4,59608.0,0.16455999079753245,122613.64914324142,9809.091931459314,9809.091931459314
0,69259.0,75149.0,Office,11.0,0.0,0.0,240.4102919,3.0,37.0,40.73560441,0.05539608248612173,0.4,69259.0,0.11106608565157448,96154.07532677996,7692.326026142397,7692.3260261423975
1,,,ProfExe,0.75,,,,,,,0.12683604870850387,0.4,0.0,0.1588429278907334,0.0,0.0,0.0
0,64897.0,81598.0,Sales,7.0,0.0,0.0,130.6484684,0.0,34.0,26.50010508,0.16108536933899695,0.4,64897.0,0.1710679174878234,138772.43301509097,11101.794641207278,11101.794641207276
0,,47568.0,Other,0.0,0.0,0.0,319.5959373,0.0,8.0,25.83678517,0.03704110174380173,0.4,0.0,0.0897291480443094,0.0,0.0,0.0
1,22422.0,34800.0,Office,2.6,2.0,0.0,93.3,1.0,3.0,,0.34921937646363804,0.4,22422.0,0.1843160862004396,51659.19105982821,4132.735284786257,4132.735284786257
0,82411.0,103833.0,Other,21.0,0.0,0.0,135.8630384,4.0,24.0,29.21582663,0.12767642615253874,0.4,82411.0,0.15920327570711754,164001.2644287408,13120.101154299264,13120.101154299264
0,70368.0,87407.0,Other,2.0,0.0,0.0,232.9947127,3.0,26.0,29.66798564,0.07495025827120426,0.4,70368.0,0.12843519861182326,112971.60069895974,9037.72805591678,9037.72805591678
0,,65933.0,,0.0,0.0,0.0,,0.0,0.0,3.657370718,0.023574483914136458,0.4,0.0,0.0690988463256396,0.0,0.0,0.0
0,50552.0,59889.0,Other,4.0,0.0,0.0,178.6123626,0.0,13.0,38.76331381,0.15662788770940678,0.4,50552.0,0.16973733317223,107257.02083153214,8580.561666522572,8580.561666522572
0,73987.0,106557.0,Office,9.0,0.0,0.0,149.4525291,1.0,13.0,37.00852693,0.09495919176808619,0.4,73987.0,0.14233839365132303,131639.88413850547,10531.190731080438,10531.190731080436
0,61853.0,73480.0,Other,13.0,0.0,0.0,258.9371542,0.0,26.0,28.73085117,0.03904362173524197,0.4,61853.0,0.0923730396231228,71419.37024761266,5713.549619809013,5713.549619809014
0,97287.0,123281.0,Other,9.0,0.0,0.0,162.9937439,0.0,26.0,34.17834568,0.09651580476124709,0.4,97287.0,0.1432896665741398,174252.77239997924,13940.22179199834,13940.22179199834
0,59460.0,72387.0,Other,29.0,1.0,2.0,182.1817822,0.0,24.0,34.78513256,0.4410153978113152,0.4,59460.0,0.17250289559722987,128212.7771526411,10257.022172211287,10257.022172211287
1,54000.0,74750.0,Other,14.0,1.0,0.0,92.4,0.0,9.0,,0.3035957075466012,0.4,54000.0,0.18676868929387627,126068.86527336648,10085.509221869319,10085.509221869319
0,58039.0,68558.0,Other,29.0,1.0,2.0,184.8800106,1.0,23.0,37.34734877,0.5193487048403663,0.4,58039.0,0.15690755995296457,113834.47340137638,9106.75787211011,9106.75787211011
0,44817.0,59544.0,Other,,0.0,0.0,71.46170475,0.0,15.0,41.60981324,0.2845356141633545,0.4,44817.0,0.18695255628541085,104733.15893804072,8378.652715043258,8378.652715043258
0,155478.0,183646.0,Office,5.0,0.0,0.0,196.2413709,1.0,55.0,35.60287536,0.02759728459574066,0.4,155478.0,0.07586377505035702,147439.3502159926,11795.148017279409,11795.148017279409
0,,69139.0,,0.0,1.0,0.0,,0.0,1.0,1.565931047,0.035474324533521444,0.4,0.0,0.0875950291853444,0.0,0.0,0.0
0,70069.0,88303.0,Other,3.0,0.0,0.0,240.8560165,2.0,25.0,29.06412827,0.06196772893028216,0.4,70069.0,0.11740892215304206,102834.07207926881,8226.725766341504,8226.725766341504
0,69195.0,79252.0,Office,13.0,0.0,0.0,248.7881304,3.0,37.0,41.90560462,0.05627597451661466,0.4,69195.0,0.11194899053457717,96828.88000050085,7746.310400040068,7746.310400040067
0,69697.0,91722.0,Office,24.0,1.0,0.0,183.5237293,1.0,14.0,39.75217179,0.1409330856760508,0.4,69697.0,0.1644595541666115,143279.219334379,11462.337546750321,11462.337546750323
0,58549.0,81381.0,Office,13.0,0.0,0.0,94.68710666,0.0,24.0,38.41275614,0.095624628037402,0.4,58549.0,0.14274713114144708,104471.27226500731,8357.701781200585,8357.701781200585
0,15346.0,30809.0,Office,7.0,0.0,1.0,89.65253609,0.0,16.0,18.10528202,0.0696666526663972,0.4,15346.0,0.12416685868465199,23818.30766718337,1905.4646133746696,1905.4646133746694
1,65372.0,81426.0,Other,4.0,,1.0,102.6208363,3.0,29.0,38.93416913,0.40040726168490515,0.4,65372.0,0.17871791648857058,146039.34545863545,11683.147636690835,11683.147636690835
1,65997.0,88000.0,Other,2.0,0.0,0.0,113.2333333,2.0,25.0,,0.17372535316831747,0.4,65997.0,0.17447270765110934,143933.44108562826,11514.67528685026,11514.675286850263
0,93254.0,125738.0,Mgr,3.0,0.0,3.0,156.5454512,0.0,25.0,42.73666557,0.6842508549504859,0.4,93254.0,0.11249835600301275,131136.52113381188,10490.92169070495,10490.92169070495
0,22270.0,38437.0,Office,5.0,0.0,1.0,107.7733867,0.0,17.0,20.64319968,0.07345603689761941,0.4,22270.0,0.12725649113749438,35425.02572039999,2834.0020576319994,2834.002057632
0,77241.0,112904.0,Other,5.0,0.0,0.0,68.54904501,2.0,14.0,34.53524372,0.25227084240593506,0.4,77241.0,0.18593907779028906,179526.50384499648,14362.120307599718,14362.120307599718
0,81654.0,114333.0,Other,5.0,0.0,0.0,97.96296166,1.0,13.0,33.74336765,0.19402290269931718,0.4,81654.0,0.17890869451016225,182607.63176915987,14608.61054153279,14608.61054153279
0,71775.0,80480.0,Other,0.0,0.0,0.0,240.6435766,3.0,25.0,29.26799242,0.07249773634877255,0.4,71775.0,0.12648895384601536,113484.3082787219,9078.744662297753,9078.744662297751
0,28428.0,34477.0,Other,0.0,,,,,,39.37026271,0.16660149197519075,0.4,28428.0,0.17261889999220095,61340.12611222861,4907.210088978289,4907.210088978289
0,59422.0,88308.0,Other,,0.0,0.0,294.7820846,0.0,19.0,29.95255446,0.04187986639408234,0.4,59422.0,0.09596761682284169,71282.34658558625,5702.587726846899,5702.5877268468985
0,117985.0,138969.0,ProfExe,16.0,,1.0,178.0647524,0.0,33.0,29.95423093,0.11495141055971296,0.4,117985.0,0.153367355636837,226188.09318515268,18095.047454812215,18095.047454812215
1,58000.0,75000.0,Mgr,6.6,0.0,1.0,226.2,1.0,33.0,,0.13853884866752703,0.4,58000.0,0.16356750146972912,118586.43856555363,9486.91508524429,9486.915085244289
0,96201.0,124892.0,Mgr,3.0,0.0,3.0,178.0344633,0.0,26.0,40.10275183,0.6090948441223781,0.4,96201.0,0.13437852583354037,161591.8570464052,12927.348563712416,12927.348563712418
0,76663.0,96022.0,ProfExe,10.0,2.0,0.0,180.0294503,1.0,30.0,27.04500676,0.1646833352189704,0.4,76663.0,0.1720912904870977,164912.93253265464,13193.034602612372,13193.034602612372
0,80059.0,121790.0,,,,,,,,34.5618314,0.12064246968912448,0.4,80059.0,0.15608011963162954,156195.22871985787,12495.61829758863,12495.61829758863
0,61414.0,72101.0,Other,12.0,0.0,0.0,260.0716499,0.0,27.0,27.28688203,0.034735051093217166,0.4,61414.0,0.08656708621556118,66455.38791053093,5316.431032842474,5316.431032842474
0,81944.0,108768.0,Other,5.0,0.0,0.0,81.10679915,1.0,13.0,33.86964175,0.21151611461300934,0.4,81944.0,0.18183284585288342,186251.38400710849,14900.110720568679,14900.110720568679
1,67483.0,85454.0,ProfExe,16.0,0.0,2.0,335.9893152,1.0,14.0,30.37586285,0.16938150982726138,0.4,67483.0,0.17336189101587843,146237.25614280652,11698.980491424521,11698.980491424523
1,60014.0,75695.0,Sales,1.0,0.0,,182.0643734,1.0,20.0,40.20667111,0.3720558466472993,0.4,60014.0,0.1821552102303223,136648.28483453204,10931.862786762564,10931.862786762562
0,64002.0,88174.0,Other,3.0,,,157.9169897,,34.0,29.79823118,0.0747827317276246,0.4,64002.0,0.12830412761458374,102646.50969485735,8211.720775588588,8211.720775588588
0,,72583.0,,1.0,0.0,0.0,,0.0,0.0,3.72042142,0.023515912905254503,0.4,0.0,0.06899575127259472,0.0,0.0,0.0
0,35000.0,44195.0,Other,8.0,0.0,0.0,91.92352891,0.0,4.0,35.24312086,0.22569828371624903,0.4,35000.0,0.1836625510747616,80352.3660952082,6428.189287616656,6428.189287616656
0,14212.0,57608.0,ProfExe,3.0,0.0,0.0,322.004542,0.0,16.0,15.91676921,0.015362656810322076,0.4,14212.0,0.053026660975850494,9420.186322359841,753.6149057887873,753.6149057887873
0,57878.0,69907.0,ProfExe,1.0,0.0,0.0,154.4848138,2.0,35.0,41.11915349,0.16726687993092834,0.4,57878.0,0.1727990516847044,125015.79391759154,10001.263513407323,10001.263513407323
1,45860.0,63500.0,ProfExe,7.0,0.0,0.0,127.7666667,4.0,9.0,,0.2583307895141266,0.4,45860.0,0.18626692425185631,106777.51432737663,8542.201146190131,8542.201146190131
0,153411.0,182014.0,ProfExe,7.0,,0.0,198.39162,3.0,25.0,41.98711554,0.18468915766306707,0.4,153411.0,0.1770172149430986,339454.84952044627,27156.3879616357,27156.3879616357
0,44509.0,72292.0,ProfExe,3.0,0.0,0.0,208.9206936,3.0,17.0,37.05572455,0.1579865654083317,0.4,44509.0,0.17015040422226294,94665.30426910876,7573.224341528701,7573.224341528701
0,38232.0,59482.0,Mgr,,,,,,,36.02710417,0.1270580462178531,0.4,38232.0,0.15893844847305194,75956.68452527153,6076.534762021723,6076.534762021722
0,81574.0,103760.0,ProfExe,6.0,0.0,0.0,118.918494,0.0,27.0,24.76962193,0.06737823136093934,0.4,81574.0,0.12222801479872905,124632.85098989404,9970.628079191523,9970.628079191523
0,86360.0,116111.0,Mgr,8.0,0.0,0.0,232.2921386,0.0,24.0,32.01270136,0.05828184924143752,0.4,86360.0,0.11392179436971822,122978.57702211083,9838.286161768867,9838.286161768865
0,85532.0,115800.0,ProfExe,11.0,0.0,1.0,175.1914887,0.0,27.0,34.23139353,0.17361504733994837,0.4,85532.0,0.17444524226405314,186508.13076661242,14920.650461328994,14920.650461328993
0,,27136.0,,27.0,0.0,0.0,210.9969755,1.0,4.0,23.80714773,0.062058758403834346,0.4,0.0,0.11749287345668802,0.0,0.0,0.0
0,74609.0,115056.0,Other,6.0,0.0,0.0,77.4451063,2.0,14.0,36.86921264,0.27159538701539304,0.4,74609.0,0.18675744591628915,174172.32852960523,13933.786282368419,13933.786282368417
0,66174.0,79957.0,Other,2.0,,,175.962695,,34.0,31.56344122,0.07623216683621145,0.4,66174.0,0.12942925410877323,107060.6432674245,8564.85146139396,8564.85146139396
0,66502.0,78138.0,Other,4.0,0.0,0.0,178.1121065,1.0,16.0,33.79509124,0.12387699127119342,0.4,66502.0,0.1575468015712964,130964.71747617943,10477.177398094354,10477.177398094354
0,79512.0,92224.0,Other,9.0,0.0,0.0,159.2070876,4.0,22.0,38.94860467,0.2198200249519224,0.4,79512.0,0.1829596511940549,181843.59732177117,14547.487785741694,14547.487785741694
0,55505.0,76841.0,Other,0.0,0.0,0.0,222.9130724,0.0,10.0,32.96863267,0.09577319598196392,0.4,55505.0,0.14283796229763643,99102.76371662888,7928.22109733031,7928.22109733031
0,50039.0,63784.0,Other,3.0,0.0,0.0,176.8461955,0.0,13.0,27.86558873,0.08236203013985552,0.4,50039.0,0.1339740963115673,83799.12256668144,6703.929805334516,6703.929805334516
1,25698.0,58760.0,Self,15.0,0.0,0.0,147.9109824,1.0,10.0,30.96207665,0.20966407910099952,0.4,25698.0,0.1815593969660983,58321.41729043493,4665.7133832347945,4665.713383234794
0,44952.0,56394.0,Other,,0.0,0.0,74.43599333,0.0,14.0,41.0603207,0.2780250353307358,0.4,44952.0,0.1868881662515001,105012.46061671792,8400.996849337433,8400.996849337433
0,49491.0,69028.0,ProfExe,16.0,0.0,0.0,195.8776327,0.0,15.0,24.87750841,0.05371591433996671,0.4,49491.0,0.10934944221131762,67647.665556004,5411.81324448032,5411.8132444803205
0,53699.0,68084.0,Other,3.0,0.0,0.0,169.8524493,0.0,14.0,25.10971349,0.07040359354700085,0.4,53699.0,0.12477930437998408,83756.54832375956,6700.5238659007655,6700.5238659007655
1,131524.0,148356.0,Other,4.0,1.0,0.0,110.7417416,2.0,29.0,48.34023474,0.4642951723249143,0.4,131524.0,0.1683279871965303,276739.6273504557,22139.170188036453,22139.170188036453
0,156455.0,180313.0,ProfExe,6.0,,1.0,210.7182561,4.0,25.0,40.2473728,0.32098826531933083,0.4,156455.0,0.1861495601194586,364050.3678561237,29124.0294284899,29124.029428489896
0,53294.0,69042.0,Other,0.0,0.0,0.0,214.3620435,0.0,9.0,36.30954976,0.1252732457464919,0.4,53294.0,0.15816373359850458,105364.72522998379,8429.178018398703,8429.178018398703
0,88810.0,102409.0,Other,19.0,0.0,0.0,145.7565967,4.0,24.0,31.33641826,0.1392449145893818,0.4,88810.0,0.16383309509750582,181875.21469511866,14550.017175609493,14550.017175609491
0,102700.0,121216.0,,3.0,0.0,0.0,124.5640179,1.0,25.0,34.95327869,0.1468004956119814,0.4,102700.0,0.16654539329490523,213802.64864233456,17104.211891386767,17104.211891386767
1,58307.0,71810.0,Other,9.0,0.0,2.0,82.70830934,2.0,32.0,36.94779822,0.5326501002457068,0.4,58307.0,0.1538532115481473,112133.9900717228,8970.719205737825,8970.719205737825
0,9698.0,65524.0,Other,9.0,1.0,0.0,345.5431065,1.0,21.0,15.76191917,0.023203473009382778,0.4,9698.0,0.06844340638352288,8297.051938842562,663.7641551074049,663.7641551074049
0,98701.0,129679.0,ProfExe,10.0,0.0,0.0,179.127926,2.0,32.0,29.54928351,0.0735017243619934,0.4,98701.0,0.12729285579320557,157049.15199556478,12563.932159645183,12563.932159645183
1,111000.0,131000.0,ProfExe,14.0,0.0,0.0,165.3333333,2.0,26.0,,0.12140425956047887,0.4,111000.0,0.15643033518209146,217047.0900651519,17363.767205212152,17363.767205212152
0,67941.0,84973.0,Office,6.0,1.0,3.0,179.9770702,3.0,30.0,37.42893752,0.6083901580080991,0.4,67941.0,0.13457174907464017,114286.7400485016,9142.939203880129,9142.939203880129
0,51225.0,69361.0,Other,0.0,0.0,0.0,261.1896369,0.0,21.0,28.95306771,0.047529397978436194,0.4,51225.0,0.10265572011464899,65731.74078591118,5258.539262872895,5258.539262872894
0,94102.0,114147.0,Office,2.0,0.0,0.0,137.707783,0.0,21.0,36.80162473,0.07820113492388882,0.4,94102.0,0.13092602981365423,154005.01571905613,12320.40125752449,12320.40125752449
0,30507.0,47990.0,Other,7.0,,0.0,149.935294,6.0,29.0,38.92926589,0.2506895855082002,0.4,30507.0,0.18584240329372653,70868.67746602144,5669.494197281716,5669.494197281715
0,65662.0,92050.0,Other,2.0,0.0,0.0,20.7592153,1.0,3.0,42.00939008,0.4617378408121247,0.4,65662.0,0.16880686815254817,138552.45720790772,11084.196576632618,11084.196576632618
0,78465.0,97506.0,Other,5.0,3.0,0.0,71.44366499,1.0,21.0,24.47029999,0.41969933093315936,0.4,78465.0,0.1759437358315141,172567.8154002469,13805.425232019754,13805.425232019754
1,5900.0,55320.0,Other,3.0,2.0,2.0,234.0218164,3.0,16.0,19.089301,0.4329011214428276,0.4,5900.0,0.1738573571258091,12821.980088028422,1025.7584070422738,1025.7584070422738
0,60174.0,81944.0,Other,1.0,0.0,0.0,125.3854461,3.0,9.0,36.22986386,0.2626407701337284,0.4,60174.0,0.18645984710859603,140250.43549890822,11220.034839912658,11220.034839912658
0,100784.0,118708.0,Office,15.0,0.0,0.0,268.1075925,0.0,16.0,36.1587181,0.03709957102958795,0.4,100784.0,0.08980765178796962,113139.67972248414,9051.174377798732,9051.17437779873
0,69612.0,87728.0,Other,3.0,,,165.0302675,,35.0,30.44483907,0.0733568551485574,0.4,69612.0,0.12717747695345008,110663.48157104458,8853.078525683566,8853.078525683566
0,66737.0,71117.0,ProfExe,0.0,0.0,0.0,163.1318589,2.0,34.0,40.94386627,0.1626767737195901,0.4,66737.0,0.1715260463217081,143089.1719171479,11447.133753371832,11447.133753371832
0,95084.0,117279.0,Office,4.0,0.0,0.0,145.9623436,0.0,21.0,39.24466948,0.08606473176352676,0.4,95084.0,0.13656199606163516,162310.7604190565,12984.860833524519,12984.860833524517
0,,33664.0,Other,13.0,,,108.2170094,2.0,8.0,31.61392956,0.19186328457691704,0.4,0.0,0.17849251430547977,0.0,0.0,0.0
0,87175.0,115530.0,ProfExe,13.0,0.0,1.0,180.9451064,1.0,27.0,33.90005642,0.18271049353379196,0.4,87175.0,0.1765845186458432,192421.94266189227,15393.755412951383,15393.755412951381
0,68262.0,93841.0,Office,26.0,0.0,0.0,159.61702,1.0,14.0,40.75298037,0.09990578903350732,0.4,68262.0,0.14530370965634126,123984.0228570146,9918.721828561169,9918.721828561167
0,59941.0,69336.0,Other,29.0,1.0,2.0,182.6956696,1.0,24.0,35.51267298,0.4855300533995979,0.4,59941.0,0.1641679983133355,123004.92483624553,9840.393986899642,9840.393986899644
0,63572.0,102739.0,ProfExe,7.0,0.0,0.0,250.5613569,0.0,12.0,34.91379344,0.08501613947675705,0.4,63572.0,0.13584059368011744,107945.72776790532,8635.658221432426,8635.658221432426
0,88738.0,114815.0,Office,9.0,0.0,0.0,239.7437209,0.0,12.0,41.07711783,0.06786765384699645,0.4,88738.0,0.12264745598073044,136043.62436022575,10883.48994881806,10883.489948818058
0,63150.0,77787.0,Other,10.0,0.0,0.0,258.6215011,0.0,27.0,29.33014205,0.04059011250044323,0.4,63150.0,0.09435402442077556,74480.70802714971,5958.456642171977,5958.4566421719765
0,71698.0,93536.0,Other,6.0,0.0,0.0,202.4658818,2.0,19.0,42.81473465,0.19247627366771267,0.4,71698.0,0.17861193218740282,160076.4789246551,12806.118313972407,12806.118313972407
0,59352.0,87767.0,Other,,0.0,0.0,300.5794229,0.0,19.0,28.1182969,0.03592490036995048,0.4,59352.0,0.08821486415375593,65446.60771567153,5235.728617253722,5235.7286172537215
0,40023.0,67357.0,Mgr,,,,,,,38.31942585,0.14546356587221837,0.4,40023.0,0.16608237576303847,83088.9365645511,6647.114925164088,6647.114925164089
0,44586.0,73764.0,Other,2.0,0.0,0.0,263.9311707,0.0,21.0,29.96620202,0.04934017164170743,0.4,44586.0,0.10467872987076468,58340.07312522393,4667.205850017915,4667.205850017914
0,40786.0,66872.0,Mgr,,,,,,,35.36413972,0.12211922138887257,0.4,40786.0,0.15675632351466812,79918.29263586567,6393.4634108692535,6393.4634108692535
0,91734.0,114906.0,Other,12.0,0.0,0.0,211.8769452,3.0,15.0,38.10420812,0.16404878887048555,0.4,91734.0,0.1719140229006776,197129.5122096345,15770.36097677076,15770.360976770758
0,82036.0,104261.0,ProfExe,4.0,0.0,1.0,98.41775325,0.0,33.0,39.2941028,0.2994248557325483,0.4,82036.0,0.18685469075937494,191610.14263920102,15328.811411136081,15328.811411136083
0,109258.0,126101.0,,2.0,0.0,0.0,130.77657,1.0,25.0,33.53988748,0.13166241883212348,0.4,109258.0,0.16086697961269705,219700.0557315507,17576.004458524058,17576.004458524054
1,73000.0,97000.0,Other,12.0,1.0,0.0,145.2,0.0,23.0,,0.19009085951527077,0.4,73000.0,0.1781414219017296,162554.04748532825,13004.32379882626,13004.32379882626
1,70000.0,93500.0,Sales,25.0,0.0,0.0,250.6333333,0.0,46.0,,0.10099796997049748,0.4,70000.0,0.14593621520391484,127694.18830342549,10215.53506427404,10215.535064274038
0,47900.0,135500.0,Other,2.0,0.0,0.0,276.0666667,5.0,43.0,,0.07330554724148519,0.4,47900.0,0.1271365637271772,76123.01753164733,6089.841402531787,6089.841402531787
0,42000.0,62800.0,ProfExe,6.0,0.0,0.0,153.1666667,2.0,12.0,,0.17775049460691322,0.4,42000.0,0.17544906309933286,92110.75812714975,7368.86065017198,7368.8606501719805
1,65000.0,,ProfExe,14.0,0.0,2.0,105.5,4.0,34.0,,0.5080567873789579,0.4,65000.0,0.15941453286847904,129524.3079556392,10361.944636451137,10361.944636451137
1,80223.0,108491.0,ProfExe,4.0,0.0,4.0,127.8,2.0,27.0,,0.8085226576945009,0.4,80223.0,0.07163061107514879,71830.28140352077,5746.4225122816615,5746.4225122816615
1,83673.0,109000.0,Mgr,2.3,0.0,1.0,238.4,3.0,57.0,,0.10385960055911977,0.4,83673.0,0.1475567970573927,154331.49850229023,12346.519880183218,12346.51988018322
1,28000.0,85999.0,Other,0.0,6.0,4.0,227.2666667,6.0,37.0,,0.9910526950686798,0.4,28000.0,0.0035568301287704166,1244.890545069646,99.59124360557168,99.59124360557166
0,89184.0,116848.0,ProfExe,13.0,0.0,0.0,174.5064082,1.0,18.0,36.01089152,0.1303741956878527,0.4,89184.0,0.160337403375731,178744.13728326492,14299.530982661194,14299.530982661192
0,116123.0,145597.0,ProfExe,3.0,0.0,0.0,290.3107749,0.0,46.0,34.69906743,0.033011911625232725,0.4,116123.0,0.08411635734156257,122098.04704467839,9767.843763574272,9767.84376357427
0,67180.0,85634.0,Sales,5.0,0.0,0.0,147.3553126,0.0,35.0,28.52255337,0.16520743223223178,0.4,67180.0,0.1722366758677621,144635.7485599532,11570.859884796257,11570.859884796257
0,92989.0,111120.0,Other,13.0,0.0,0.0,209.4605943,3.0,15.0,39.52184453,0.17885319767443852,0.4,92989.0,0.17570786889414008,204236.2377574649,16338.899020597193,16338.899020597193
0,48832.0,144065.0,Other,1.0,0.0,0.0,268.5867999,4.0,43.0,42.69239671,0.11067342532611815,0.4,48832.0,0.15121149536542983,92299.49677105837,7383.95974168467,7383.959741684669
0,117604.0,136099.0,ProfExe,15.0,,0.0,188.2609728,1.0,32.0,31.63052886,0.0683269827084559,0.4,117604.0,0.1230387195669618,180873.0696994122,14469.845575952977,14469.845575952975
0,124696.0,200707.0,Office,0.0,0.0,1.0,348.669492,0.0,16.0,39.55070302,0.06849703812190326,0.4,124696.0,0.12318299332992853,192005.33170335958,15360.426536268767,15360.42653626877
0,117321.0,138746.0,ProfExe,14.0,,1.0,183.2620095,0.0,33.0,31.48679667,0.1241771333723327,0.4,117321.0,0.15768023220625338,231240.03153337317,18499.202522669853,18499.202522669853
0,94727.0,112683.0,Other,11.0,0.0,0.0,209.1299457,3.0,15.0,37.71410706,0.16356181795845567,0.4,94727.0,0.17177705427994808,203399.06275970803,16271.925020776644,16271.925020776642
0,66754.0,80156.0,Other,5.0,0.0,0.0,238.62182,3.0,26.0,31.55270697,0.0803129395046543,0.4,66754.0,0.13249210812667694,110554.7273236024,8844.378185888192,8844.378185888192
0,64799.0,84425.0,Office,14.0,0.0,0.0,115.3238836,0.0,24.0,36.85085748,0.07710445540179196,0.4,64799.0,0.13009679100653035,105376.774505402,8430.14196043216,8430.14196043216
0,115816.0,212995.0,ProfExe,1.0,0.0,0.0,114.8430305,1.0,14.0,26.3251112,0.1158115343649969,0.4,115816.0,0.15378849457347524,222639.6035940201,17811.168287521607,17811.168287521607
0,,35396.0,Other,11.0,,,101.7935233,1.0,8.0,32.66950311,0.19051850778634113,0.4,0.0,0.1782269259472681,0.0,0.0,0.0
0,,71904.0,,0.0,0.0,0.0,,0.0,0.0,3.265083387,0.022965447766427637,0.4,0.0,0.0680198767836788,0.0,0.0,0.0
0,87294.0,115183.0,ProfExe,11.0,0.0,2.0,185.3385058,0.0,28.0,35.54980874,0.31755745817582437,0.4,87294.0,0.18630401117071238,203290.27938920207,16263.222351136166,16263.222351136166
0,66178.0,104378.0,ProfExe,6.0,0.0,0.0,263.9610151,0.0,11.0,36.43846627,0.08936969195113062,0.4,66178.0,0.13877842880472088,114800.98576798523,9184.078861438818,9184.078861438818
0,89937.0,110986.0,Sales,14.0,,2.0,146.7187425,1.0,17.0,33.74711583,0.6899670473344914,0.4,89937.0,0.11073813327123312,124493.19365018618,9959.455492014895,9959.455492014893
0,58539.0,67899.0,Other,29.0,1.0,2.0,194.2738338,1.0,23.0,37.13442194,0.501839530992432,0.4,58539.0,0.16076006326219977,117634.16679132392,9410.733343305914,9410.733343305912
0,66098.0,76014.0,Office,12.0,0.0,0.0,245.6056956,1.0,32.0,43.39620459,0.05507133178988905,0.4,66098.0,0.11073745786097718,91494.05612118586,7319.524489694869,7319.52448969487
0,18232.0,75898.0,ProfExe,19.0,0.0,2.0,399.3557015,0.0,12.0,21.26089485,0.06330012337407998,0.4,18232.0,0.11862763474969613,27035.23795945575,2162.81903675646,2162.81903675646
0,55901.0,87519.0,Office,13.0,0.0,1.0,107.9131329,0.0,23.0,36.3270224,0.16022820898880624,0.4,55901.0,0.1708175106230235,119360.87076672044,9548.869661337636,9548.869661337636
0,41000.0,73440.0,Mgr,4.0,0.0,0.0,125.7666667,1.0,9.0,,0.18937273178644945,0.4,41000.0,0.17799669792565453,91223.30768689794,7297.864614951835,7297.864614951836
0,55864.0,87500.0,ProfExe,9.0,0.0,0.0,193.7666667,0.0,20.0,,0.09617225608360999,0.4,55864.0,0.14308117471939208,99913.5843065515,7993.086744524119,7993.086744524119
1,30200.0,43600.0,Other,0.0,8.0,1.0,230.3,0.0,18.0,,0.9584808037484314,0.4,30200.0,0.016311302997133747,6157.51688141799,492.6013505134392,492.6013505134392
1,70000.0,88000.0,Mgr,16.0,0.0,0.0,,0.0,0.0,,0.14901415655227523,0.4,70000.0,0.1672965408100295,146384.47320877583,11710.757856702066,11710.757856702066
0,90519.0,110885.0,Other,12.0,0.0,0.0,201.8355908,3.0,16.0,39.66605441,0.18463281654503982,0.4,90519.0,0.17700505129560426,200279.002977835,16022.320238226801,16022.320238226803
0,12724.0,52016.0,Office,24.0,0.0,1.0,269.6287109,0.0,19.0,28.17242611,0.040961934932213874,0.4,12724.0,0.09482273003327041,15081.55521179166,1206.5244169433329,1206.5244169433327
0,81620.0,101933.0,Other,1.0,0.0,0.0,148.0672908,0.0,22.0,41.61289898,0.1833274306619594,0.4,81620.0,0.1767206535730217,180299.2468078754,14423.939744630032,14423.93974463003
0,7627.0,59173.0,Other,7.0,2.0,0.0,362.5122503,1.0,22.0,14.26712754,0.03341019063174742,0.4,7627.0,0.08468978738156767,8074.1126044902085,645.9290083592167,645.9290083592166
0,159591.0,182585.0,ProfExe,7.0,,1.0,199.6986174,3.0,25.0,42.31951831,0.33584151464757,0.4,159591.0,0.1853065532561028,369665.72675868374,29573.2581406947,29573.2581406947
0,101377.0,131079.0,ProfExe,10.0,0.0,0.0,174.3477876,2.0,32.0,27.96913798,0.06825629199466164,0.4,101377.0,0.12297865374874335,155840.08726357945,12467.206981086356,12467.206981086354
0,39997.0,56571.0,Other,6.0,0.0,0.0,111.0078189,2.0,15.0,38.77313698,0.25392319544481007,0.4,39997.0,0.18603513722040144,93010.59229255495,7440.847383404396,7440.847383404396
0,67354.0,81255.0,Office,10.0,0.0,0.0,255.3787569,4.0,36.0,41.62539858,0.06287280151014422,0.4,67354.0,0.11823911636825553,99548.46804834354,7963.877443867483,7963.877443867483
0,13202.0,50848.0,ProfExe,3.0,0.0,0.0,302.2019151,0.0,16.0,16.77857669,0.018263783803697496,0.4,13202.0,0.05911806997573711,9755.959497746016,780.4767598196813,780.4767598196813
0,112223.0,144451.0,ProfExe,0.0,0.0,0.0,259.733117,1.0,45.0,35.31021701,0.04839040889122389,0.4,112223.0,0.10362453040659617,145363.19594774302,11629.055675819442,11629.055675819442
0,94650.0,109650.0,Office,3.5,0.0,1.0,268.8333333,1.0,34.0,,0.05941735943273303,0.4,94650.0,0.11501469249298864,136076.7580557672,10886.140644461375,10886.140644461375
0,81378.0,108628.0,ProfExe,12.0,0.0,2.0,181.7225343,0.0,27.0,32.65202263,0.2838308431305029,0.4,81378.0,0.18694881778917308,190169.01117559156,15213.520894047324,15213.520894047326
0,96225.0,112676.0,Office,2.0,0.0,0.0,144.5336059,1.0,22.0,38.78104826,0.09426784082474511,0.4,96225.0,0.14191041738670862,170691.62391295045,13655.329913036037,13655.329913036037
0,38981.0,67536.0,Mgr,,,,,,,35.18815986,0.12083629523799551,0.4,38981.0,0.15616950926804649,76095.5455097215,6087.64364077772,6087.64364077772
0,84761.0,95382.0,Office,,0.0,0.0,171.9458387,1.0,25.0,41.96010591,0.09025773505058116,0.4,84761.0,0.13935953998739964,147653.17461089976,11812.25396887198,11812.25396887198
1,74147.0,92427.0,Other,7.0,0.0,3.0,181.3057998,0.0,33.0,39.27246634,0.5549287629384967,0.4,74147.0,0.14850361149661367,137638.71602049266,11011.097281639413,11011.097281639413
0,89345.0,105590.0,ProfExe,6.0,0.0,0.0,201.0424021,2.0,37.0,43.47167729,0.14188337370346848,0.4,89345.0,0.16480693910033706,184058.4496739952,14724.675973919617,14724.675973919615
0,80300.0,98088.0,ProfExe,1.0,0.0,0.0,66.72394684,0.0,20.0,36.5165325,0.21048085834425825,0.4,80300.0,0.18168100833828627,182362.31211955482,14588.984969564386,14588.984969564388
0,90714.0,120292.0,Office,11.0,0.0,0.0,215.6120163,0.0,13.0,40.30430134,0.07131394596517099,0.4,90714.0,0.12552804059701458,142339.38343396975,11387.15067471758,11387.15067471758
1,59012.0,81465.0,Mgr,12.0,0.0,0.0,167.4333333,0.0,31.0,,0.08380032697769049,0.4,59012.0,0.13499287466374207,99577.49399570934,7966.199519656748,7966.199519656748
0,35825.0,66612.0,Office,22.0,0.0,0.0,231.9014789,2.0,29.0,26.70247344,0.02255104244113533,0.4,35825.0,0.06727675864608913,30127.37348120179,2410.189878496143,2410.189878496143
0,27536.0,45819.0,Other,7.0,0.0,0.0,73.45576587,2.0,12.0,28.70919291,0.18521423400238185,0.4,27536.0,0.17713013518896736,60968.19253204257,4877.455402563406,4877.455402563405
0,70018.0,89803.0,Office,24.0,0.0,0.0,154.7521209,1.0,13.0,39.38990883,0.09743941662185632,0.4,70018.0,0.14384614075945504,125897.73854619403,10071.819083695522,10071.819083695524
0,58788.0,87260.0,Office,14.0,0.0,0.0,103.6928184,0.0,24.0,36.66531854,0.08119096692984265,0.4,58788.0,0.13313159410372363,97831.75192712131,7826.540154169705,7826.540154169705
1,46000.0,81000.0,ProfExe,1.5,0.0,1.0,101.5666667,0.0,25.0,,0.27476225221330025,0.4,46000.0,0.18683031131662478,107427.42900705925,8594.19432056474,8594.19432056474
0,64486.0,84759.0,Office,4.0,2.0,3.0,182.1802565,3.0,29.0,37.07341346,0.7362465328799884,0.4,64486.0,0.09603813251897844,77413.93767023554,6193.1150136188435,6193.1150136188435
0,86161.0,106737.0,Other,22.0,0.0,0.0,135.3327036,4.0,23.0,29.40952403,0.13133154069160555,0.4,86161.0,0.16073168888679304,173110.0380771872,13848.803046174977,13848.803046174975
0,12577.0,41075.0,Mgr,7.0,0.0,0.0,133.5420141,0.0,10.0,22.96477273,0.0766248318597885,0.4,12577.0,0.12973063063012202,20395.276767938056,1631.6221414350446,1631.6221414350448
0,95065.0,123858.0,Other,9.0,0.0,0.0,176.9525325,0.0,27.0,34.59683753,0.09001991223289126,0.4,95065.0,0.1392045035229664,165418.451592635,13233.476127410802,13233.4761274108
0,74015.0,113766.0,Other,7.0,0.0,0.0,75.89241528,2.0,14.0,36.39536633,0.26569244663701247,0.4,74015.0,0.18657671233618636,172618.44204453542,13809.475363562833,13809.475363562833
0,32942.0,40143.0,Other,8.0,0.0,0.0,65.00074225,2.0,12.0,30.26836885,0.2088656029479431,0.4,32942.0,0.18143895225853207,74712.02456625704,5976.961965300563,5976.961965300564
0,96597.0,120380.0,ProfExe,13.0,0.0,0.0,181.4048504,1.0,17.0,34.31543721,0.11595156259380424,0.4,96597.0,0.15385667373940018,185776.1639150605,14862.093113204839,14862.093113204839
0,70763.0,78449.0,Office,12.0,0.0,0.0,271.6567243,5.0,36.0,40.56198365,0.059985199842903444,0.4,70763.0,0.11555491811583792,102212.65838288798,8177.012670631038,8177.012670631038
0,53094.0,79069.0,Other,2.0,0.0,2.0,155.8152865,0.0,13.0,29.55636639,0.3571081820190302,0.4,53094.0,0.18363463060244822,121873.71346507983,9749.897077206386,9749.897077206386
0,60623.0,83979.0,Other,,0.0,0.0,308.1085404,0.0,20.0,29.48252787,0.03682827236887763,0.4,60623.0,0.0894427121147547,67778.56920665968,5422.285536532775,5422.285536532774
0,84996.0,112522.0,ProfExe,9.0,0.0,1.0,171.9534106,0.0,28.0,32.84350491,0.16177355492257006,0.4,84996.0,0.17126710660863573,181962.73741634504,14557.018993307604,14557.018993307602
0,46611.0,65031.0,Other,2.0,0.0,0.0,179.4433323,0.0,13.0,37.70515917,0.14842318082706854,0.4,46611.0,0.16709788364928133,97357.49318470816,7788.599454776653,7788.599454776652
0,77824.0,94840.0,Other,6.0,0.0,0.0,195.0421854,3.0,19.0,43.33534671,0.22757286434807075,0.4,77824.0,0.18387074634026393,178869.46203980877,14309.556963184703,14309.5569631847
0,88654.0,114011.0,Mgr,10.0,0.0,0.0,250.3295845,0.0,25.0,30.97173013,0.047571881398753325,0.4,88654.0,0.1027038197033967,113813.80539981164,9105.104431984932,9105.104431984932
0,73600.0,92000.0,ProfExe,9.0,1.0,2.0,347.9666667,,42.0,,0.20409968554927127,0.4,73600.0,0.1806875353777565,166232.53254753596,13298.602603802878,13298.60260380288
0,59530.0,81068.0,Other,0.0,0.0,0.0,108.0191417,3.0,10.0,37.84664809,0.30253754058306864,0.4,59530.0,0.186792864317015,138997.2401598988,11119.779212791904,11119.779212791904
0,,44459.0,Mgr,4.0,,,169.0054102,,9.0,21.5328971,0.06782420165792033,0.4,0.0,0.12261032339197056,0.0,0.0,0.0
0,73688.0,94071.0,Office,9.0,0.0,0.0,221.2231427,2.0,28.0,41.48214297,0.07014921567850893,0.4,73688.0,0.12456854500675069,114740.08680571806,9179.206944457444,9179.206944457444
0,94843.0,125541.0,Mgr,2.0,0.0,2.0,159.2524968,0.0,26.0,42.30523974,0.48096220098530024,0.4,94843.0,0.16508993113011894,195720.3042271734,15657.624338173871,15657.624338173871
0,57481.0,89421.0,ProfExe,9.0,0.0,0.0,183.1093606,0.0,19.0,22.64339555,0.04789613695205556,0.4,57481.0,0.10306992000953526,74057.02590085121,5924.562072068096,5924.562072068096
0,76537.0,108747.0,Other,5.0,0.0,0.0,73.07523809,1.0,14.0,34.2526057,0.22009970331533021,0.4,76537.0,0.1829948409659674,175073.45178765312,14005.87614301225,14005.876143012247
0,77130.0,127000.0,ProfExe,15.0,0.0,0.0,296.3333333,0.0,19.0,,0.053910144869681834,0.4,77130.0,0.10954998868182,105619.88283785971,8449.590627028778,8449.590627028778
1,35807.0,40700.0,Other,1.0,0.0,0.0,91.26666667,1.0,17.0,,0.20230852933433127,0.4,35807.0,0.1803904924606936,80740.5295442507,6459.242363540056,6459.242363540056
0,40674.0,61216.0,Other,,0.0,0.0,108.7902333,2.0,19.0,40.99070382,0.26664567984008464,0.4,40674.0,0.1866099141601193,94877.14560685864,7590.171648548691,7590.171648548692
0,31974.0,44417.0,Other,7.0,0.0,0.0,76.93312296,1.0,12.0,30.42242943,0.17984188633783774,0.4,31974.0,0.17593679480866978,70317.5384651551,5625.403077212408,5625.403077212408
0,85805.0,135789.0,ProfExe,15.0,0.0,0.0,303.6882297,0.0,18.0,27.86907921,0.03345058932408712,0.4,85805.0,0.08474771409221418,90897.22009603048,7271.777607682438,7271.7776076824375
0,18714.0,47905.0,Office,25.0,0.0,0.0,259.1030228,0.0,19.0,29.47966234,0.021952968986127152,0.4,18714.0,0.066191120696744,15483.75790898584,1238.7006327188672,1238.7006327188672
0,,43082.0,Other,0.0,0.0,0.0,316.0362444,0.0,9.0,26.16601382,0.03778365657497576,0.4,0.0,0.0907202134246035,0.0,0.0,0.0
0,21711.0,32357.0,Office,7.0,0.0,0.0,105.6662342,0.0,17.0,20.3331556,0.03405137575150381,0.4,21711.0,0.08560405757362483,23231.87117476211,1858.5496939809689,1858.5496939809686
0,85969.0,101664.0,ProfExe,0.0,0.0,0.0,68.58368974,0.0,19.0,36.83942264,0.2173462748550096,0.4,85969.0,0.1826406625218685,196267.93895428142,15701.435116342514,15701.435116342513
0,75142.0,95667.0,Mgr,19.0,0.0,0.0,230.4575544,10.0,24.0,33.38331418,0.19333306475431522,0.4,75142.0,0.17877713113126972,167920.88984332338,13433.67118746587,13433.67118746587
1,65178.0,79000.0,Office,11.0,0.0,3.0,111.6,1.0,23.0,,0.48606385818078157,0.4,65178.0,0.16405931486213082,133663.22530104953,10693.058024083963,10693.058024083963
0,152441.0,184723.0,ProfExe,6.0,,0.0,217.2421291,3.0,25.0,40.82734463,0.15859788374021677,0.4,152441.0,0.17033409984979772,324573.7564400377,25965.900515203015,25965.900515203015
0,78645.0,130104.0,ProfExe,16.0,0.0,0.0,295.7213173,0.0,19.0,29.96660243,0.03905108142414347,0.4,78645.0,0.09238271964126617,90817.98732734221,7265.438986187377,7265.438986187378
0,67762.0,80748.0,Sales,8.0,0.0,0.0,135.9486225,0.0,35.0,27.19410701,0.15924390292025006,0.4,67762.0,0.17052677686466564,144440.4431737934,11555.235453903473,11555.235453903473
1,97778.0,116814.0,Other,15.0,1.0,3.0,120.7813962,1.0,22.0,23.20471329,0.5980028474268652,0.4,97778.0,0.13739215877868222,167924.13126327487,13433.93050106199,13433.93050106199
0,,44092.0,Mgr,5.0,,,173.8758677,,10.0,20.6823774,0.06081016356274434,0.4,0.0,0.11633240610045073,0.0,0.0,0.0
0,57700.0,74350.0,,8.5,,,,,,,0.12177225856866591,0.4,57700.0,0.15659845014753127,112946.63216890693,9035.730573512554,9035.730573512554
1,77699.0,92587.0,Other,13.0,0.0,2.0,134.6335792,0.0,36.0,39.19614946,0.39972480197700144,0.4,77699.0,0.17880982828745734,173666.81060133933,13893.344848107146,13893.344848107148
1,,,Other,4.0,0.0,2.0,209.4799103,0.0,15.0,35.77489179,0.3682094269085771,0.4,0.0,0.18255882743946525,0.0,0.0,0.0
0,11413.0,81273.0,Other,7.0,0.0,0.0,239.083696,0.0,14.0,19.62614951,0.03255387516791139,0.4,11413.0,0.08345156139736833,11905.40837785206,952.4326702281649,952.4326702281647
0,64356.0,88028.0,Office,13.0,0.0,0.0,111.8099755,0.0,24.0,39.00850812,0.09051717719793144,0.4,64356.0,0.1395281819841205,112243.44599712573,8979.47567977006,8979.47567977006
0,96326.0,144668.0,ProfExe,15.0,0.0,0.0,142.0379034,5.0,21.0,34.12275351,0.19985323428553342,0.4,96326.0,0.17997004096955707,216697.4270804194,17335.794166433552,17335.794166433556
0,41641.0,53200.0,Other,,0.0,0.0,83.06246819,0.0,15.0,42.40363421,0.281623566035251,0.4,41641.0,0.1869320640170842,97300.47597169253,7784.038077735403,7784.038077735403
1,56710.0,59348.0,Other,14.0,2.0,1.0,176.5303274,0.0,39.0,24.39371452,0.20493984308384905,0.4,56710.0,0.18082408540272615,128181.67353985751,10254.533883188602,10254.5338831886
0,68876.0,90813.0,Other,,0.0,0.0,284.4969036,0.0,19.0,31.16414999,0.0480347808793181,0.4,68876.0,0.10322590730037227,88872.34489025551,7109.787591220441,7109.787591220441
0,62968.0,84947.0,Office,13.0,0.0,0.0,239.7732321,3.0,37.0,42.23618914,0.06044381622984946,0.4,62968.0,0.1159882095813845,91294.31976150774,7303.545580920619,7303.54558092062
0,65437.0,94518.0,ProfExe,10.0,0.0,0.0,182.4007551,0.0,19.0,21.29607532,0.043757757358377974,0.4,65437.0,0.09825728219478781,80370.77218725413,6429.661774980331,6429.66177498033
0,155486.0,178789.0,ProfExe,7.0,,1.0,192.482316,4.0,26.0,41.17671183,0.3525799098209094,0.4,155486.0,0.18403441637597026,357684.6908079264,28614.775264634114,28614.77526463411
0,80960.0,100730.0,Other,0.0,0.0,0.0,153.0875555,0.0,22.0,40.19530694,0.16608609918593586,0.4,80960.0,0.17247834680840343,174548.08697010425,13963.84695760834,13963.846957608343
0,62103.0,80000.0,Office,5.5,0.0,0.0,120.7,1.0,20.0,,0.08570731033701012,0.4,62103.0,0.13631710183723905,105821.26219247571,8465.700975398056,8465.700975398056
0,78442.0,105065.0,ProfExe,0.0,0.0,0.0,71.55047746,0.0,19.0,34.75170874,0.19133627005212933,0.4,78442.0,0.17838902335890008,174914.8971289855,13993.19177031884,13993.191770318841
0,,40881.0,Other,0.0,0.0,0.0,297.9070847,1.0,8.0,25.94071095,0.04787109515931156,0.4,0.0,0.10304171073059357,0.0,0.0,0.0
0,84427.0,114209.0,ProfExe,12.0,0.0,2.0,180.1874224,0.0,27.0,33.35187025,0.29553406289185497,0.4,84427.0,0.18691222261946425,197255.47773866885,15780.438219093508,15780.438219093508
1,144263.0,167164.0,ProfExe,8.0,2.0,6.0,111.5886033,5.0,38.0,91.61259998,0.9997465354483965,0.4,144263.0,0.00010130607631668731,182.68398109592826,14.614718487674262,14.614718487674262
0,95351.0,117381.0,Office,12.0,0.0,0.0,210.2021295,0.0,11.0,41.01100137,0.0796250133064168,0.4,95351.0,0.1319863355007815,157312.86345418773,12585.029076335019,12585.029076335019
0,71425.0,81012.0,Other,2.0,0.0,0.0,242.9405141,2.0,26.0,32.17503606,0.07357413172749747,0.4,71425.0,0.1273504457408748,113700.06983802479,9096.005587041984,9096.005587041984
1,51653.0,85578.0,Other,13.0,0.0,0.0,90.27307943,0.0,7.0,41.69337722,0.29206168682937506,0.4,51653.0,0.18694471350590078,120703.19108400366,9656.255286720292,9656.255286720292
0,80836.0,93912.0,Other,5.0,2.0,0.0,69.26840914,0.0,20.0,23.91634661,0.2601381987790975,0.4,80836.0,0.18635184118414405,188299.21792451834,15063.937433961468,15063.937433961468
0,127259.0,194233.0,Office,1.0,0.0,1.0,341.6435017,0.0,16.0,40.10765909,0.0732854058034636,0.4,127259.0,0.12712049569157283,202215.33951517334,16177.227161213868,16177.227161213867
1,103030.0,114131.0,Mgr,3.0,0.0,0.0,,0.0,0.0,38.39422244,0.19586576244997633,0.4,103030.0,0.17925388730092298,230856.60010767617,18468.528008614096,18468.528008614096
1,,80868.0,ProfExe,18.0,0.0,0.0,278.3014245,1.0,7.0,43.31320023,0.1425066584107002,0.4,0.0,0.1650327512639525,0.0,0.0,0.0
0,85358.0,101401.0,Other,0.0,0.0,0.0,145.7941061,0.0,22.0,40.11441144,0.17135762685067107,0.4,85358.0,0.1738747096211145,185519.96829798864,14841.59746383909,14841.597463839093
0,88746.0,108160.0,Mgr,9.0,0.0,0.0,234.9489511,0.0,25.0,30.95143737,0.0521345690284577,0.4,88746.0,0.10769572137158301,119469.55611053132,9557.564488842507,9557.564488842505
0,77007.0,96718.0,ProfExe,8.0,2.0,0.0,183.6086672,0.0,30.0,26.43131452,0.14116566841995112,0.4,77007.0,0.1645449242423924,158388.88726417389,12671.110981133912,12671.11098113391
0,50415.0,68166.0,Other,10.0,0.0,0.0,235.680967,0.0,17.0,33.77003753,0.07622613610581536,0.4,50415.0,0.12942461411962383,81561.77401051045,6524.941920840836,6524.941920840835
0,48110.0,63601.0,ProfExe,5.0,0.0,0.0,153.7353987,1.0,12.0,29.96468739,0.1196676879859902,0.4,48110.0,0.15562761923448026,93590.55951713557,7487.2447613708455,7487.2447613708455
0,63831.0,81378.0,,9.0,,,,,,24.37105048,0.06319705437921193,0.4,63831.0,0.11853412590328916,94576.89738166062,7566.151790532849,7566.15179053285
0,,27779.0,Other,12.0,,,95.94866523,1.0,9.0,34.1663452,0.20757424602777944,0.4,0.0,0.18124087739557782,0.0,0.0,0.0
0,47741.0,69111.0,Other,2.0,0.0,0.0,254.2596131,0.0,21.0,28.88561818,0.04856528812424783,0.4,47741.0,0.10381976977923382,61955.74536288003,4956.4596290304025,4956.459629030402
0,33403.0,69878.0,ProfExe,8.0,0.0,0.0,259.8132832,1.0,16.0,23.73521616,0.04068341544014466,0.4,33403.0,0.09447191023812299,39445.565221050274,3155.645217684022,3155.645217684022
0,99652.0,113012.0,Office,17.0,1.0,0.0,255.9614279,0.0,16.0,35.45381036,0.0653924968635479,0.4,99652.0,0.12049878514566986,150099.31171670367,12007.944937336293,12007.944937336293
0,51721.0,61193.0,Other,0.0,0.0,0.0,186.9993588,2.0,12.0,25.81001106,0.09090204599099745,0.4,51721.0,0.13977741934808335,90367.84882627774,7229.427906102219,7229.427906102219
1,,28992.0,Other,,0.0,0.0,342.0666667,2.0,14.0,,0.06330487456005664,0.4,0.0,0.11863194217058354,0.0,0.0,0.0
0,,,,,,,,,,25.68971094,0.06962743136410243,0.4,0.0,0.1241341027323988,0.0,0.0,0.0
0,92583.0,114379.0,Other,10.0,0.0,0.0,169.4483417,0.0,27.0,34.1307686,0.09048523839870008,0.4,92583.0,0.13950744862653766,161450.2264523842,12916.018116190737,12916.018116190737
0,37019.0,57125.0,Other,,0.0,0.0,69.82355313,0.0,15.0,41.63705877,0.2868916902153235,0.4,37019.0,0.18695944464501113,86513.14601642084,6921.051681313667,6921.051681313667
0,,58407.0,,8.0,0.0,0.0,107.5333333,0.0,15.0,,0.16760073397308234,0.4,0.0,0.17288888905069125,0.0,0.0,0.0
0,83645.0,101615.0,ProfExe,5.0,0.0,0.0,116.3376843,0.0,26.0,28.29673484,0.08772675561917599,0.4,83645.0,0.13768733804092967,143960.71738041952,11516.857390433563,11516.857390433563
1,67881.0,93390.0,,,,,,,,,0.12287613667008887,0.4,67881.0,0.1570986157876793,133300.13922854324,10664.011138283458,10664.011138283458
1,,42500.0,Other,,,,,,,,0.12287613667008887,0.4,0.0,0.1570986157876793,0.0,0.0,0.0
0,62000.0,88500.0,Office,9.0,,,107.3666667,0.0,11.0,,0.09633240496079243,0.4,62000.0,0.1431784674370892,110963.31226374413,8877.064981099531,8877.064981099531
0,27872.0,48125.0,Other,10.0,0.0,0.0,115.6,1.0,10.0,,0.1951207492425186,0.4,27872.0,0.17911543033118973,62403.81592738651,4992.3052741909205,4992.3052741909205
0,42767.0,60950.0,Other,7.0,0.0,1.0,117.6666667,3.0,49.0,,0.22281819020555277,0.4,42767.0,0.18332773847999695,98004.71739467538,7840.37739157403,7840.377391574029
0,92739.0,125000.0,Mgr,6.0,,,248.6,3.0,42.0,,0.06386083218305696,0.4,92739.0,0.1191341132531779,138104.7316123308,11048.378528986465,11048.378528986465
0,32000.0,48500.0,ProfExe,4.0,0.0,0.0,255.6666667,1.0,35.0,,0.05823103967315592,0.4,32000.0,0.1138724935776223,45548.99743104892,3643.919794483914,3643.919794483914
0,42000.0,60000.0,Mgr,27.0,1.0,0.0,281.0666667,1.0,17.0,,0.10655802225966705,0.4,42000.0,0.14903771468346014,78244.80020881657,6259.584016705326,6259.584016705326
1,64000.0,78000.0,ProfExe,7.4,0.0,0.0,174.4333333,0.0,20.0,,0.10762392766851683,0.4,64000.0,0.14961040848478335,119688.32678782668,9575.066143026135,9575.066143026135
1,65000.0,,Other,23.0,0.0,3.0,109.5666667,1.0,15.0,,0.685468121638091,0.4,65000.0,0.11212458027143533,91101.2214705412,7288.097717643296,7288.097717643297
1,139000.0,159000.0,Mgr,13.0,0.0,1.0,171.4333333,1.0,32.0,,0.17877158736395599,0.4,139000.0,0.17568884096072768,305259.36116926436,24420.74889354115,24420.748893541146
1,85200.0,,Other,8.0,1.0,0.0,188.6666667,4.0,17.0,,0.2666800643860902,0.4,85200.0,0.18661108263684842,198740.80300824356,15899.264240659484,15899.264240659486
1,46400.0,,Other,18.0,0.0,1.0,145.0666667,1.0,14.0,,0.2789419665006649,0.4,46400.0,0.18690132008301233,108402.76564814715,8672.221251851772,8672.221251851772
1,49207.0,70525.0,Office,3.0,3.0,3.0,205.9666667,2.0,51.0,,0.6664648791571944,0.4,49207.0,0.11789271178822412,72514.33336203931,5801.146668963145,5801.146668963144
0,46541.0,64338.0,Other,0.0,0.0,0.0,204.4094433,1.0,12.0,28.36479851,0.08599468315735563,0.4,46541.0,0.13651408212694227,79418.77370337525,6353.50189627002,6353.501896270021
0,59736.0,97411.0,ProfExe,7.0,0.0,0.0,200.1553656,1.0,19.0,20.11698203,0.04241986964433255,0.4,59736.0,0.09663315342767115,72155.97566444204,5772.478053155363,5772.478053155363
0,63451.0,105702.0,ProfExe,8.0,0.0,0.0,257.2263251,1.0,12.0,33.90306382,0.0863626519089499,0.4,63451.0,0.13676533548180259,108473.7162706982,8677.897301655856,8677.897301655856
0,50890.0,68722.0,Other,8.0,0.0,1.0,135.7684854,2.0,49.0,29.44804553,0.13401896564782437,0.4,50890.0,0.1618161162195181,102935.27693014094,8234.822154411275,8234.822154411277
0,73062.0,88783.0,Other,6.0,0.0,0.0,211.1025521,2.0,18.0,42.25458004,0.18236497650199734,0.4,73062.0,0.17650778921890833,161200.1511988985,12896.01209591188,12896.012095911881
0,43173.0,65985.0,ProfExe,5.0,0.0,0.0,215.9858947,3.0,18.0,37.14869173,0.14863820192156002,0.4,43173.0,0.1671703203934648,90215.5530293382,7217.244242347057,7217.244242347056
1,,,Other,17.0,0.0,7.0,184.6131909,0.0,12.0,18.19428042,0.9110016703420863,0.4,0.0,0.03444021718886856,0.0,0.0,0.0
0,98856.0,143292.0,ProfExe,13.0,0.0,0.0,105.7717261,4.0,21.0,37.4582804,0.25659317935110465,0.4,98856.0,0.18617975872803894,230062.3278602377,18404.986228819016,18404.986228819016
0,79345.0,135554.0,ProfExe,15.0,0.0,0.0,301.5639913,0.0,19.0,29.17813328,0.03610345556161825,0.4,79345.0,0.08845911608204499,87734.85706912325,7018.78856552986,7018.78856552986
0,36309.0,53321.0,Other,8.0,0.0,0.0,110.2063505,1.0,10.0,19.18791401,0.0799826954593803,0.4,36309.0,0.13224983153843722,60023.23916661396,4801.859133329117,4801.859133329117
1,52302.0,63589.0,ProfExe,6.0,0.0,0.0,130.3424672,4.0,8.0,34.79283165,0.2601420482708709,0.4,52302.0,0.1863520158276156,121832.2891476994,9746.583131815953,9746.58313181595
0,59402.0,91057.0,ProfExe,8.0,0.0,0.0,194.6346173,0.0,20.0,22.02326465,0.04244439695694687,0.4,59402.0,0.09666324425189969,71774.87543814183,5741.990035051346,5741.990035051345
0,54081.0,68577.0,Other,8.0,0.0,0.0,237.6822783,0.0,17.0,33.08901751,0.07314147321584277,0.4,54081.0,0.12700555478705253,85857.34260548235,6868.587408438588,6868.587408438588
1,43927.0,60000.0,Other,0.0,0.0,0.0,0.0,12.0,8.0,,0.6980396033746155,0.4,43927.0,0.10823088374430877,59428.22537795314,4754.258030236251,4754.258030236251
0,51723.0,77207.0,ProfExe,21.0,0.0,0.0,199.533048,0.0,15.0,25.09214722,0.0516588423854743,0.4,51723.0,0.1071907858884335,69302.86273134308,5544.229018507446,5544.229018507446
0,81894.0,98285.0,Mgr,6.0,0.0,0.0,151.4710746,1.0,26.0,42.28213788,0.18201310763399006,0.4,81894.0,0.17642928885223902,180606.2522658158,14448.500181265264,14448.500181265263
0,86730.0,117667.0,ProfExe,1.0,0.0,2.0,134.3555745,0.0,34.0,31.98051047,0.31509727883918354,0.4,86730.0,0.18640516227919476,202086.49655593204,16166.919724474563,16166.919724474561
0,86996.0,108452.0,Other,19.0,0.0,0.0,134.9932518,4.0,24.0,29.77894608,0.13419765094834007,0.4,86996.0,0.16188706322822702,176044.0869075355,14083.52695260284,14083.526952602837
0,49927.0,67761.0,Mgr,26.0,0.0,0.0,276.5499132,1.0,16.0,36.59939111,0.0732155810562928,0.4,49927.0,0.12706476112437812,79299.52910821034,6343.962328656827,6343.962328656827
0,65994.0,80037.0,,8.0,,,,,,27.73520406,0.07874291620424416,0.4,65994.0,0.13133162901256334,108338.74406318882,8667.099525055106,8667.099525055106
1,61036.0,84979.0,Mgr,1.0,0.0,0.0,174.5911708,2.0,23.0,50.27621494,0.297787445367626,0.4,61036.0,0.18688159775823185,142581.31500964297,11406.505200771438,11406.505200771438
0,102512.0,128657.0,ProfExe,8.0,0.0,0.0,178.3390263,3.0,32.0,27.54114088,0.07443867623916303,0.4,102512.0,0.12803409078818997,164062.88393598664,13125.03071487893,13125.03071487893
0,84718.0,103804.0,Other,21.0,0.0,0.0,123.6635751,4.0,23.0,30.63534815,0.15063054653561764,0.4,84718.0,0.16783299744539518,177730.94846973737,14218.47587757899,14218.475877578989
0,34558.0,40754.0,Other,8.0,0.0,0.0,76.43121321,2.0,11.0,31.04118388,0.21021308201338781,0.4,34558.0,0.18164131586602844,78464.50742122764,6277.160593698211,6277.1605936982105
0,,31671.0,Other,13.0,,,82.99126514,2.0,8.0,33.21510402,0.2351507303765145,0.4,0.0,0.1846361745393147,0.0,0.0,0.0
0,94696.0,121528.0,Office,10.0,0.0,0.0,209.0518045,0.0,12.0,39.64882408,0.07290435013419883,0.4,94696.0,0.1268157447261736,150111.7970323717,12008.943762589735,12008.943762589735
0,44412.0,72946.0,ProfExe,19.0,0.0,0.0,196.1321341,0.0,15.0,23.77320187,0.04896996097523982,0.4,44412.0,0.10426959387211439,57885.2650381043,4630.821203048344,4630.821203048345
1,68750.0,88627.0,Other,10.0,0.0,1.0,219.6728008,0.0,32.0,34.6399614,0.13052047559518096,0.4,68750.0,0.16039792374369963,137841.96571724187,11027.35725737935,11027.35725737935
0,46320.0,62044.0,Other,6.0,0.0,0.0,106.9838955,2.0,49.0,29.05790842,0.07608978317121609,0.4,46320.0,0.12931961381530319,74876.05639906054,5990.084511924843,5990.084511924843
0,73533.0,88924.0,Mgr,21.0,0.0,0.0,232.353323,10.0,23.0,36.47070702,0.22800760613171428,0.4,73533.0,0.183917946109043,169050.47914045322,13524.038331236257,13524.03833123626
0,71979.0,86443.0,Other,2.0,0.0,0.0,238.2643462,3.0,25.0,32.13676623,0.08685813852550393,0.4,71979.0,0.1371019457552644,123355.76191897721,9868.460953518177,9868.460953518177
1,100663.0,122021.0,ProfExe,0.0,0.0,0.0,139.9839768,0.0,20.0,43.79745956,0.22254968785861703,0.4,100663.0,0.18329559261849315,230638.5529969422,18451.084239755375,18451.084239755375
1,,49060.0,Other,,,,,,,24.701642,0.06538005071445846,0.4,0.0,0.12048780567897233,0.0,0.0,0.0
0,100664.0,129166.0,Mgr,4.0,,,255.6876484,2.0,41.0,38.74675979,0.0719022922640066,0.4,100664.0,0.1260073974820004,158555.1082516011,12684.408660128089,12684.408660128089
0,64235.0,76965.0,,9.0,,,,,,24.83595792,0.06510354236010828,0.4,64235.0,0.12024342187104549,96547.95254858259,7723.836203886607,7723.836203886607
0,60570.0,74648.0,ProfExe,2.0,0.0,0.0,137.8411053,2.0,35.0,40.2897613,0.17218109344039448,0.4,60570.0,0.1740847043200061,131803.88175828464,10544.310540662771,10544.310540662771
0,102789.0,123691.0,,3.0,0.0,0.0,127.0600081,1.0,26.0,31.33876448,0.11460946160388953,0.4,102789.0,0.15319880071323866,196839.3940814136,15747.15152651309,15747.15152651309
0,83231.0,99400.0,ProfExe,6.0,0.0,0.0,130.1675148,1.0,26.0,27.17296471,0.08513007250410859,0.4,83231.0,0.13591940954245083,141408.85469534656,11312.708375627724,11312.708375627724
1,52260.0,73000.0,Mgr,0.6,1.0,3.0,62.9,0.0,17.0,,0.8286147678287887,0.4,52260.0,0.06456287794822675,42175.70001967913,3374.0560015743304,3374.05600157433
0,43826.0,70517.0,Other,0.0,0.0,0.0,260.0849449,0.0,20.0,28.83993348,0.04852213697507583,0.4,43826.0,0.10377164254694493,56848.70007828011,4547.896006262409,4547.896006262408
0,85631.0,100000.0,Other,20.0,0.0,0.0,144.999297,3.0,23.0,30.13063638,0.11754420270327479,0.4,85631.0,0.15462466543210254,165508.30907020468,13240.664725616374,13240.664725616372
0,19111.0,49794.0,Office,23.0,0.0,0.0,262.3067403,0.0,19.0,30.93367839,0.024066854559729702,0.4,19111.0,0.06995997694182571,16712.56399169039,1337.0051193352313,1337.005119335231
0,67018.0,81805.0,Other,1.0,0.0,0.0,253.5924509,3.0,25.0,30.68621875,0.0734094744043105,0.4,67018.0,0.12721940876465218,106574.87920736826,8525.99033658946,8525.99033658946
0,,63319.0,,0.0,0.0,0.0,,0.0,0.0,3.9608595,0.024056444880140762,0.4,0.0,0.06994187222591666,0.0,0.0,0.0
0,111623.0,127049.0,,2.0,0.0,0.0,145.1018727,1.0,26.0,34.42963198,0.12640188863018845,0.4,111623.0,0.15865543133382218,221369.9401471904,17709.595211775235,17709.59521177523
0,60811.0,89324.0,ProfExe,8.0,0.0,0.0,205.6830398,0.0,20.0,20.98981184,0.03725163232939853,0.4,60811.0,0.0900114411426636,68421.07184158145,5473.685747326516,5473.685747326516
0,45615.0,80818.0,Mgr,4.0,0.0,0.0,115.136885,0.0,9.0,28.73834319,0.12538018775395185,0.4,45615.0,0.15821058990410403,90209.70073094632,7216.776058475706,7216.776058475705
0,81000.0,100000.0,Office,30.0,,1.0,333.8333333,2.0,50.0,,0.027600945085475437,0.4,81000.0,0.07586966503848383,76818.03585146488,6145.442868117191,6145.44286811719
0,21828.0,38000.0,Mgr,17.0,1.0,0.0,103.5,1.0,17.0,,0.26733432274238433,0.4,21828.0,0.1866329302770935,50922.79502610496,4073.823602088397,4073.823602088397
1,37000.0,54000.0,,0.0,0.0,0.0,320.6333333,2.0,26.0,,0.05761313055819344,0.4,37000.0,0.11327016911621651,52387.453216250135,4190.996257300011,4190.996257300011
0,33261.0,41835.0,Other,9.0,,0.0,155.1431608,6.0,28.0,40.50295999,0.2671719116837183,0.4,33261.0,0.18662757521753595,77592.74724138078,6207.419779310463,6207.419779310463
0,93989.0,117410.0,Office,10.0,0.0,0.0,220.899221,0.0,12.0,39.87750077,0.06931101945187206,0.4,93989.0,0.1238692517611622,145529.33879724843,11642.347103779875,11642.347103779874
0,85478.0,113372.0,ProfExe,9.0,0.0,0.0,190.7530437,1.0,36.0,40.77814232,0.11374498805647133,0.4,85478.0,0.15276979620166153,163230.7079965703,13058.456639725624,13058.456639725624
0,,41870.0,Other,0.0,0.0,0.0,314.4683435,0.0,8.0,27.60891892,0.04283522176642632,0.4,0.0,0.0971411133831459,0.0,0.0,0.0
0,,29115.0,Other,14.0,,,82.06640517,2.0,7.0,32.76978633,0.23355467812204345,0.4,0.0,0.1844849514408348,0.0,0.0,0.0
0,94062.0,102052.0,Sales,14.0,,2.0,133.3781085,1.0,17.0,35.71661211,0.733678183884959,0.4,94062.0,0.09687404710871195,113902.0827392458,9112.166619139663,9112.166619139663
0,80299.0,123339.0,,,,,,,,35.31117092,0.12617924319036294,0.4,80299.0,0.15855892575124741,159151.5397362427,12732.123178899417,12732.123178899416
0,31607.0,70118.0,ProfExe,6.0,0.0,0.0,255.7195673,0.0,15.0,23.0629138,0.03633403348668905,0.4,31607.0,0.08877338620851774,35073.255223657754,2805.8604178926203,2805.8604178926203
0,52608.0,76936.0,Other,0.0,0.0,0.0,217.2771919,0.0,9.0,34.09538404,0.10794564553057738,0.4,52608.0,0.1497819185502231,98496.58963862671,7879.727171090137,7879.727171090137
0,70322.0,88626.0,Other,3.0,0.0,0.0,244.8398642,2.0,26.0,32.64754112,0.07454755933252907,0.4,70322.0,0.12811967338387817,112620.39589626351,9009.631671701081,9009.631671701081
0,89984.0,121189.0,Mgr,4.0,0.0,2.0,137.5978233,0.0,25.0,41.61332522,0.5034393720650595,0.4,89984.0,0.1604162287364043,180436.17408270753,14434.893926616602,14434.893926616603
0,64500.0,83000.0,Other,10.0,0.0,0.0,83.2,3.0,11.0,,0.27219988516067856,0.4,64500.0,0.1867726390029548,150585.4401961323,12046.835215690584,12046.835215690584
0,34291.0,68444.0,ProfExe,6.0,0.0,0.0,262.0791636,1.0,15.0,21.98106645,0.037076119270807596,0.4,34291.0,0.08977617395614094,38481.43476412536,3078.514781130029,3078.514781130029
0,77366.0,130330.0,ProfExe,14.0,0.0,1.0,285.200062,1.0,18.0,28.1716511,0.09059991836757379,0.4,77366.0,0.13958185839650086,134986.12570879608,10798.890056703687,10798.890056703685
0,63671.0,70982.0,ProfExe,0.0,0.0,0.0,169.346647,1.0,34.0,42.79163252,0.15690436333862767,0.4,63671.0,0.16982192776640895,135159.14953518778,10812.731962815024,10812.731962815024
0,,69712.0,,0.0,0.0,0.0,,0.0,0.0,2.553521964,0.02189970807322502,0.4,0.0,0.0660936713410905,0.0,0.0,0.0
0,20996.0,41987.0,Mgr,9.0,0.0,0.0,120.9555144,0.0,10.0,21.11871262,0.0721229077802336,0.4,20996.0,0.12618623529510656,33117.57745320071,2649.4061962560572,2649.4061962560572
0,32683.0,48467.0,Other,11.0,0.0,0.0,114.4120329,0.0,10.0,21.46972396,0.07837607217305487,0.4,32683.0,0.13105728638725062,53541.8161374314,4283.345290994512,4283.345290994512
0,46955.0,67304.0,Other,2.0,0.0,0.0,171.6224654,0.0,13.0,36.55518895,0.14438385525395586,0.4,46955.0,0.16570321831666124,97257.43270073536,7780.594616058828,7780.594616058828
0,61121.0,88844.0,Other,,0.0,0.0,295.792111,0.0,20.0,30.30376695,0.04168403031149881,0.4,61121.0,0.09572480496176528,73134.9475508507,5850.795804068056,5850.795804068055
0,78965.0,90729.0,Mgr,4.0,0.0,0.0,132.6602719,2.0,26.0,39.68695911,0.1942454218951055,0.4,78965.0,0.1789508587460675,176635.68201104025,14130.854560883221,14130.854560883221
0,89605.0,106290.0,Other,20.0,0.0,0.0,121.7476008,4.0,24.0,29.30354901,0.13879038687996123,0.4,89605.0,0.16366236394072217,183312.07651135512,14664.96612090841,14664.96612090841
0,45516.0,63924.0,Other,,0.0,0.0,109.3307981,1.0,19.0,40.8719872,0.2394862706882477,0.4,45516.0,0.18502068985661355,105267.52149392027,8421.401719513622,8421.401719513622
0,75360.0,105737.0,ProfExe,8.0,0.0,0.0,121.298029,1.0,27.0,24.76189959,0.07422734267400431,0.4,75360.0,0.1278676524881604,120451.3286438471,9636.106291507767,9636.106291507767
0,79288.0,92391.0,ProfExe,8.0,0.0,1.0,341.5015591,,41.0,39.4354969,0.08662453718440516,0.4,79288.0,0.13694349228551914,135724.69520417802,10857.97561633424,10857.97561633424
0,46551.0,68545.0,Other,7.0,0.0,0.0,118.7464861,3.0,49.0,29.57126338,0.08275156001432703,0.4,46551.0,0.13425173446218366,78119.4061368639,6249.552490949111,6249.552490949111
0,80123.0,102223.0,ProfExe,9.0,2.0,0.0,176.418283,0.0,30.0,27.64495462,0.15615938741090168,0.4,80123.0,0.16959335143264628,169854.10121047398,13588.328096837919,13588.328096837919
0,45138.0,52029.0,Other,,0.0,0.0,94.38539454,0.0,15.0,40.13605421,0.2389840708802173,0.4,45138.0,0.18497809530517847,104369.26582356433,8349.541265885147,8349.541265885146
0,111914.0,142105.0,ProfExe,3.0,0.0,0.0,284.516966,1.0,46.0,32.91138466,0.03446616997612912,0.4,111914.0,0.08618977684434598,120573.03357197669,9645.842685758134,9645.842685758136
0,100487.0,118911.0,Other,11.0,0.0,0.0,179.341027,0.0,27.0,35.85286371,0.0948830124921868,0.4,100487.0,0.1422914018529452,178730.45122496132,14298.436097996906,14298.436097996904
0,78777.0,103344.0,ProfExe,5.0,0.0,0.0,104.4045965,1.0,27.0,24.35085757,0.08082811670910822,0.4,78777.0,0.13286814003833272,130836.91834749671,10466.953467799738,10466.953467799736
0,52440.0,62150.0,Other,4.0,0.0,0.0,174.6769004,0.0,13.0,27.19172091,0.07938427201457499,0.4,52440.0,0.1318083456069109,86400.3705453301,6912.029643626408,6912.029643626408
0,71511.0,88632.0,Other,9.0,0.0,0.0,85.74814912,2.0,11.0,31.54781167,0.20571293747984357,0.4,71511.0,0.18094817923615503,161747.3155669585,12939.785245356681,12939.785245356683
0,54927.0,63177.0,Other,3.0,0.0,0.0,178.9361677,0.0,14.0,27.06223348,0.0758004440518166,0.4,54927.0,0.12909622203289622,88635.85234501114,7090.868187600891,7090.86818760089
0,,30625.0,Other,11.0,,,89.85657709,2.0,9.0,33.47451381,0.22943258032797745,0.4,0.0,0.18406981679370624,0.0,0.0,0.0
0,70896.0,91652.0,Office,24.0,0.0,0.0,163.9916144,2.0,13.0,41.49281634,0.11873276376687004,0.4,70896.0,0.15518896935856766,137528.46464556266,11002.277171645013,11002.277171645013
0,35799.0,51720.0,Other,10.0,0.0,0.0,123.218105,1.0,9.0,18.32493528,0.0711440575682257,0.4,35799.0,0.12538896332317748,56109.993725080385,4488.799498006431,4488.79949800643
0,67956.0,80318.0,Other,1.0,0.0,0.0,233.3972732,2.0,26.0,31.31641542,0.07388927461745905,0.4,67956.0,0.12760049598584908,108390.2413151795,8671.219305214361,8671.21930521436
1,38986.0,49970.0,Other,1.0,8.0,1.0,220.917262,0.0,17.0,47.91452111,0.9837290195754241,0.4,38986.0,0.006448740247272822,3142.632341002228,251.41058728017822,251.41058728017822
1,69115.0,98900.0,Other,18.0,0.0,0.0,177.8666667,,11.0,,0.1343650866493298,0.4,69115.0,0.16195341411033218,139917.62770294512,11193.41021623561,11193.410216235608
0,49348.0,68000.0,Office,0.2,0.0,0.0,178.6,0.0,25.0,,0.051164129587205856,0.4,49348.0,0.10666197481801994,65794.4391664956,5263.555133319648,5263.555133319648
1,149000.0,,ProfExe,25.0,0.0,2.0,384.5,0.0,71.0,,0.044355860461603225,0.4,149000.0,0.0989722019255988,184335.72608642778,14746.858086914222,14746.85808691422
0,100685.0,129840.0,ProfExe,9.0,0.0,0.0,166.8463963,2.0,32.0,27.52722705,0.06960467734536328,0.4,100685.0,0.12411509207853995,156206.60057409742,12496.528045927795,12496.528045927795
0,67631.0,89458.0,Other,4.0,0.0,0.0,24.95552961,1.0,4.0,39.10372517,0.398129239152203,0.4,67631.0,0.1790230085375486,151343.81363003686,12107.505090402949,12107.505090402949
0,59465.0,78444.0,,7.0,,,,,,24.53994581,0.06470833038823011,0.4,59465.0,0.11989259065084751,89117.66128815808,7129.4129030526465,7129.412903052647
0,,35183.0,Other,12.0,,,94.36324735,1.0,8.0,32.60500098,0.1956066527403283,0.4,0.0,0.17920590085264876,0.0,0.0,0.0
0,78503.0,90558.0,Mgr,19.0,0.0,0.0,250.4522894,10.0,24.0,36.87623453,0.2128073101101369,0.4,78503.0,0.18201863779670724,178612.61403693634,14289.009122954907,14289.009122954909
0,41911.0,54985.0,ProfExe,4.0,0.0,0.0,254.6645258,0.0,35.0,38.72467961,0.0662099261065848,0.4,41911.0,0.12121601066322674,63503.552786331195,5080.284222906495,5080.284222906495
0,54040.0,66442.0,Other,6.0,0.0,0.0,237.5992543,0.0,18.0,34.88343531,0.0812458449235816,0.4,54040.0,0.13317133953349466,89957.23985487565,7196.579188390052,7196.579188390052
0,,66776.0,,8.0,0.0,0.0,118.9760627,0.0,14.0,25.96306069,0.09485558028943299,0.4,0.0,0.142274470008425,0.0,0.0,0.0
0,15411.0,50493.0,Office,24.0,0.0,0.0,259.7468906,0.0,19.0,30.56871339,0.023678781421814107,0.4,15411.0,0.06928207951570427,13346.32659270648,1067.7061274165185,1067.7061274165185
0,58229.0,74027.0,Other,2.0,0.0,0.0,228.560354,0.0,9.0,34.12424228,0.10062170504724831,0.4,58229.0,0.14571919694631558,106063.53898733761,8485.08311898701,8485.08311898701
0,68182.0,83091.0,Office,5.0,0.0,0.0,135.8483738,0.0,19.0,24.68413786,0.037020812739113944,0.4,68182.0,0.08970188822902814,76450.67679039495,6116.054143231596,6116.054143231597
0,46057.0,63603.0,Other,,0.0,0.0,107.1210392,2.0,19.0,41.93203663,0.2813980488315895,0.4,46057.0,0.18692991932640296,107617.89118020177,8609.431294416141,8609.431294416141
0,59658.0,80384.0,,8.0,,,,,,25.1928694,0.06703073179975859,0.4,59658.0,0.12192859722312806,90925.20316421716,7274.0162531373735,7274.0162531373735
1,124000.0,168000.0,ProfExe,4.0,0.0,0.0,146.8666667,2.0,29.0,,0.13351537657713883,0.4,124000.0,0.16161539635501346,250503.86435027086,20040.309148021668,20040.309148021668
0,4810.0,88000.0,Other,14.0,0.0,1.0,266.8333333,0.0,23.0,,0.12123366337419479,0.4,4810.0,0.15635216613461456,9400.6739888437,752.0539191074961,752.053919107496
0,206126.0,235912.0,ProfExe,10.0,0.0,0.0,236.5081164,0.0,21.0,30.18121716,0.05504124299732454,0.4,206126.0,0.11070693367017087,285244.7176212205,22819.577409697642,22819.577409697642
0,28050.0,49244.0,Other,9.0,0.0,0.0,122.1166394,1.0,9.0,20.82876656,0.08433597157672716,0.4,28050.0,0.13536785526020553,47463.35425060956,3797.068340048765,3797.068340048765
0,16535.0,46993.0,Office,24.0,0.0,0.0,260.8915332,0.0,20.0,28.1898371,0.019619908994372794,0.4,16535.0,0.06179779183329012,12772.831099543153,1021.8264879634522,1021.8264879634522
0,76194.0,106461.0,Other,4.0,0.0,0.0,80.70619763,1.0,13.0,34.52955009,0.22071426689377752,0.4,76194.0,0.1830715471085075,174361.91825482025,13948.953460385621,13948.953460385621
1,21340.0,44605.0,Office,13.0,0.0,0.0,126.7304283,0.0,5.0,36.46319167,0.10582928453675963,0.4,21340.0,0.1486422044617112,39650.30804016146,3172.0246432129165,3172.024643212917
1,67997.0,87000.0,Other,11.0,1.0,,93.33333333,3.0,23.0,,0.3233300439279816,0.4,67997.0,0.1860352920507795,158123.02191971068,12649.841753576855,12649.841753576855
0,82698.0,104963.0,Office,30.0,,1.0,344.2820203,1.0,50.0,33.9742812,0.02151633358253412,0.4,82698.0,0.0653884452831379,67593.67060031173,5407.493648024938,5407.493648024939
0,6871.0,52457.0,ProfExe,4.0,0.0,0.0,317.2440017,0.0,16.0,17.61790872,0.017587201441669576,0.4,6871.0,0.05774321194705572,4959.420116102749,396.7536092882199,396.7536092882199
0,51613.0,77912.0,Office,0.0,0.0,0.0,182.8825754,0.0,25.0,32.22445241,0.04209981669616988,0.4,51613.0,0.09623940399343127,62090.0544789121,4967.204358312968,4967.204358312968
0,86199.0,95034.0,Office,,0.0,0.0,164.29505,1.0,25.0,41.54600252,0.09165825591219891,0.4,86199.0,0.14026390476873793,151132.6040895055,12090.60832716044,12090.60832716044
0,82051.0,118505.0,,,,,,,,35.89056247,0.1306080955271183,0.4,82051.0,0.16043412718650166,164547.25712224562,13163.78056977965,13163.780569779647
0,82837.0,95796.0,Other,0.0,0.0,0.0,148.3552211,0.0,23.0,42.03308487,0.18497154016262257,0.4,82837.0,0.17707804137796568,183357.67142033178,14668.613713626542,14668.613713626542
0,63475.0,89430.0,Other,,0.0,0.0,286.3018149,0.0,19.0,28.63806277,0.04031687839215514,0.4,63475.0,0.09400774670149765,74589.27152346955,5967.141721877564,5967.141721877563
0,49264.0,68591.0,Other,9.0,0.0,0.0,237.8391591,0.0,18.0,31.25670012,0.06325315149142141,0.4,49264.0,0.11858503553117693,73024.66488009875,5841.9731904079,5841.9731904079
0,99343.0,125821.0,Mgr,5.0,,,257.0475443,2.0,41.0,39.83207903,0.07595759554226127,0.4,99343.0,0.12921765332077967,160460.8666730777,12836.869333846216,12836.869333846214
0,30306.0,44195.0,Other,9.0,0.0,1.0,87.43122628,2.0,12.0,29.40493516,0.32252874987723146,0.4,30306.0,0.1860751929085462,70489.93495358003,5639.194796286402,5639.1947962864015
0,47177.0,68456.0,ProfExe,3.0,0.0,0.0,193.6850688,2.0,18.0,34.54253324,0.1289471620973384,0.4,47177.0,0.15974175885499955,94201.71196877892,7536.136957502314,7536.136957502314
0,30210.0,42751.0,Mgr,17.0,0.0,0.0,86.64182333,0.0,17.0,23.39736224,0.08231836363273459,0.4,30210.0,0.133942892418038,50580.1847493616,4046.4147799489283,4046.414779948928
1,51829.0,69136.0,Other,14.0,0.0,0.0,169.9853078,0.0,18.0,35.63539385,0.1161586806968707,0.4,51829.0,0.15395732333221973,99743.1763873202,7979.454110985616,7979.454110985616
1,148396.0,162403.0,Mgr,13.0,0.0,0.0,163.4989942,0.0,31.0,35.42841566,0.08809772135735215,0.4,148396.0,0.13793553485949933,255863.5203876283,20469.081631010264,20469.081631010264
0,,,,,,,,,,24.59537785,0.06493788010020611,0.4,0.0,0.12009658331001727,0.0,0.0,0.0
0,10098.0,51653.0,ProfExe,3.0,0.0,0.0,302.652472,0.0,16.0,18.42392382,0.020338925063708272,0.4,10098.0,0.0631797739209519,7974.866963172155,637.9893570537724,637.9893570537723
0,76888.0,96552.0,ProfExe,9.0,2.0,0.0,189.5639063,0.0,30.0,29.41770877,0.16196285624653403,0.4,76888.0,0.17132160997393941,164657.19934595318,13172.575947676254,13172.575947676254
0,89448.0,115380.0,Office,11.0,0.0,0.0,222.8150889,0.0,12.0,40.52479687,0.07100958289347095,0.4,89448.0,0.12527866620584027,140074.07668475,11205.92613478,11205.92613478
1,94672.0,,Other,14.0,0.0,1.0,67.03803191,0.0,11.0,40.31743443,0.4619470749739148,0.4,94672.0,0.16876787068263813,199719.89816583396,15977.591853266716,15977.591853266716
0,106417.0,123580.0,ProfExe,9.0,0.0,0.0,166.4960653,3.0,31.0,29.31671006,0.09004647817123969,0.4,106417.0,0.13922184311353303,185194.63598266055,14815.570878612843,14815.570878612843
0,27235.0,39102.0,Other,8.0,0.0,0.0,71.42081509,2.0,11.0,29.15169816,0.19417658764179538,0.4,27235.0,0.1789378298690265,60917.147456036706,4873.371796482937,4873.371796482937
0,77565.0,101320.0,ProfExe,6.0,0.0,0.0,120.8273719,0.0,26.0,25.27620451,0.07034225929635063,0.4,77565.0,0.12472854916136052,120932.1239462616,9674.56991570093,9674.569915700928
0,33150.0,46053.0,Other,8.0,0.0,0.0,76.91471756,2.0,11.0,30.69643481,0.20586221163927126,0.4,33150.0,0.18097196895143208,74990.25963424967,5999.220770739974,5999.220770739974
0,65660.0,81937.0,Office,2.0,0.0,0.0,106.6575189,1.0,19.0,25.19780688,0.05225962109698411,0.4,65660.0,0.10782787389088827,88499.72749594656,7079.978199675725,7079.978199675724
0,35164.0,68061.0,ProfExe,5.0,0.0,0.0,245.6705776,1.0,16.0,23.11228982,0.043157304682173846,0.4,35164.0,0.0975326748346653,42870.48722357713,3429.638977886171,3429.6389778861703
0,14275.0,90376.0,Other,14.0,0.0,1.0,273.6025171,0.0,23.0,26.84247974,0.07115891216503713,0.4,14275.0,0.12540113573200246,22376.26515717919,1790.1012125743352,1790.101212574335
0,76931.0,94245.0,Other,5.0,3.0,0.0,78.68751988,0.0,21.0,25.43031494,0.39323517774247724,0.4,76931.0,0.1796618514061336,172769.5736315658,13821.565890525266,13821.565890525264
1,63000.0,89250.0,ProfExe,4.0,0.0,0.0,87.46666667,0.0,28.0,,0.14664621169223263,0.4,63000.0,0.1664923229331957,131112.70430989162,10489.01634479133,10489.01634479133
0,82967.0,114835.0,,,,,,,,34.47807397,0.12003679565287693,0.4,82967.0,0.15579954117926806,161577.75666275417,12926.220533020334,12926.220533020332
0,90662.0,111778.0,ProfExe,1.0,1.0,1.0,148.4232463,0.0,33.0,31.77010155,0.25877220674229745,0.4,90662.0,0.18628820213880076,211115.76227884943,16889.260982307955,16889.260982307955
0,35832.0,66260.0,ProfExe,7.0,0.0,0.0,277.7940868,0.0,16.0,23.70535928,0.03247217160800346,0.4,35832.0,0.0833323702942552,37324.5686547969,2985.965492383752,2985.9654923837525
0,76875.0,95893.0,Other,4.0,2.0,0.0,88.75457479,0.0,21.0,24.22469542,0.23949796007295765,0.4,76875.0,0.18502167528594204,177794.26609508492,14223.541287606795,14223.541287606795
0,90722.0,105695.0,Office,31.0,,0.0,321.4083741,2.0,50.0,35.24074131,0.013954954215829615,0.4,90722.0,0.04986910206231438,56552.80846621607,4524.224677297286,4524.224677297285
0,48910.0,70039.0,Other,8.0,0.0,1.0,94.97159599,3.0,48.0,30.92050169,0.20282431994883612,0.4,48910.0,0.1804768618906215,110339.04143837873,8827.1233150703,8827.123315070297
0,100255.0,116160.0,Other,10.0,0.0,0.0,184.7772142,0.0,26.0,34.48399039,0.08696274704492106,0.4,100255.0,0.13717276161942213,171903.19020193958,13752.255216155167,13752.255216155165
0,53738.0,66258.0,Other,7.0,0.0,0.0,240.8634414,0.0,17.0,34.53249609,0.07923770115094447,0.4,53738.0,0.13169972598164953,88465.99843502353,7077.279874801883,7077.279874801882
0,50570.0,69422.0,Other,3.0,0.0,0.0,191.1779415,0.0,13.0,36.64708052,0.13061604639650604,0.4,50570.0,0.16043741062351413,101416.49819038887,8113.31985523111,8113.31985523111
1,,,ProfExe,0.0,,,,,,,0.1274065002055523,0.4,0.0,0.15908790269219436,0.0,0.0,0.0
0,64365.0,85272.0,Other,0.0,1.0,0.0,242.552368,2.0,26.0,29.81963439,0.10995024550902341,0.4,64365.0,0.15083674140370829,121357.58575562104,9708.606860449683,9708.606860449683
1,63800.0,96500.0,Mgr,9.0,0.0,4.0,185.4333333,2.0,14.0,,0.7906717877600008,0.4,63800.0,0.0778108728557371,62054.17110245034,4964.333688196027,4964.333688196027
0,,43475.0,Other,,,,339.7,,17.0,,0.05306926146645571,0.4,0.0,0.10867773387063431,0.0,0.0,0.0
0,49000.0,98900.0,Other,0.1,0.0,3.0,51.66666667,1.0,10.0,,0.8010417095629985,0.4,49000.0,0.0742322071070756,45467.22685308381,3637.378148246705,3637.3781482467048
0,38000.0,59000.0,,6.0,1.0,0.0,107.5333333,2.0,10.0,,0.3491454406092033,0.4,38000.0,0.18432213776934045,87553.01544043672,7004.241235234937,7004.241235234937
0,86861.0,93341.0,Office,,0.0,0.0,162.0239464,0.0,26.0,42.89716211,0.08760569531050978,0.4,86861.0,0.13760610830049666,149407.552163618,11952.604173089441,11952.604173089441
0,46698.0,60679.0,,6.0,1.0,0.0,126.4938052,2.0,10.0,28.39481736,0.23558392913631943,0.4,46698.0,0.18467631431504328,107800.18157354863,8624.014525883891,8624.014525883891
0,30282.0,61986.0,ProfExe,7.0,0.0,0.0,249.2488046,0.0,16.0,21.00928089,0.03199081488357011,0.4,30282.0,0.08262638115992299,31276.15092855985,2502.092074284788,2502.092074284788
0,41807.0,50931.0,ProfExe,4.0,0.0,0.0,269.7185483,1.0,35.0,38.50788773,0.06800569545311047,0.4,41807.0,0.12276528396978365,64155.60283655931,5132.448226924745,5132.448226924745
0,43983.0,60826.0,,4.0,1.0,1.0,113.8979666,1.0,9.0,27.10808171,0.3779367127358962,0.4,43983.0,0.18150826789897428,99790.97683750733,7983.278147000587,7983.278147000586
0,63508.0,87310.0,Other,2.0,0.0,0.0,127.1652299,3.0,10.0,38.95372268,0.2918314320952293,0.4,63508.0,0.18694623134358937,148407.26575210842,11872.581260168674,11872.581260168674
0,60573.0,93187.0,Other,0.0,0.0,0.0,30.00947426,2.0,3.0,39.08020712,0.4348888004035217,0.4,60573.0,0.17353055101934833,131390.82583618734,10511.266066894988,10511.266066894987
0,88898.0,107208.0,Office,30.0,,0.0,329.7602146,1.0,50.0,36.74501301,0.012995015875448773,0.4,88898.0,0.0476290847536131,52926.62970533371,4234.130376426697,4234.130376426697
0,16448.0,38774.0,Office,7.0,0.0,0.0,91.00553985,0.0,16.0,19.24035126,0.035219041131203416,0.4,16448.0,0.087241615741802,17936.87619651449,1434.9500957211594,1434.9500957211594
0,73887.0,109451.0,Other,6.0,0.0,0.0,81.31481864,2.0,13.0,33.98140835,0.23437403097596363,0.4,73887.0,0.18456324045291678,170460.30184180825,13636.82414734466,13636.824147344661
0,65303.0,84590.0,Office,6.0,0.0,0.0,121.0649537,1.0,19.0,22.57682394,0.039563336417521744,0.4,65303.0,0.09304452604314446,75951.08355244329,6076.086684195463,6076.086684195463
0,101179.0,117405.0,Office,2.0,0.0,0.0,133.9305097,1.0,22.0,35.54740722,0.08159882760869158,0.4,101179.0,0.13342636366909497,168749.325620942,13499.94604967536,13499.94604967536
0,70872.0,88731.0,Other,4.0,0.0,0.0,243.9979348,3.0,26.0,29.04802062,0.06697413004079258,0.4,70872.0,0.12187970016553505,107973.22637664751,8637.858110131801,8637.8581101318
1,54359.0,78408.0,Self,4.0,3.0,0.0,129.9677556,0.0,24.0,3.016141451,0.14833703651443242,0.4,54359.0,0.16706881263577614,113521.16982585195,9081.693586068155,9081.693586068155
1,55480.0,76464.0,Other,15.0,0.0,1.0,122.0894998,5.0,20.0,43.06260476,0.5396532624388758,0.4,55480.0,0.1522025072297332,105552.43876381997,8444.195101105597,8444.195101105597
0,56506.0,81390.0,ProfExe,12.0,0.0,2.0,170.7666667,0.0,14.0,,0.39853833927983506,0.4,56506.0,0.17896857774895822,126409.98067853291,10112.798454282633,10112.798454282633
0,45701.0,78186.0,Mgr,5.0,0.0,0.0,125.0313534,1.0,8.0,26.34385565,0.1175377886455447,0.4,45701.0,0.15462159980792206,88329.52166027308,7066.361732821846,7066.361732821846
0,85486.0,97795.0,Office,,0.0,0.0,173.010785,1.0,26.0,41.58352917,0.08584754141205644,0.4,85486.0,0.13641330686668293,145767.84938506573,11661.427950805259,11661.427950805257
0,66329.0,100824.0,ProfExe,9.0,0.0,0.0,279.2407514,0.0,11.0,36.19837544,0.07953777408163328,0.4,66329.0,0.13192189573855692,109378.09278053428,8750.247422442742,8750.247422442742
0,89872.0,118027.0,ProfExe,0.0,1.0,1.0,155.4454529,1.0,34.0,33.13569677,0.29231685493336224,0.4,89872.0,0.186942938445509,210011.6970496848,16800.935763974783,16800.935763974783
0,,44066.0,Other,0.0,0.0,0.0,313.7797311,1.0,8.0,27.75194278,0.04925245283527346,0.4,0.0,0.10458199242554977,0.0,0.0,0.0
0,87167.0,114219.0,ProfExe,8.0,0.0,0.0,194.1131735,2.0,36.0,41.3297639,0.1305746675111115,0.4,87167.0,0.16042031935426293,174791.97471441297,13983.357977153037,13983.357977153037
1,57557.0,80611.0,Other,12.0,0.0,0.0,103.1065045,0.0,7.0,39.84087535,0.2533268908728452,0.4,57557.0,0.186001052952943,133820.78256015675,10705.66260481254,10705.66260481254
0,65843.0,86628.0,Other,,0.0,0.0,288.581891,0.0,20.0,28.27556284,0.0380161439560935,0.4,65843.0,0.09102788972441406,74919.36678905744,5993.549343124596,5993.549343124595
0,22245.0,31531.0,Office,7.0,0.0,0.0,91.07421818,0.0,16.0,21.62058028,0.041165277586763034,0.4,22245.0,0.09507783997804452,26437.581878895006,2115.0065503116007,2115.0065503116
0,44588.0,72331.0,ProfExe,6.0,0.0,0.0,156.3317445,2.0,11.0,28.16444054,0.12074827357267325,0.4,44588.0,0.15612893888338442,87018.4640866543,6961.477126932345,6961.477126932345
0,82930.0,103352.0,ProfExe,6.0,0.0,0.0,105.675978,0.0,27.0,27.47381473,0.08590677850984758,0.4,82930.0,0.1364538985145269,141451.52254762145,11316.121803809716,11316.121803809716
0,87391.0,99494.0,Other,18.0,0.0,0.0,134.8599969,4.0,23.0,29.53505856,0.1358202861583582,0.4,87391.0,0.16252483225811576,177540.09519836245,14203.207615868996,14203.207615868994
0,97646.0,139884.0,ProfExe,13.0,0.0,0.0,119.0831164,5.0,22.0,36.36059707,0.24827159598147397,0.4,97646.0,0.1856854955098832,226643.0736819757,18131.445894558055,18131.445894558055
0,49849.0,70075.0,Office,0.0,0.0,0.0,153.691869,0.0,25.0,30.9009156,0.04553990908854055,0.4,49849.0,0.10036778802436014,62540.42331532911,5003.233865226329,5003.233865226329
0,97930.0,113886.0,Office,3.0,0.0,0.0,267.8272583,0.0,33.0,28.42029335,0.016454434025580424,0.4,97930.0,0.05538069920419887,67792.89841333995,5423.431873067196,5423.431873067196
0,51219.0,144894.0,Other,1.0,0.0,0.0,275.2831155,5.0,42.0,39.32388512,0.09991449011632603,0.4,51219.0,0.14530877970591244,93032.1298469641,7442.570387757129,7442.5703877571295
0,48649.0,81342.0,Mgr,3.0,0.0,0.0,110.0567314,0.0,8.0,28.8023987,0.13258827004858592,0.4,48649.0,0.16124288353171812,98053.81301168194,7844.305040934555,7844.305040934555
1,58204.0,71257.0,Office,3.0,3.0,2.0,206.5187349,1.0,50.0,43.76293027,0.5984524739732049,0.4,58204.0,0.1372711616021486,99871.63362364323,7989.7306898914585,7989.730689891458
0,69723.0,83553.0,Office,5.0,0.0,0.0,114.8555346,1.0,19.0,22.9572918,0.04229243164313587,0.4,69723.0,0.09647661612010877,84082.98882177929,6726.639105742343,6726.639105742343
0,72637.0,103297.0,Other,4.0,2.0,0.0,83.46608634,0.0,20.0,22.55303962,0.22873776314054783,0.4,72637.0,0.18399630672173004,167061.7466418288,13364.939731346303,13364.939731346305
0,60667.0,81293.0,,6.0,,,,,,27.5737365,0.07893749568855987,0.4,60667.0,0.1314766501334201,99703.67417055246,7976.293933644197,7976.293933644198
0,45797.0,71942.0,Other,11.0,0.0,0.0,233.6787307,0.0,17.0,33.55026521,0.07552274197515979,0.4,45797.0,0.12888106720175296,73779.5779329835,5902.366234638681,5902.366234638681
0,36120.0,57095.0,ProfExe,4.0,0.0,0.0,239.0236755,1.0,35.0,38.17162353,0.07876413913988684,0.4,36120.0,0.13134746318941867,59303.37963002253,4744.270370401802,4744.270370401802
1,,54869.0,Office,8.0,,,,,,,0.06332616863080112,0.4,0.0,0.11865124403539667,0.0,0.0,0.0
0,80988.0,97404.0,ProfExe,10.0,3.0,0.0,188.501672,1.0,30.0,26.5682704,0.24605819567244855,0.4,80988.0,0.185532125650892,187823.44740268053,15025.875792214443,15025.875792214441
0,81483.0,134347.0,ProfExe,14.0,0.0,0.0,305.9150757,0.0,18.0,29.65356348,0.03739624725372513,0.4,81483.0,0.0902047495889634,91876.9201344688,7350.153610757505,7350.153610757506
0,93226.0,108149.0,Sales,11.0,,1.0,152.7976908,1.0,17.0,34.25026619,0.5077324752941936,0.4,93226.0,0.15948533839494594,185852.25196509037,14868.180157207229,14868.18015720723
1,45000.0,85000.0,Mgr,11.0,0.0,0.0,110.0,0.0,31.0,,0.11451444156190248,0.4,45000.0,0.15315184853525435,86147.91480108058,6891.833184086447,6891.833184086446
1,399550.0,,Mgr,0.9,0.0,0.0,138.1666667,1.0,18.0,,0.15285834671981607,0.4,399550.0,0.1685560433535307,841832.08902379,67346.5671219032,67346.5671219032
1,,,,1.0,1.0,0.0,108.5333333,0.0,22.0,,0.24335791081436514,0.4,0.0,0.18533223410525074,0.0,0.0,0.0
1,63000.0,100050.0,Other,,1.0,0.0,135.3,1.0,20.0,,0.23950382372648293,0.4,63000.0,0.18502216949606912,145704.9584781544,11656.396678252353,11656.396678252355
1,4734.0,55500.0,Other,24.0,2.0,0.0,14.6,1.0,1.0,,0.613866812510519,0.4,4734.0,0.13306385692278347,7874.053733405712,629.924298672457,629.924298672457
1,,27500.0,Other,11.0,1.0,1.0,62.3,2.0,3.0,,0.6361609706789244,0.4,0.0,0.12678211123727112,0.0,0.0,0.0
1,8200.0,42075.0,ProfExe,18.0,1.0,0.0,122.2331482,0.0,23.0,,0.20401587314903927,0.4,8200.0,0.18067381640626842,18519.066181642513,1481.525294531401,1481.525294531401
1,98000.0,132790.0,Other,1.5,0.0,3.0,107.6666667,1.0,21.0,,0.6900059832228547,0.4,98000.0,0.11072610009702194,135639.47261885187,10851.15780950815,10851.15780950815
1,49200.0,72900.0,Other,10.0,0.0,0.0,174.0332996,1.0,16.0,,0.13011205335814766,0.4,49200.0,0.1602286984786115,98540.64956434607,7883.251965147685,7883.251965147685
1,163000.0,207562.0,ProfExe,6.0,0.0,0.0,247.5842491,1.0,27.0,,0.07136080355219021,0.4,163000.0,0.12556634782509069,255841.43369362227,20467.314695489782,20467.314695489782
1,45000.0,68250.0,Other,7.0,0.0,1.0,55.96666667,0.0,4.0,,0.4375840653949667,0.4,45000.0,0.17308221984486036,97358.74866273395,7788.6998930187165,7788.6998930187165
1,86000.0,,Mgr,1.0,0.0,0.0,63.7,1.0,27.0,,0.18556966699712232,0.4,86000.0,0.1772061227881192,190496.58199722815,15239.726559778252,15239.726559778252
1,37000.0,58488.0,Other,2.0,0.0,0.0,266.9333333,0.0,48.0,,0.036969769685171606,0.4,37000.0,0.08963326512296974,41455.3851193735,3316.4308095498805,3316.43080954988
1,83000.0,114000.0,ProfExe,18.0,0.0,0.0,207.2333333,0.0,27.0,,0.07295329793515754,0.4,83000.0,0.1268549719233938,131612.03337052107,10528.962669641685,10528.962669641685
1,40772.0,62025.0,Other,,0.0,1.0,120.6,2.0,19.0,,0.3292094753582849,0.4,40772.0,0.18571734069167894,94650.84268351417,7572.067414681134,7572.067414681134
1,20000.0,47394.0,Other,13.0,0.0,0.0,66.13333333,0.0,11.0,,0.2140605075384522,0.4,20000.0,0.18219518851680172,45548.79712920043,3643.9037703360345,3643.9037703360345
1,29000.0,105000.0,Other,7.0,0.0,4.0,97.66666667,1.0,8.0,,0.8707332673003331,0.4,29000.0,0.049383935281209504,17901.676539438446,1432.1341231550757,1432.1341231550757
1,38000.0,73200.0,Other,6.0,0.0,0.0,171.3,0.0,17.0,,0.11797063041419291,0.4,38000.0,0.1548279864385045,73543.29355828965,5883.463484663172,5883.463484663172
1,,,,0.0,2.0,1.0,91.26666667,1.0,10.0,,0.6806421241260368,0.4,0.0,0.1136030455692148,0.0,0.0,0.0
1,89000.0,122400.0,Mgr,1.0,0.0,2.0,136.4666667,0.0,19.0,,0.42988417183755795,0.4,89000.0,0.17434712960650173,193961.18168723318,15516.894534978655,15516.894534978654
1,48786.0,72500.0,Other,10.0,0.0,0.0,75.4,2.0,9.0,,0.26424106290826865,0.4,48786.0,0.1865231491308535,113746.47941872272,9099.718353497818,9099.71835349782
1,57900.0,88200.0,ProfExe,10.0,,,,,,,0.11997851330479224,0.4,57900.0,0.1557724416727682,112740.304660666,9019.224372853281,9019.22437285328
1,34200.0,38900.0,Other,9.2,0.0,0.0,170.7,4.0,21.0,,0.16911819818669757,0.4,34200.0,0.1732926048263763,74082.58856327586,5926.607085062069,5926.607085062069
1,37624.0,60562.0,Other,,0.0,1.0,186.8666667,7.0,26.0,,0.3540115224456146,0.4,37624.0,0.18391051880008222,86493.11699167866,6919.449359334293,6919.449359334293
1,106239.0,135942.0,ProfExe,19.5,0.0,1.0,9.1,2.0,24.0,,0.4354881145137177,0.4,106239.0,0.1734313755151674,230314.69879194838,18425.17590335587,18425.17590335587
1,18500.0,19000.0,Other,2.0,0.0,1.0,20.16666667,0.0,2.0,,0.510186470928115,0.4,18500.0,0.1589478931287317,36756.70028601921,2940.5360228815366,2940.5360228815366
1,5500.0,29025.0,Other,25.0,0.0,5.0,275.5,1.0,19.0,,0.78054333706844,0.4,5500.0,0.08127460984729616,5587.6294270016115,447.01035416012894,447.0103541601289
1,71269.0,97500.0,Other,9.0,0.0,0.0,118.1666667,1.0,19.0,,0.1636105469076605,0.4,71269.0,0.17179079649259316,153041.97844038275,12243.358275230621,12243.358275230621
1,96931.0,137390.0,Other,0.2,0.0,0.0,114.8666667,1.0,16.0,,0.18496882819586283,0.4,96931.0,0.17707745830127367,214553.68888250945,17164.295110600757,17164.295110600757
1,,74750.0,,,,,,,,,0.12287613667008887,0.4,0.0,0.1570986157876793,0.0,0.0,0.0
0,2619.0,57310.0,Sales,0.3,0.0,0.0,322.6,0.0,6.0,,0.17861095465480264,0.4,2619.0,0.1756513297248501,5750.38540686728,460.0308325493824,460.0308325493824
0,,87360.0,Office,28.0,0.0,0.0,323.6333333,0.0,16.0,,0.022712110861438796,0.4,0.0,0.06756646400743768,0.0,0.0,0.0
0,50000.0,90000.0,ProfExe,5.5,0.0,0.0,130.8666667,2.0,22.0,,0.1644422962963525,0.4,50000.0,0.1720241143317936,107515.071457371,8601.20571658968,8601.20571658968
0,18000.0,163580.0,Self,7.0,0.0,0.0,304.3666667,0.0,27.0,,0.07927905299734757,0.4,18000.0,0.13173039018258156,29639.337791080852,2371.147023286468,2371.147023286468
0,62000.0,94575.0,ProfExe,23.0,0.0,0.0,238.4,1.0,24.0,,0.07179274605594166,0.4,62000.0,0.12591841215848507,97586.76942282592,7806.941553826074,7806.941553826074
0,48882.0,156000.0,ProfExe,20.0,0.0,0.0,239.5,0.0,28.0,,0.05899224091939995,0.4,48882.0,0.11460751017096396,70028.05390221326,5602.244312177061,5602.24431217706
0,,48800.0,Office,2.0,0.0,0.0,86.26666667,2.0,9.0,,0.14739876484079997,0.4,0.0,0.16675029562762456,0.0,0.0,0.0
0,42720.0,70000.0,Other,1.0,,2.0,289.0,1.0,10.0,,0.3090977561941923,0.4,42720.0,0.18661757105287866,99653.7829422372,7972.302635378976,7972.302635378976
0,73335.0,99400.0,ProfExe,0.5,0.0,0.0,273.9333333,2.0,21.0,,0.08210618281245848,0.4,73335.0,0.13379103710869386,122644.5713295758,9811.565706366064,9811.565706366064
0,125000.0,154000.0,Mgr,,0.0,0.0,223.2030702,0.0,19.0,,0.08224366618678726,0.4,125000.0,0.13388947622180009,209202.30659656264,16736.18452772501,16736.18452772501
0,135442.0,175900.0,Mgr,11.0,0.0,0.0,247.5666667,0.0,21.0,,0.06726313247288147,0.4,135442.0,0.12212898992735613,206767.43317176212,16541.394653740972,16541.39465374097
0,,94000.0,Other,,0.0,0.0,186.7,1.0,10.0,,0.1398176346116048,0.4,0.0,0.1640469721456258,0.0,0.0,0.0
0,53000.0,83400.0,ProfExe,5.0,0.0,0.0,120.3,0.0,13.0,,0.16542500990121006,0.4,53000.0,0.17229676040716846,114146.60376974911,9131.72830157993,9131.728301579928
0,54261.0,88000.0,ProfExe,10.0,0.0,0.0,,1.0,16.0,,0.12999726187718977,0.4,54261.0,0.16018099614786246,108644.76289973958,8691.581031979167,8691.581031979165
0,94705.0,114400.0,Other,9.0,0.0,0.0,300.2666667,2.0,19.0,,0.07072704475717458,0.4,94705.0,0.12504631707824615,148031.39323619127,11842.511458895302,11842.511458895302
0,42657.0,65000.0,ProfExe,18.0,0.0,0.0,181.6,0.0,23.0,,0.09120526611075791,0.4,42657.0,0.13997299938260074,74635.352933295,5970.8282346636,5970.8282346636
0,122486.0,159000.0,Office,5.0,0.0,0.0,137.0,1.0,21.0,,0.07705482223399678,0.4,122486.0,0.13005899884273583,199130.08165314177,15930.406532251342,15930.406532251342
0,48000.0,105000.0,Office,2.0,,3.0,142.0,1.0,24.0,,0.45098683989758104,0.4,48000.0,0.17076601729905747,102459.61037943448,8196.768830354758,8196.768830354758
0,102988.0,130000.0,Other,1.3,0.0,0.0,289.1666667,0.0,47.0,,0.03344933020218832,0.4,102988.0,0.08474590932622678,109097.64637111803,8727.811709689442,8727.811709689444
0,86177.0,111500.0,Other,14.0,0.0,0.0,133.9333333,2.0,9.0,,0.19821798855425865,0.4,86177.0,0.17968138727322946,193555.0363880637,15484.402911045096,15484.402911045096
0,23473.0,74000.0,Other,,0.0,0.0,244.7666667,1.0,50.0,,0.04408439913422358,0.4,23473.0,0.09864856108133875,28944.720928278304,2315.5776742622643,2315.5776742622643
0,72000.0,95000.0,Other,0.0,0.0,0.0,147.1,1.0,18.0,,0.15212438763064912,0.4,72000.0,0.16831990356164095,151487.91320547686,12119.03305643815,12119.033056438147
0,59000.0,86420.0,Office,1.5,0.0,0.0,160.3,0.0,25.0,,0.056203538687975424,0.4,59000.0,0.11187671653944578,82509.07844784127,6600.726275827302,6600.726275827301
0,92000.0,154000.0,Mgr,1.0,0.0,0.0,207.9666667,1.0,19.0,,0.10446535382642419,0.4,92000.0,0.1478931722922684,170077.14813610865,13606.171850888692,13606.171850888692
0,89126.0,118300.0,Office,0.4,,3.0,263.1666667,1.0,30.0,,0.26125626318569184,0.4,89126.0,0.18640146084462672,207665.2074904775,16613.2165992382,16613.2165992382
0,95300.0,135700.0,Office,3.0,,,115.6666667,3.0,16.0,,0.12306694289300395,0.4,95300.0,0.15718444645593022,187245.97184062685,14979.677747250149,14979.677747250149
0,36900.0,58600.0,Other,26.0,0.0,0.0,247.1,0.0,14.0,,0.07390311461584788,0.4,36900.0,0.12761145495107193,58860.78359618193,4708.862687694555,4708.862687694555
0,100000.0,115000.0,ProfExe,1.0,0.0,0.0,128.8666667,0.0,30.0,,0.11597181121724821,0.4,100000.0,0.15386652388633304,192333.15485791632,15386.652388633305,15386.652388633303
0,116000.0,202800.0,Other,3.5,0.0,0.0,202.9666667,0.0,17.0,,0.10139268297186448,0.4,116000.0,0.14616288056968377,211936.17682604148,16954.89414608332,16954.894146083316
0,84000.0,110975.0,Other,20.0,0.0,0.0,282.1666667,1.0,17.0,,0.06719232729564377,0.4,84000.0,0.12206800007723784,128171.40008109972,10253.712006487978,10253.712006487978
0,15832.0,35300.0,Office,1.0,0.0,0.0,211.0333333,0.0,16.0,,0.051603113399261026,0.4,15832.0,0.10713140633493923,21201.305313684476,1696.104425094758,1696.1044250947577
1,62674.0,76950.0,Mgr,8.0,1.0,5.0,249.5333333,0.0,31.0,,0.8425273023772853,0.4,62674.0,0.05960214842213496,46693.81312761108,3735.5050502088866,3735.5050502088866
1,,50000.0,Other,0.0,3.0,4.0,206.9666667,1.0,45.0,,0.9021748564873797,0.4,0.0,0.03775052380304409,0.0,0.0,0.0
1,89200.0,114750.0,ProfExe,11.0,0.0,0.0,114.6,0.0,27.0,,0.1249228864351401,0.4,89200.0,0.1580098317683143,176180.96242167044,14094.476993733635,14094.476993733635
1,109000.0,155000.0,Office,0.0,3.0,2.0,105.5,1.0,28.0,,0.7136481683915351,0.4,109000.0,0.10331361497507983,140764.80040354625,11261.1840322837,11261.184032283702
1,42006.0,,Other,10.0,0.0,1.0,75.33333333,0.0,33.0,,0.25913158034449596,0.4,42006.0,0.1863052675355553,97824.23835123169,7825.939068098535,7825.939068098535
1,153000.0,185625.0,Mgr,8.0,,2.0,154.2,,31.0,,0.359484708500421,0.4,153000.0,0.1834156524207931,350782.43525476684,28062.594820381346,28062.594820381346
1,33000.0,,,0.9,7.0,5.0,144.8666667,0.0,20.0,,0.9978872886541955,0.4,33000.0,0.0008429310243006417,347.7090475240147,27.816723801921174,27.816723801921174
1,116400.0,146450.0,Other,17.5,0.0,1.0,255.6666667,1.0,29.0,,0.1252340468619146,0.4,116400.0,0.1581465446943142,230103.22253022715,18408.25780241817,18408.25780241817
1,6124.0,35000.0,Other,1.5,1.0,0.0,91.26666667,0.0,5.0,,0.3438463652712544,0.4,6124.0,0.18473933921838345,14141.796417167254,1131.3437133733803,1131.3437133733803
1,18900.0,80400.0,ProfExe,7.0,0.0,1.0,142.0,0.0,12.0,,0.27899662152189514,0.4,18900.0,0.18690206143239285,44155.61201340282,3532.4489610722253,3532.448961072225
1,54294.0,85460.0,Other,18.0,0.0,3.0,118.6666667,1.0,23.0,,0.6401914923047713,0.4,54294.0,0.12562255279297482,85256.88601677219,6820.5508813417755,6820.5508813417755
1,,26100.0,Other,1.6,0.0,1.0,105.4666667,17.0,20.0,,0.7988413401249456,0.4,0.0,0.07499425541664677,0.0,0.0,0.0
1,73500.0,105000.0,Other,1.0,0.0,2.0,205.9333333,2.0,25.0,,0.37179792332107914,0.4,73500.0,0.18218276186293897,167380.41246157515,13390.432996926012,13390.432996926014
1,40000.0,58000.0,ProfExe,4.0,7.0,0.0,268.8333333,3.0,26.0,,0.8477194357918316,0.4,40000.0,0.05773717726931485,28868.588634657426,2309.487090772594,2309.487090772594
1,68000.0,96000.0,Mgr,12.0,0.0,3.0,109.5666667,0.0,24.0,,0.616509654356497,0.4,68000.0,0.13233113923234688,112481.46834749485,8998.51746779959,8998.517467799587
1,62100.0,40000.0,ProfExe,1.0,0.0,0.0,111.6,2.0,13.0,,0.21847287409786034,0.4,62100.0,0.18278766659409756,141888.92619366825,11351.11409549346,11351.114095493458
1,74000.0,90000.0,ProfExe,9.0,1.0,3.0,136.9666667,0.0,27.0,,0.7079946099869983,0.4,74000.0,0.10510510644812104,97222.22346451196,7777.777877160957,7777.777877160957
1,16400.0,205950.0,Mgr,10.0,8.0,3.0,135.9333333,11.0,42.0,,0.9976964872695909,0.4,16400.0,0.0009189349311577999,188.38166088734897,15.070532870987918,15.070532870987918
1,55300.0,81000.0,Other,5.3,8.0,0.0,259.7333333,4.0,30.0,,0.9165085684107352,0.4,55300.0,0.03236532438719602,22372.53048264925,1789.80243861194,1789.8024386119398
1,166000.0,182175.0,,3.5,4.0,0.0,74.06666667,2.0,14.0,,0.7791267602209043,0.4,166000.0,0.08175652300917897,169644.7852440464,13571.582819523712,13571.58281952371
1,54000.0,72865.0,Office,2.9,0.0,1.0,145.1,1.0,15.0,,0.16923894342424978,0.4,54000.0,0.17332440500746968,116993.97338004204,9359.517870403362,9359.517870403362
1,47000.0,73900.0,Office,2.0,1.0,5.0,73.1,1.0,16.0,,0.9280197996295768,0.4,47000.0,0.028004394788752496,16452.58193839209,1316.2065550713671,1316.2065550713673
1,82000.0,130000.0,Mgr,18.0,0.0,5.0,122.7333333,10.0,19.0,,0.9667946591230708,0.4,82000.0,0.013081184064200403,13408.213665805411,1072.657093264433,1072.6570932644331
1,61438.0,127300.0,Self,4.0,1.0,3.0,134.2666667,1.0,17.0,,0.8683327538175581,0.4,61438.0,0.05026175737305723,38599.77311857362,3087.9818494858896,3087.98184948589
1,42000.0,111351.0,Other,6.0,,6.0,225.6333333,0.0,17.0,,0.9164625516744401,0.4,42000.0,0.032382693151368706,17000.913904468573,1360.0731123574858,1360.0731123574856
1,79000.0,108000.0,Other,0.4,0.0,0.0,385.5,3.0,31.0,,0.040584642800419055,0.4,79000.0,0.09434710793032847,93167.76908119937,7453.421526495949,7453.4215264959485
1,125000.0,177100.0,ProfExe,10.0,3.0,1.0,221.1666667,0.0,14.0,,0.5686265895442997,0.4,125000.0,0.14507610153974082,226681.408655845,18134.5126924676,18134.512692467604
1,77544.0,102000.0,Sales,4.0,0.0,0.0,11.7,2.0,35.0,,0.4718264274154006,0.4,77544.0,0.16688966492273527,161766.15220960727,12941.292176768582,12941.292176768584
1,61265.0,,Office,22.0,0.0,0.0,186.6666667,1.0,21.0,,0.052491825182813895,0.4,61265.0,0.10807262908343872,82763.37025996091,6621.069620796873,6621.069620796873
0,96983.0,140487.0,ProfExe,15.0,0.0,0.0,132.421919,4.0,21.0,35.3484859,0.20115006301233532,0.4,96983.0,0.1801940384716219,218446.98041366634,17475.75843309331,17475.758433093306
0,26284.0,40908.0,ProfExe,20.0,0.0,1.0,198.8312038,1.0,16.0,32.01239231,0.17818203073652955,0.4,26284.0,0.17555078415189937,57677.210133106535,4614.176810648523,4614.176810648523
0,5627.0,64962.0,Sales,0.0,0.0,0.0,341.5020847,0.0,6.0,39.9967104,0.21668470190864783,0.4,5627.0,0.1825529798600139,12840.320220903728,1027.2256176722983,1027.2256176722983
0,46867.0,67529.0,Other,7.0,0.0,0.0,133.787581,3.0,48.0,31.48646083,0.0878073443988834,0.4,46867.0,0.13774134813239258,80694.04703651053,6455.523762920842,6455.523762920843
0,73187.0,111623.0,Other,4.0,0.0,0.0,98.13989369,2.0,14.0,36.23723367,0.24262544459856292,0.4,73187.0,0.18527556296582898,169497.03283475156,13559.762626780124,13559.762626780126
0,65584.0,92582.0,Other,10.0,0.0,0.0,82.94897322,2.0,10.0,34.3172408,0.24431338392873006,0.4,65584.0,0.18540458281114655,151994.67698857796,12159.574159086238,12159.574159086236
0,,68020.0,,1.0,0.0,0.0,,0.0,0.0,1.920694367,0.02085220580734693,0.4,0.0,0.06415072405846393,0.0,0.0,0.0
0,27954.0,79333.0,Other,,0.0,0.0,256.0038054,1.0,49.0,42.58194893,0.06958372448182816,0.4,27954.0,0.12409758140916956,43362.79738389907,3469.023790711926,3469.023790711926
0,84832.0,107207.0,Other,19.0,0.0,0.0,124.4505323,4.0,23.0,28.55818348,0.1344118475311056,0.4,84832.0,0.1619719220151605,171755.0261048762,13740.402088390096,13740.402088390096
0,89165.0,106392.0,Sales,12.0,,2.0,166.085018,0.0,17.0,35.0331025,0.6580365981882401,0.4,89165.0,0.12040409413269182,134197.8881667683,10735.831053341464,10735.831053341466
0,44623.0,72225.0,Other,1.0,0.0,0.0,268.4203579,0.0,21.0,28.13158042,0.042966174765536956,0.4,44623.0,0.09730055970270751,54273.035945173964,4341.842875613917,4341.842875613917
0,140193.0,176342.0,Mgr,11.0,0.0,0.0,248.1884191,0.0,20.0,30.0801582,0.05033964767134332,0.4,140193.0,0.10577210362661925,185356.3565465829,14828.508523726632,14828.508523726632
0,81461.0,93548.0,Other,2.0,0.0,0.0,160.1036,0.0,22.0,41.00736353,0.1661261531409474,0.4,81461.0,0.1724893017217425,175639.38759443583,14051.151007554867,14051.151007554867
1,45351.0,65481.0,Other,4.0,0.0,0.0,91.71529252,9.0,18.0,39.07015305,0.4822328727037055,0.4,45351.0,0.16483493095242063,93442.86192029035,7475.428953623228,7475.428953623228
0,,53238.0,Other,,,,350.9611645,,16.0,34.05584767,0.04830373212791274,0.4,0.0,0.10352757159657536,0.0,0.0,0.0
0,73505.0,109656.0,Other,5.0,0.0,0.0,81.96415129,2.0,13.0,36.46121054,0.26671364748897775,0.4,73505.0,0.18661222192188173,171461.64215459896,13716.931372367917,13716.931372367917
0,72645.0,106343.0,Other,5.0,0.0,0.0,80.77214991,2.0,13.0,34.47559678,0.242328756401225,0.4,72645.0,0.18525230846459345,168220.6743551299,13457.65394841039,13457.65394841039
0,49533.0,63607.0,Other,2.0,0.0,0.0,180.5232928,0.0,14.0,36.37718295,0.13388520757638156,0.4,49533.0,0.16176291405244902,100157.53027199948,8012.602421759959,8012.602421759958
0,68043.0,80686.0,Office,4.0,0.0,0.0,119.6724909,1.0,20.0,21.41822746,0.03662885242584829,0.4,68043.0,0.08917334888091857,75845.27722380428,6067.622177904343,6067.622177904343
0,,57940.0,Office,0.0,0.0,0.0,86.89492992,1.0,8.0,38.85034854,0.17041888847057174,0.4,0.0,0.17363267036212307,0.0,0.0,0.0
0,96763.0,114896.0,Office,2.0,0.0,0.0,144.52965,0.0,21.0,36.37170403,0.07332252861264096,0.4,96763.0,0.1271501076615312,153792.8233456593,12303.425867652744,12303.425867652744
1,54000.0,77542.0,ProfExe,13.0,1.0,1.0,122.5666667,1.0,26.0,,0.38288990395386063,0.4,54000.0,0.1809359312136306,122131.75356920066,9770.540285536053,9770.540285536053
0,,65961.0,,0.0,0.0,0.0,,0.0,0.0,1.603507978,0.02055190472196137,0.4,0.0,0.06358420625556462,0.0,0.0,0.0
0,38549.0,59853.0,,5.0,0.0,0.0,104.1832474,2.0,9.0,29.14186281,0.17493483736299917,0.4,38549.0,0.17477136094499063,84215.76491335554,6737.261193068443,6737.261193068443
1,,,,0.0,0.0,0.0,,0.0,0.0,,0.16914203572455713,0.4,0.0,0.17329888658537237,0.0,0.0,0.0
0,60264.0,87110.0,ProfExe,5.0,0.0,0.0,111.399385,0.0,13.0,26.06204325,0.10272464581579362,0.4,60264.0,0.1469203270965511,110675.08240183194,8854.006592146556,8854.006592146556
0,53549.0,99812.0,ProfExe,4.0,0.0,0.0,127.1221472,2.0,21.0,37.95710368,0.20437634309410768,0.4,53549.0,0.1807326954235106,120975.6888404196,9678.05510723357,9678.05510723357
0,44959.0,68483.0,Mgr,27.0,1.0,0.0,279.9479886,1.0,17.0,37.18094785,0.12327752832848396,0.4,44959.0,0.15727896230777,88388.8108299379,7071.104866395031,7071.104866395031
0,101378.0,143229.0,ProfExe,12.0,0.0,0.0,129.5373152,4.0,21.0,36.77621277,0.22374463723688595,0.4,101378.0,0.18343742945309705,232456.49653870089,18596.519723096073,18596.519723096073
0,45579.0,54065.0,Other,,0.0,0.0,79.75739031,0.0,15.0,41.44733187,0.2724532394817912,0.4,45579.0,0.18677882569823243,106414.9012062467,8513.192096499735,8513.192096499735
0,26196.0,45657.0,Other,9.0,0.0,0.0,86.71659339,1.0,12.0,29.32175447,0.1592056516633887,0.4,26196.0,0.17051540955953504,55835.270860269746,4466.82166882158,4466.82166882158
0,127045.0,163833.0,Office,4.0,0.0,0.0,135.9752767,0.0,21.0,25.86181234,0.03850046069604397,0.4,127045.0,0.09166489472243451,145569.58187514616,11645.566550011694,11645.566550011692
0,44700.0,76456.0,Mgr,5.0,0.0,0.0,134.5043482,0.0,9.0,29.38399653,0.11715255791644957,0.4,44700.0,0.1544370740150124,86291.71510588817,6903.337208471054,6903.337208471054
0,39679.0,62674.0,,5.0,1.0,0.0,95.59910086,1.0,9.0,28.50559056,0.25169993372767135,0.4,39679.0,0.18590471163069633,92206.41315993,7376.5130527944,7376.513052794399
0,,32289.0,Other,13.0,,,81.95405483,1.0,9.0,33.53470838,0.21300847315067797,0.4,0.0,0.18204722732054424,0.0,0.0,0.0
0,81298.0,108947.0,ProfExe,9.0,0.0,0.0,194.4434657,1.0,35.0,42.24594075,0.12437016456291043,0.4,81298.0,0.15776580964635323,160325.5599078653,12826.044792629225,12826.044792629225
0,,98114.0,Other,,0.0,0.0,198.0753807,1.0,10.0,31.54584266,0.10803572664913998,0.4,0.0,0.14982983044874423,0.0,0.0,0.0
1,58000.0,77000.0,Other,0.9,1.0,0.0,127.8666667,3.0,26.0,,0.28046544954511066,0.4,58000.0,0.18692019291895853,135517.13986624495,10841.371189299596,10841.371189299594
0,5076.0,66536.0,Sales,2.0,0.0,0.0,323.1020042,0.0,5.0,40.25292875,0.24055904293635236,0.4,5076.0,0.18510998926041267,11745.228818573185,939.6183054858548,939.6183054858546
0,44414.0,60098.0,,4.0,1.0,0.0,105.749642,2.0,9.0,27.37526941,0.25209989022628965,0.4,44414.0,0.18592885082158117,103223.04975487132,8257.843980389705,8257.843980389705
0,59544.0,86360.0,ProfExe,5.0,0.0,0.0,120.1367083,0.0,12.0,27.61633383,0.11008515011417547,0.4,59544.0,0.1509068800665333,112319.99083352074,8985.59926668166,8985.599266681658
0,87116.0,105971.0,Other,21.0,0.0,0.0,147.9466798,4.0,24.0,27.96155021,0.11117715759436021,0.4,87116.0,0.1514707422587488,164944.0647826645,13195.52518261316,13195.525182613159
0,47453.0,73068.0,ProfExe,20.0,0.0,0.0,196.6996956,0.0,16.0,22.38385656,0.04334012766154514,0.4,47453.0,0.09775403678911522,57984.02884692355,4638.722307753885,4638.722307753885
0,137128.0,184660.0,Mgr,11.0,0.0,0.0,254.3560201,0.0,21.0,28.81503564,0.043809560896935135,0.4,137128.0,0.09831947240745387,168529.40765361665,13482.352612289333,13482.352612289335
0,102925.0,114520.0,Office,3.0,0.0,0.0,137.3893727,0.0,22.0,36.44647661,0.07452388615369152,0.4,102925.0,0.1281010759553484,164810.0405338029,13184.803242704233,13184.803242704233
0,85303.0,131022.0,ProfExe,14.0,0.0,0.0,295.495733,0.0,18.0,29.60992004,0.03956426973973924,0.4,85303.0,0.09304572662510764,99213.49522876948,7937.079618301558,7937.079618301557
0,49428.0,62696.0,Mgr,27.0,0.0,0.0,265.3953128,1.0,16.0,38.50079645,0.0871181427555464,0.4,49428.0,0.1372777979698386,84817.08747566478,6785.366998053183,6785.366998053182
0,69320.0,89644.0,Other,11.0,0.0,0.0,91.74348238,2.0,11.0,31.11492975,0.19314796982410246,0.4,69320.0,0.17874161150376106,154879.60636800897,12390.368509440717,12390.368509440716
0,,67103.0,,1.0,0.0,0.0,,0.0,0.0,3.688958496,0.023466609818325237,0.4,0.0,0.06890885988371541,0.0,0.0,0.0
1,105328.0,113931.0,ProfExe,3.0,0.0,0.0,138.1335045,2.0,32.0,61.89063458,0.4913737437654005,0.4,105328.0,0.16296756603979395,214563.09744799274,17165.04779583942,17165.04779583942
0,47200.0,74510.0,ProfExe,17.0,0.0,0.0,174.5215618,0.0,23.0,41.86337612,0.1452416926629986,0.4,47200.0,0.16600484426942766,97942.85811896232,7835.428649516986,7835.428649516985
0,20005.0,39605.0,Mgr,8.0,0.0,0.0,96.73490299,0.0,10.0,21.74161074,0.08612092773300097,0.4,20005.0,0.13660040608986723,34158.63904784742,2732.6911238277935,2732.691123827794
0,142766.0,177998.0,Mgr,12.0,0.0,0.0,260.3834391,0.0,21.0,27.53327222,0.03867390051855184,0.4,142766.0,0.09189173020138822,163987.68442414238,13119.014753931391,13119.01475393139
1,96341.0,118734.0,Other,1.0,1.0,,90.7327804,1.0,26.0,39.14005597,0.33260148736748296,0.4,96341.0,0.1855140493158511,223407.61281423015,17872.609025138412,17872.609025138412
0,34854.0,63519.0,ProfExe,6.0,0.0,0.0,275.4796976,0.0,15.0,20.78514557,0.02791182888038612,0.4,34854.0,0.07636825158524596,33271.738009402034,2661.739040752163,2661.7390407521625
0,41049.0,50892.0,ProfExe,1.0,0.0,0.0,276.1673578,1.0,34.0,38.37983372,0.06779102552290517,0.4,41049.0,0.1225819583957864,62898.33512735795,5031.866810188636,5031.866810188636
0,43961.0,62171.0,Other,,0.0,0.0,124.8068459,1.0,18.0,39.58005434,0.2120983617396117,0.4,43961.0,0.18191711685036563,99965.72967323654,7997.258373858923,7997.258373858924
0,90108.0,118941.0,Mgr,2.0,0.0,2.0,170.9389426,0.0,25.0,41.15750106,0.4499775557777521,0.4,90108.0,0.17094537913472563,192544.32778839822,15403.546223071859,15403.546223071857
0,40341.0,58834.0,Other,,0.0,0.0,100.0144552,0.0,15.0,41.10267691,0.24499226390582984,0.4,40341.0,0.18545490821740312,93517.95565497824,7481.4364523982595,7481.4364523982595
0,7879.0,95124.0,Other,13.0,0.0,1.0,270.2858992,0.0,22.0,29.16014082,0.08616967262959452,0.4,7879.0,0.13663370271926537,13456.711796563648,1076.5369437250918,1076.5369437250918
0,65000.0,92000.0,Office,1.0,0.0,0.0,152.1333333,4.0,20.0,,0.10671676152088269,0.4,65000.0,0.14912343838677336,121162.79368925335,9693.023495140267,9693.023495140269
0,102699.0,121925.0,Office,2.0,0.0,0.0,155.9201487,0.0,22.0,36.74563904,0.06904584230428694,0.4,102699.0,0.12364646481859826,158729.60363006528,12698.368290405222,12698.368290405222
0,,100320.0,Other,,0.0,0.0,190.256476,0.0,9.0,33.79999228,0.11708466268668587,0.4,0.0,0.15440446978098551,0.0,0.0,0.0
0,77636.0,95682.0,ProfExe,10.0,1.0,1.0,335.8413218,,41.0,37.98254375,0.1360633449097036,0.4,77636.0,0.16261936399155155,157813.9617856012,12625.116942848095,12625.116942848097
0,71233.0,84439.0,Other,1.0,0.0,0.0,242.9833214,2.0,26.0,32.21005036,0.07418949230324806,0.4,71233.0,0.12783779699813733,113828.37241960395,9106.269793568317,9106.269793568315
0,8723.0,66817.0,Sales,0.0,0.0,0.0,309.5026335,0.0,5.0,37.7638359,0.2269611365783768,0.4,8723.0,0.18380364210848713,20041.489626404164,1603.319170112333,1603.3191701123333
0,64028.0,95482.0,Office,2.0,0.0,0.0,174.1643955,0.0,24.0,24.86160353,0.027466785589394978,0.4,64028.0,0.07565349594689474,60549.275481097204,4843.942038487777,4843.942038487777
0,53433.0,114245.0,Office,2.0,,3.0,155.3674866,1.0,24.0,36.95461516,0.46676445918090126,0.4,53433.0,0.1678609873839829,112116.45173610446,8969.316138888356,8969.316138888358
0,59745.0,81269.0,,8.0,,,,,,26.98558122,0.07510739938675193,0.4,59745.0,0.12855789831002948,96008.6454316589,7680.691634532712,7680.691634532711
0,65298.0,94301.0,Office,1.0,0.0,0.0,150.4998679,4.0,19.0,31.35764214,0.0885129871544378,0.4,65298.0,0.1382120960490277,112812.16809761764,9024.973447809412,9024.97344780941
0,22057.0,44461.0,Office,1.0,0.0,0.0,210.2754761,0.0,16.0,40.43225224,0.07401545078611271,0.4,22057.0,0.12770033690769456,35208.57913966273,2816.6863311730185,2816.686331173019
0,22079.0,168281.0,Self,8.0,0.0,0.0,301.4910256,0.0,27.0,27.7711227,0.050844052554980736,0.4,22079.0,0.10631779204622067,29342.381632356326,2347.390530588506,2347.3905305885064
0,57840.0,86903.0,Other,0.0,0.0,0.0,110.8272244,4.0,11.0,38.82617752,0.33729816757245085,0.4,57840.0,0.18520907920169133,133906.16426282283,10712.493141025827,10712.493141025827
0,14695.0,48095.0,ProfExe,1.0,0.0,0.0,301.6576658,0.0,16.0,19.01244637,0.02156511192682931,0.4,14695.0,0.06547854548565397,12027.590323896065,962.2072259116852,962.2072259116851
0,83039.0,99630.0,ProfExe,8.0,1.0,2.0,354.4602994,,42.0,38.26595101,0.23862145219057562,0.4,83039.0,0.18494702479626426,191972.69990071235,15357.815992056989,15357.815992056989
0,,92320.0,Office,28.0,0.0,0.0,325.9984486,0.0,15.0,15.33556026,0.006137312209688599,0.4,0.0,0.028784747069743533,0.0,0.0,0.0
0,62094.0,96938.0,ProfExe,9.0,0.0,0.0,,0.0,15.0,25.40714251,0.06599159404027966,0.4,62094.0,0.12102518701401058,93936.72453059966,7514.937962447973,7514.9379624479725
0,82439.0,99896.0,ProfExe,1.0,0.0,0.0,281.2003291,1.0,21.0,39.4088714,0.09256430464269087,0.4,82439.0,0.14084120368149333,145135.09987873287,11610.80799029863,11610.807990298628
0,83004.0,121108.0,,,,,,,,36.82339319,0.13801566536375248,0.4,83004.0,0.16336932549266936,169503.8436649191,13560.30749319353,13560.307493193528
0,39065.0,54970.0,Other,,0.0,0.0,73.75669023,0.0,15.0,41.82308472,0.28473972895047067,0.4,39065.0,0.18695349418689972,91291.72813014047,7303.338250411238,7303.338250411238
0,79541.0,94973.0,Other,5.0,2.0,0.0,76.2075921,0.0,20.0,22.90250662,0.2394810089258576,0.4,79541.0,0.1850202461944027,183958.69253186233,14716.695402548987,14716.695402548985
0,81500.0,102000.0,ProfExe,3.5,0.0,0.0,123.7666667,1.0,25.0,,0.14540774821034708,0.4,81500.0,0.16606288939103098,169176.56856711282,13534.125485369026,13534.125485369024
0,101000.0,112500.0,Other,1.0,0.0,0.0,129.8666667,2.0,21.0,,0.17375121752029762,0.4,101000.0,0.17447914216258797,220279.91698026733,17622.39335842139,17622.393358421385
0,42100.0,65000.0,Other,7.0,0.0,0.0,95.33333333,3.0,15.0,,0.24484444946520192,0.4,42100.0,0.1854440268845044,97589.91914797043,7807.1935318376345,7807.193531837635
1,21383.0,38480.0,Mgr,20.0,0.0,1.0,182.6,4.0,31.0,,0.22823256925866672,0.4,21383.0,0.18394221093293042,49165.453704735635,3933.236296378851,3933.2362963788514
1,96700.0,,Other,5.0,0.0,1.0,225.1666667,0.0,24.0,,0.15502581313241115,0.4,96700.0,0.16924166719713438,204570.86522453616,16365.669217962894,16365.669217962894
0,101311.0,113253.0,Other,0.0,0.0,0.0,140.0757712,1.0,21.0,40.66746229,0.20602475887235325,0.4,101311.0,0.18099781114149935,229213.36555695548,18337.06924455644,18337.069244556442
0,127172.0,156578.0,Mgr,,0.0,0.0,213.2860218,0.0,19.0,36.29035353,0.0947959476106006,0.4,127172.0,0.14223764481321802,226108.072077332,18088.64576618656,18088.64576618656
0,88251.0,103063.0,Other,18.0,0.0,0.0,127.5661883,3.0,23.0,28.17177747,0.11578714572989547,0.4,88251.0,0.15377660893725786,169636.7439415243,13570.939515321945,13570.939515321943
0,59083.0,96073.0,ProfExe,8.0,0.0,0.0,194.0054867,0.0,19.0,20.48797965,0.03937569809231353,0.4,59083.0,0.0928027725179078,68538.32760844434,5483.0662086755465,5483.0662086755465
0,109767.0,117552.0,ProfExe,0.0,0.0,0.0,125.9425923,0.0,30.0,37.68939304,0.14012611769484568,0.4,109767.0,0.16416159730830981,225244.07564676553,18019.526051741243,18019.526051741243
0,54412.0,95123.0,ProfExe,6.0,0.0,0.0,134.2426479,2.0,22.0,35.08572068,0.16327975120094773,0.4,54412.0,0.17169734835704806,116779.95148504623,9342.3961188037,9342.3961188037
0,53736.0,102094.0,Other,0.0,0.0,2.0,33.44969444,1.0,10.0,40.1048096,0.7447711149423077,0.4,53736.0,0.09324744193425466,62634.30674723886,5010.744539779109,5010.744539779108
0,,53184.0,Office,1.0,0.0,0.0,81.62597086,1.0,9.0,39.00782276,0.17214157312306047,0.4,0.0,0.1740746755034618,0.0,0.0,0.0
0,84989.0,98781.0,Office,,0.0,0.0,184.5457457,0.0,25.0,43.0169776,0.0797856723671357,0.4,84989.0,0.1321048298840963,140343.21733774326,11227.457387019462,11227.45738701946
0,33113.0,57991.0,Other,4.0,0.0,0.0,122.5788363,1.0,16.0,40.56988842,0.23773341319514757,0.4,33113.0,0.18486981603281824,76519.92772868388,6121.59421829471,6121.59421829471
0,24025.0,42722.0,Office,2.0,0.0,0.0,207.962141,0.0,15.0,37.1228372,0.06163429434394033,0.4,24025.0,0.11710054207521492,35166.756541962975,2813.340523357038,2813.3405233570384
1,78375.0,108175.0,Other,6.0,1.0,0.0,82.10483648,0.0,20.0,22.50324916,0.1404926796136885,0.4,78375.0,0.16429728189630613,160959.9933577874,12876.799468622992,12876.799468622992
0,77069.0,104534.0,ProfExe,0.0,0.0,0.0,276.9242472,2.0,21.0,39.24459954,0.1062791791352078,0.4,77069.0,0.14888676028917153,143431.92160907702,11474.553728726161,11474.55372872616
1,49421.0,67343.0,Other,4.0,0.0,0.0,57.92941509,6.0,22.0,42.92961419,0.4758092192379145,0.4,49421.0,0.16611237609068039,102617.99673471894,8209.439738777515,8209.439738777515
0,103934.0,113696.0,Office,4.0,0.0,0.0,265.5863519,1.0,34.0,26.75040396,0.016485077483239293,0.4,103934.0,0.05544565126693568,72033.60398472117,5762.688318777693,5762.688318777693
0,32131.0,47338.0,Other,9.0,0.0,0.0,93.3731422,1.0,11.0,31.40918636,0.17682744283333018,0.4,32131.0,0.17522957763135466,70378.7694859132,5630.301558873056,5630.301558873057
0,100848.0,129454.0,ProfExe,10.0,0.0,0.0,174.8965193,2.0,31.0,28.06559087,0.06994526668702955,0.4,100848.0,0.12439907697699022,156817.47643719387,12545.398114975509,12545.398114975509
0,48275.0,69427.0,ProfExe,17.0,0.0,0.0,202.5462196,0.0,15.0,23.16004059,0.04598207064500161,0.4,48275.0,0.10088236223181551,60876.20045926118,4870.096036740894,4870.096036740894
0,32855.0,69663.0,ProfExe,7.0,0.0,0.0,256.2275509,1.0,16.0,23.3103728,0.04064555554845893,0.4,32855.0,0.0944240972657843,38778.796445841785,3102.3037156673427,3102.303715667343
0,10074.0,57135.0,ProfExe,4.0,0.0,0.0,310.3667568,0.0,16.0,17.60120617,0.018283071523508054,0.4,10074.0,0.059156882916655246,7449.330481279812,595.946438502385,595.9464385023849
0,50402.0,65561.0,Mgr,25.0,0.0,0.0,282.6229052,0.0,16.0,38.09790247,0.06930097697439647,0.4,50402.0,0.12386082831568045,78035.41835958658,6242.833468766927,6242.833468766926
1,180017.0,206148.0,Mgr,2.0,0.0,2.0,196.0336579,1.0,49.0,36.41734258,0.25155604763256917,0.4,180017.0,0.18589595457426986,418305.4006824542,33464.432054596335,33464.432054596335
0,59518.0,91172.0,Office,2.0,0.0,0.0,159.0035106,0.0,25.0,24.9904907,0.029557520176081015,0.4,59518.0,0.07895482812076861,58740.418251148825,4699.233460091906,4699.233460091906
1,63456.0,96794.0,ProfExe,3.0,0.0,0.0,85.52936247,0.0,28.0,37.362645,0.17187366038800406,0.4,63456.0,0.17400655792078185,138022.00174276414,11041.760139421132,11041.760139421132
0,25822.0,43334.0,Office,1.0,0.0,0.0,211.0166419,0.0,15.0,40.52940513,0.07575899742366395,0.4,25822.0,0.12906415707374727,41658.68329947878,3332.694663958302,3332.694663958302
0,104451.0,119195.0,Office,5.0,0.0,0.0,264.7616522,0.0,34.0,29.96327278,0.01792156954407971,0.4,104451.0,0.058425942771144795,76283.10185486056,6102.648148388846,6102.648148388845
0,58085.0,91192.0,ProfExe,10.0,0.0,0.0,191.344217,0.0,19.0,21.36431232,0.04178443827704845,0.4,58085.0,0.09584939511887182,69592.65144349587,5567.412115479669,5567.412115479669
0,,43899.0,Other,0.0,0.0,0.0,324.5517414,1.0,9.0,27.77956059,0.0454341590524723,0.4,0.0,0.10024419421805193,0.0,0.0,0.0
0,34574.0,69751.0,ProfExe,6.0,0.0,0.0,254.0561961,1.0,16.0,22.72101357,0.039851008553675744,0.4,34574.0,0.093413682386924,40371.05818556888,3229.6846548455105,3229.6846548455105
0,110900.0,126400.0,,16.0,0.0,0.0,179.5666667,1.0,18.0,,0.11715712507360118,0.4,110900.0,0.15443926634006294,214091.43296391226,17127.31463711298,17127.31463711298
0,47749.0,74451.0,Mgr,3.0,0.0,0.0,133.8993123,1.0,8.0,27.92203478,0.12489606977479223,0.4,47749.0,0.1579980271999675,94303.0975096406,7544.247800771249,7544.247800771248
0,,55421.0,Office,2.0,0.0,0.0,81.27851127,2.0,9.0,38.72389503,0.1881255091710114,0.4,0.0,0.17774192525064553,0.0,0.0,0.0
0,73793.0,86176.0,Other,2.0,1.0,0.0,229.3693761,3.0,26.0,30.95851999,0.1398247607697991,0.4,73793.0,0.16404962459499448,151321.42434673035,12105.713947738428,12105.713947738428
0,30703.0,57184.0,Other,10.0,0.0,0.0,122.8043265,0.0,10.0,18.15090215,0.060991691769363,0.4,30703.0,0.11650233068530647,44712.138237887055,3576.9710590309646,3576.9710590309646
0,28669.0,43078.0,Mgr,14.0,1.0,0.0,108.1988949,1.0,17.0,24.67417485,0.15293946754078439,0.4,28669.0,0.16858201866702593,60413.47366456208,4833.077893164967,4833.077893164967
0,101981.0,145125.0,Office,3.0,,,105.5525696,3.0,15.0,32.6994401,0.11617997517458206,0.4,101981.0,0.15396765824345737,196272.19694157533,15701.775755326027,15701.775755326027
0,7839.0,48276.0,ProfExe,4.0,0.0,0.0,315.1783185,0.0,16.0,18.30195947,0.018635039190270514,0.4,7839.0,0.059861528753059806,5865.681548690447,469.25452389523576,469.2545238952358
0,39452.0,56834.0,Other,7.0,1.0,0.0,120.0565557,1.0,15.0,39.90893415,0.3528921709599514,0.4,39452.0,0.1840075898933523,90743.34295590669,7259.467436472535,7259.467436472535
0,50121.0,67755.0,Other,3.0,0.0,0.0,168.748032,0.0,14.0,37.56086276,0.15143076955605464,0.4,50121.0,0.16809487696175163,105313.5416024994,8425.083328199953,8425.083328199953
1,57993.0,82248.0,Other,10.0,0.0,0.0,173.0729685,0.0,16.0,32.14246898,0.09859493069891707,0.4,57993.0,0.1445341228522161,104774.59233210709,8381.967386568567,8381.967386568567
0,56206.0,137388.0,Other,2.0,0.0,0.0,275.5235464,4.0,42.0,39.74429871,0.09028034896548635,0.4,56206.0,0.1393742596694498,97920.87048726369,7833.669638981095,7833.669638981096
0,158506.0,179499.0,ProfExe,8.0,,0.0,195.6860259,4.0,26.0,40.73934639,0.1897829697871358,0.4,158506.0,0.1780795485495657,352833.46152996825,28226.67692239746,28226.676922397462
0,59316.0,80837.0,Other,1.0,0.0,0.0,126.9127232,3.0,11.0,35.90146304,0.24795011725082777,0.4,59316.0,0.1856638005981948,137660.42495353153,11012.833996282523,11012.833996282523
0,127793.0,158580.0,Mgr,,0.0,0.0,229.3450754,0.0,19.0,39.50968107,0.10607764381646984,0.4,127793.0,0.14877736190908128,237658.8176305903,19012.705410447223,19012.705410447223
0,36650.0,62963.0,ProfExe,6.0,0.0,0.0,260.8567886,0.0,16.0,24.29905935,0.0374410499299413,0.4,36650.0,0.09026453903788396,41352.44194673059,3308.1953557384477,3308.1953557384472
0,74761.0,92729.0,ProfExe,9.0,0.0,1.0,339.0892634,,42.0,37.47461725,0.07550689198973465,0.4,74761.0,0.12886876496480146,120429.47171916901,9634.35773753352,9634.357737533523
0,25448.0,39188.0,Office,3.0,0.0,0.0,215.5924991,0.0,16.0,38.97511499,0.06469052763988899,0.4,25448.0,0.11987674438146348,38132.79238774353,3050.6233910194824,3050.623391019483
0,93730.0,106841.0,Sales,13.0,,1.0,132.8205709,0.0,18.0,33.29297369,0.4786437932588474,0.4,93730.0,0.16555226989154337,193965.1782116795,15517.214256934361,15517.21425693436
0,88929.0,115249.0,ProfExe,0.0,0.0,2.0,156.130914,0.0,34.0,32.0338704,0.29015797410153954,0.4,88929.0,0.18695486229666983,207821.36186475688,16625.70894918055,16625.708949180553
0,79185.0,88693.0,Mgr,19.0,0.0,0.0,244.2078401,10.0,23.0,36.33936235,0.21671139720432991,0.4,79185.0,0.1825565374868592,180696.74276121185,14455.739420896949,14455.739420896947
0,98646.0,115669.0,Other,13.0,0.0,0.0,177.5489659,0.0,26.0,33.350529,0.08267379158106503,0.4,98646.0,0.13419640786164647,165474.23562399973,13237.93884991998,13237.938849919978
0,71412.0,93723.0,Mgr,19.0,0.0,0.0,238.5013159,11.0,24.0,35.96589822,0.23737208619099986,0.4,71412.0,0.1848379451693682,164995.5917554365,13199.64734043492,13199.647340434922
0,97596.0,119326.0,Office,0.0,,3.0,254.7077326,1.0,30.0,40.98730093,0.36154600450807595,0.4,97596.0,0.18322067650043167,223520.0642967016,17881.605143736128,17881.605143736128
0,52051.0,88200.0,Office,30.0,0.0,0.0,211.0666667,0.0,22.0,,0.03741144885202416,0.4,52051.0,0.09022504144595657,58703.79540379357,4696.303632303486,4696.303632303486
1,48100.0,67000.0,Other,15.0,,,,,,,0.11708707721122888,0.4,48100.0,0.15440562969330235,92836.38485309805,7426.910788247844,7426.910788247843
1,26452.0,43900.0,Mgr,21.0,1.0,2.0,215.0666667,0.0,19.0,,0.42620303760578615,0.4,26452.0,0.1749343919658883,57842.05670352097,4627.364536281678,4627.364536281678
1,38900.0,60500.0,Other,8.0,7.0,4.0,95.9,2.0,53.0,,0.9940552044506253,0.4,38900.0,0.0023665953979879364,1150.757012271634,92.06056098173073,92.06056098173073
0,28269.0,52822.0,Other,9.0,0.0,0.0,120.6109212,1.0,9.0,18.18289192,0.07197876723138337,0.4,28269.0,0.12606944641535603,44548.21475894625,3563.8571807157,3563.8571807156995
0,25751.0,43531.0,Office,0.0,0.0,0.0,213.3592817,0.0,16.0,37.79499193,0.06191296217808437,0.4,25751.0,0.1173583647736876,37776.19064109037,3022.0952512872295,3022.0952512872295
0,46846.0,70082.0,ProfExe,7.0,0.0,0.0,152.1680601,2.0,12.0,30.13149723,0.13515297039758514,0.4,46846.0,0.16226395895864557,95017.71776720887,7601.41742137671,7601.41742137671
0,46125.0,63276.0,Mgr,27.0,0.0,0.0,298.476411,0.0,16.0,39.30720132,0.06771740154016394,0.4,46125.0,0.12251896808653484,70639.84253739275,5651.18740299142,5651.18740299142
1,54653.0,73117.0,Other,13.0,,,,,,29.54185091,0.08545711634097715,0.4,54653.0,0.13614506147043495,93009.20055679603,7440.7360445436825,7440.736044543682
0,20800.0,173566.0,Self,6.0,0.0,0.0,292.0341855,0.0,26.0,25.56288193,0.04810203834737434,0.4,20800.0,0.10330146040022542,26858.37970405861,2148.6703763246887,2148.6703763246887
1,82054.0,104627.0,Sales,3.0,0.0,0.0,9.048515086,1.0,35.0,60.64575626,0.8231983486162473,0.4,82054.0,0.0664795587123491,68186.42138228867,5454.913710583093,5454.913710583093
0,116543.0,133986.0,,17.0,0.0,0.0,164.6813583,1.0,18.0,37.57081963,0.14756417940036579,0.4,116543.0,0.16680669990777852,243001.91534190287,19440.15322735223,19440.15322735223
0,17727.0,39746.0,Office,1.0,0.0,0.0,204.0958698,0.0,16.0,40.66018644,0.07766645463485437,0.4,17727.0,0.13052312176355454,28922.292243781645,2313.7833795025317,2313.7833795025313
0,96426.0,122322.0,Office,12.0,0.0,0.0,226.2845243,0.0,12.0,40.86810919,0.07075198283309513,0.4,96426.0,0.1250668585468409,150746.21127797102,12059.696902237682,12059.696902237682
0,,66837.0,,9.0,0.0,0.0,94.69068521,0.0,15.0,26.32256955,0.10741817088450846,0.4,0.0,0.14950039255978795,0.0,0.0,0.0
0,83758.0,106992.0,ProfExe,3.0,0.0,0.0,127.6658177,1.0,24.0,39.01451939,0.18474694180621806,0.4,83758.0,0.17702968061357446,185345.64986039713,14827.65198883177,14827.65198883177
0,102572.0,112721.0,Office,3.0,0.0,1.0,271.270791,0.0,33.0,29.63441489,0.03768957509195146,0.4,102572.0,0.09059535274000863,116156.83151560207,9292.546521248165,9292.546521248165
0,49151.0,62005.0,Other,4.0,0.0,0.0,185.653088,0.0,14.0,36.02110045,0.1261549236632853,0.4,49151.0,0.15854836989404442,97410.13660827721,7792.8109286621775,7792.8109286621775
0,102881.0,117868.0,Other,11.0,0.0,0.0,287.4411309,2.0,19.0,31.75987679,0.061470216022066315,0.4,102881.0,0.1169482875308891,150396.95961831752,12031.7567694654,12031.7567694654
0,104458.0,137583.0,Other,1.0,0.0,0.0,280.789801,0.0,46.0,41.23523649,0.054462863539434046,0.4,104458.0,0.11011765572388924,143783.3760200753,11502.670081606024,11502.670081606022
0,27599.0,47615.0,Other,10.0,0.0,0.0,90.3276282,1.0,12.0,29.67474957,0.15865931395910218,0.4,27599.0,0.1703524853850695,58769.47805178166,4701.558244142533,4701.558244142533
0,75701.0,106389.0,ProfExe,0.0,0.0,0.0,278.6803944,2.0,21.0,40.10825906,0.11098614053876388,0.4,75701.0,0.15137260708435996,143238.22161116416,11459.057728893133,11459.057728893133
0,62622.0,106824.0,ProfExe,9.0,0.0,0.0,261.0214154,0.0,11.0,34.97887956,0.0813422010679244,0.4,62622.0,0.13324106231417177,104297.7725529758,8343.821804238065,8343.821804238065
0,76724.0,96942.0,Other,0.0,1.0,0.0,157.4109509,1.0,18.0,34.23989502,0.22527615609677884,0.4,76724.0,0.18361461614541646,176095.59761426167,14087.647809140934,14087.647809140934
0,89312.0,110431.0,ProfExe,2.0,0.0,0.0,110.4299504,1.0,25.0,39.2128036,0.2001851518202419,0.4,89312.0,0.18002778453342133,200983.0186531116,16078.641492248928,16078.641492248926
0,105959.0,121747.0,Other,0.0,0.0,0.0,120.5331314,2.0,21.0,39.29481281,0.23239875947366456,0.4,105959.0,0.1843721339596308,244198.58677785652,19535.88694222852,19535.88694222852
0,58728.0,92443.0,ProfExe,6.0,0.0,0.0,128.0295993,0.0,13.0,28.48485856,0.10842156690682717,0.4,58728.0,0.15003450165592694,110140.32766561597,8811.226213249278,8811.226213249278
1,74156.0,101136.0,Mgr,11.0,0.0,3.0,107.3884676,0.0,24.0,27.69600093,0.5011468669672609,0.4,74156.0,0.16090840925766423,149154.04996139184,11932.323996911347,11932.323996911347
1,63500.0,80000.0,Sales,0.2,3.0,0.0,104.5666667,2.0,20.0,,0.8127565624820011,0.4,63500.0,0.07015093430086856,55682.30410131442,4454.584328105154,4454.584328105154
0,92789.0,123455.0,Other,13.0,0.0,0.0,176.7349322,0.0,26.0,36.54427311,0.10123476979463929,0.4,92789.0,0.14607232007369608,169423.80634147732,13553.904507318186,13553.904507318186
0,68056.0,103179.0,ProfExe,7.0,0.0,0.0,263.3894092,1.0,12.0,37.1830778,0.10299382768348858,0.4,68056.0,0.1470720206604941,125114.16797588233,10009.133438070587,10009.133438070587
0,47537.0,66581.0,Other,7.0,0.0,1.0,116.6148587,3.0,48.0,30.37280108,0.1783986103242762,0.4,47537.0,0.17560162296961246,104344.67938883083,8347.574351106467,8347.574351106467
1,62582.0,131510.0,Self,2.0,0.0,2.0,122.6040529,1.0,17.0,38.5882224,0.700228532788586,0.4,62582.0,0.10754676085406092,84131.14234711051,6730.4913877688405,6730.4913877688405
0,51990.0,141518.0,Other,1.0,0.0,0.0,272.5030662,3.0,43.0,39.30182319,0.07790699218885253,0.4,51990.0,0.1307047028810393,84941.71878481541,6795.3375027852335,6795.3375027852335
1,53443.0,77704.0,Office,2.0,0.0,5.0,73.08753889,0.0,16.0,45.19549587,0.9271068344170227,0.4,53443.0,0.028351429325453783,18939.81796800283,1515.1854374402265,1515.1854374402265
0,80200.0,88545.0,Mgr,21.0,0.0,0.0,242.6003878,10.0,24.0,36.29703312,0.21166036224620915,0.4,80200.0,0.18185379868777155,182308.43318449098,14584.674654759277,14584.674654759277
0,64625.0,93272.0,Office,0.0,0.0,0.0,178.8913882,0.0,24.0,23.74406826,0.02514816477705619,0.4,64625.0,0.07181740407736019,58014.99673124253,4641.199738499402,4641.199738499402
0,64793.0,99157.0,ProfExe,22.0,0.0,0.0,244.7316736,1.0,23.0,38.32818888,0.0886091411332791,0.4,64793.0,0.13827594207297086,111991.41393417501,8959.313114734001,8959.313114734001
0,135886.0,181894.0,Mgr,10.0,0.0,0.0,247.9650654,0.0,21.0,30.32639892,0.05043933619030285,0.4,135886.0,0.10588027290856555,179845.58455566672,14387.646764453339,14387.646764453339
0,75764.0,97122.0,Other,5.0,2.0,0.0,70.72519735,0.0,21.0,24.43178961,0.260848326856208,0.4,75764.0,0.18638361317175803,176514.60085431344,14121.168068345076,14121.168068345076
0,35873.0,52800.0,Other,10.0,0.0,0.0,128.2359137,0.0,10.0,20.95025208,0.07076696300793187,0.4,35873.0,0.1250791945979696,56087.07434766204,4486.965947812963,4486.965947812963
0,46423.0,72198.0,Other,0.0,,2.0,267.4388553,1.0,10.0,36.52931958,0.3643534953402152,0.4,46423.0,0.18294765803002433,106162.23910909775,8492.97912872782,8492.979128727819
0,48093.0,65686.0,ProfExe,3.0,0.0,0.0,149.9063788,1.0,12.0,30.48636123,0.1274605831262659,0.4,48093.0,0.15911104700319795,95651.59479405999,7652.127583524799,7652.127583524799
0,111367.0,127421.0,,16.0,0.0,0.0,184.2348073,1.0,18.0,41.03530607,0.16439233451090426,0.4,111367.0,0.1720101656541039,239453.20148000738,19156.25611840059,19156.25611840059
1,149305.0,,ProfExe,25.0,0.0,2.0,382.8588359,0.0,71.0,38.22834475,0.05567896790171186,0.4,149305.0,0.11135112787595414,207816.00184399166,16625.280147519334,16625.280147519334
0,85384.0,101302.0,Other,1.0,0.0,0.0,128.2862471,0.0,22.0,41.56998354,0.2010148253347007,0.4,85384.0,0.18017088114562527,192296.38144672583,15383.710515738067,15383.710515738068
0,95128.0,122248.0,Other,10.0,0.0,0.0,171.0217817,0.0,27.0,36.33260042,0.10278873630620662,0.4,95128.0,0.14695648626217347,174745.95781435046,13979.676625148037,13979.676625148039
0,,28198.0,Other,12.0,,,87.62052637,2.0,9.0,32.44547552,0.21832581077625982,0.4,0.0,0.18276864177592309,0.0,0.0,0.0
0,79346.0,93472.0,Mgr,19.0,0.0,0.0,244.476057,11.0,23.0,33.19641246,0.2028243655709983,0.4,79346.0,0.18047686950024708,179001.47109208256,14320.117687366605,14320.117687366605
0,64185.0,84000.0,Other,0.2,2.0,2.0,112.0333333,2.0,26.0,,0.766116247618,0.4,64185.0,0.08615308078042633,69121.6936236458,5529.735489891664,5529.735489891664
1,60316.0,80000.0,Mgr,0.2,1.0,0.0,85.2,1.0,23.0,,0.28448341728505405,0.4,60316.0,0.18695230600898144,140952.69111547153,11276.215289237723,11276.215289237725
1,83761.0,125860.0,Other,1.0,0.0,0.0,,0.0,0.0,,0.16818091317574452,0.4,83761.0,0.17304413590281145,181179.37334194238,14494.349867355391,14494.34986735539
0,16804.0,34294.0,Mgr,9.0,0.0,0.0,131.7734232,0.0,10.0,23.97970277,0.08143273504748294,0.4,16804.0,0.1333064988841409,28001.030090613796,2240.0824072491037,2240.0824072491037
0,122646.0,204282.0,Other,2.0,0.0,0.0,201.9237078,0.0,17.0,26.31831366,0.060119846017974335,0.4,122646.0,0.11568240771338266,177349.8072051941,14187.984576415529,14187.984576415529
0,87754.0,103045.0,Other,21.0,0.0,0.0,147.450177,4.0,23.0,29.18174264,0.12243482609694678,0.4,87754.0,0.15689939811720507,172106.87227971517,13768.549782377215,13768.549782377215
0,,54557.0,Office,2.0,0.0,0.0,93.04453952,2.0,8.0,41.25598551,0.20818408882859654,0.4,0.0,0.18133492536810958,0.0,0.0,0.0
0,99618.0,131710.0,Mgr,5.0,,,236.6809468,2.0,41.0,37.86554654,0.07498475188313651,0.4,99618.0,0.12846215244606002,159964.28377964508,12797.142702371606,12797.142702371608
0,81709.0,111127.0,ProfExe,4.0,0.0,0.0,123.6244484,0.0,25.0,37.5606476,0.15158934251644773,0.4,81709.0,0.16814648237778146,171738.51160757683,13739.080928606147,13739.080928606145
0,40314.0,60640.0,Other,25.0,0.0,0.0,255.5274603,0.0,13.0,22.54068012,0.03259861603352735,0.4,40314.0,0.08351675226338584,42086.17938432671,3366.8943507461368,3366.8943507461368
0,46124.0,67964.0,ProfExe,6.0,0.0,0.0,155.7547891,2.0,12.0,28.79791858,0.12329490204636427,0.4,46124.0,0.15728675012955062,90683.6757871924,7254.694062975393,7254.694062975393
0,74587.0,93180.0,Mgr,19.0,0.0,0.0,263.1591633,10.0,24.0,35.40441453,0.184862804078981,0.4,74587.0,0.1770546463610827,165074.68635167595,13205.974908134076,13205.974908134076
0,58410.0,89082.0,Office,29.0,0.0,0.0,211.8056744,0.0,21.0,31.05837251,0.029815288009042765,0.4,58410.0,0.07935218270424921,57937.01239693995,4634.960991755196,4634.960991755196
1,53478.0,68885.0,Other,5.0,0.0,0.0,83.69551611,5.0,17.0,40.34993,0.38932548865818994,0.4,53478.0,0.18015567508736022,120429.56490402314,9634.365192321851,9634.36519232185
0,83830.0,122719.0,,,,,,,,35.16514615,0.12508349819046194,0.4,83830.0,0.1580804582943953,165648.56023523945,13251.884818819157,13251.884818819157
0,91095.0,109401.0,Sales,12.0,,1.0,154.3601832,0.0,17.0,33.52627067,0.45832181196458177,0.4,91095.0,0.16943890188599753,192937.9595913118,15435.036767304946,15435.036767304944
0,51281.0,144202.0,Other,1.0,0.0,0.0,285.9978979,4.0,43.0,41.5380511,0.09400733127958565,0.4,51281.0,0.1417482661698309,90862.41046818874,7268.992837455099,7268.992837455099
0,9407.0,60165.0,Sales,1.0,0.0,0.0,310.6584212,0.0,5.0,40.0513062,0.2529430034878202,0.4,9407.0,0.1859787630361025,21868.7777985077,1749.5022238806162,1749.5022238806162
0,61073.0,90897.0,ProfExe,8.0,0.0,0.0,208.5007559,0.0,20.0,23.03574584,0.04192706663945517,0.4,61073.0,0.09602602312165263,73307.46637635864,5864.597310108692,5864.597310108691
0,25344.0,79736.0,Other,,0.0,0.0,249.9837678,0.0,50.0,42.43556267,0.06163482381000667,0.4,25344.0,0.11710103284640537,37097.607205741224,2967.808576459298,2967.808576459298
0,,30395.0,Other,12.0,,,85.27403355,2.0,8.0,33.56526399,0.23827289660746964,0.4,0.0,0.1849169099399382,0.0,0.0,0.0
0,89765.0,111792.0,ProfExe,1.0,0.0,2.0,143.3555312,1.0,34.0,33.05883512,0.34899705946786136,0.4,89765.0,0.18433426360307148,206834.5646541214,16546.765172329713,16546.765172329713
0,,44144.0,Other,0.0,0.0,0.0,315.8126317,1.0,9.0,25.65038413,0.04153568170405835,0.4,0.0,0.09554035315735482,0.0,0.0,0.0
1,58100.0,83000.0,ProfExe,2.0,1.0,1.0,284.0666667,4.0,27.0,,0.2724876795987534,0.4,58100.0,0.18677965845701366,135648.72695440616,10851.898156352492,10851.898156352494
1,,58995.0,Other,1.0,2.0,3.0,194.9870881,1.0,45.0,52.20316451,0.8904240993939431,0.4,0.0,0.04212749664097637,0.0,0.0,0.0
1,104913.0,121214.0,ProfExe,2.0,0.0,0.0,134.0038302,0.0,21.0,44.91516055,0.23581017903449367,0.4,104913.0,0.18469712550348816,242214.11909934317,19377.129527947454,19377.129527947454
0,51163.0,157644.0,ProfExe,19.0,0.0,0.0,239.2247894,0.0,28.0,20.74752052,0.023530946560047904,0.4,51163.0,0.0690222265490018,44142.30221158224,3531.384176926579,3531.3841769265787
0,101246.0,142340.0,Office,2.0,,,109.2939326,2.0,16.0,33.77082855,0.10653970817611576,0.4,101246.0,0.14902781470504842,188605.87659534166,15088.470127627334,15088.470127627332
0,78905.0,97628.0,Other,0.0,0.0,0.0,152.1711375,0.0,23.0,42.21828222,0.18348278739126156,0.4,78905.0,0.17675475986340078,174335.4290877705,13946.83432702164,13946.83432702164
1,74815.0,89721.0,Mgr,16.0,0.0,0.0,,0.0,0.0,37.98450463,0.1780762745554618,0.4,74815.0,0.1755259077867443,164149.63488831592,13131.970791065274,13131.970791065274
0,24939.0,39285.0,Office,2.0,0.0,0.0,209.0374415,0.0,16.0,38.88812837,0.06713211417396232,0.4,24939.0,0.12201609020685858,38036.990920860575,3042.959273668846,3042.959273668846
0,103537.0,111139.0,Office,3.0,0.0,1.0,252.2677576,1.0,34.0,27.67406397,0.04101402198571,0.4,103537.0,0.09488815906956069,122805.4415698138,9824.435325585104,9824.435325585106
0,102552.0,138171.0,ProfExe,13.0,0.0,0.0,116.7631844,4.0,21.0,35.11315049,0.2160348782378721,0.4,102552.0,0.1824658713848521,233903.00052824192,18712.240042259353,18712.240042259353
0,58388.0,100944.0,Other,0.0,0.0,3.0,51.52514753,1.0,10.0,39.86252014,0.8501207110241009,0.4,58388.0,0.0568721875224493,41508.166063259625,3320.65328506077,3320.6532850607696
0,,96579.0,Office,28.0,0.0,0.0,328.2104926,0.0,15.0,12.1535212,0.004880293888715943,0.4,0.0,0.024523058716602965,0.0,0.0,0.0
0,71820.0,89739.0,Other,0.0,1.0,1.0,122.9555871,1.0,25.0,33.51907044,0.3886242911404887,0.4,71820.0,0.1802426701592027,161812.85713542422,12945.028570833938,12945.028570833938
0,94363.0,128434.0,Mgr,4.0,,,241.7361259,2.0,42.0,39.22189168,0.07828987020197764,0.4,94363.0,0.1309926433142446,154510.7350132758,12360.858801062062,12360.858801062062
0,41661.0,80457.0,Mgr,3.0,0.0,1.0,137.3175078,0.0,8.0,27.43409485,0.2067135648578647,0.4,41661.0,0.18110659389391404,94313.52260267941,7545.081808214353,7545.081808214352
0,,96642.0,Office,26.0,0.0,0.0,335.1546882,0.0,16.0,12.70693798,0.004820210746203033,0.4,0.0,0.02430973723428413,0.0,0.0,0.0
0,20665.0,43790.0,Mgr,8.0,0.0,0.0,108.4139366,0.0,11.0,22.82689244,0.08472916777383535,0.4,20665.0,0.13564160311608872,35037.92160492467,2803.0337283939734,2803.0337283939734
1,42504.0,64847.0,Other,,0.0,0.0,120.738013,2.0,18.0,36.83445756,0.20696107756798462,0.4,42504.0,0.18114539745910438,96242.54967002216,7699.403973601773,7699.403973601772
0,46716.0,60231.0,Other,3.0,0.0,0.0,191.3237369,0.0,13.0,28.05360448,0.07702896208781476,0.4,46716.0,0.130039299086929,75936.44870181217,6074.915896144974,6074.915896144975
1,69928.0,,Other,23.0,0.0,3.0,82.44398559,1.0,14.0,32.32726246,0.68755755412889,0.4,69928.0,0.11148164994629264,97446.1102180544,7795.688817444352,7795.688817444352
0,74575.0,95815.0,Other,7.0,2.0,0.0,69.5813481,0.0,21.0,24.10872688,0.2552927016427256,0.4,74575.0,0.18611094367505043,173490.29530708608,13879.223624566886,13879.223624566886
0,95120.0,114674.0,Office,4.0,0.0,1.0,278.8920593,0.0,34.0,28.23229678,0.03196727148182198,0.4,95120.0,0.08259168408670206,98201.51237908874,7856.1209903271,7856.1209903271
0,46731.0,71521.0,ProfExe,18.0,0.0,0.0,192.1442355,0.0,22.0,40.36176991,0.12313068055053891,0.4,46731.0,0.15721307693046685,91834.05372547057,7346.724298037646,7346.724298037646
0,96854.0,156450.0,Mgr,1.0,0.0,0.0,212.6660046,0.0,19.0,40.21338458,0.1252470644661687,0.4,96854.0,0.15815225381341672,191470.97988555828,15317.678390844663,15317.678390844663
0,65827.0,97935.0,Office,1.0,0.0,0.0,160.4169586,4.0,20.0,32.60020273,0.08878323368339142,0.4,65827.0,0.13839135684191062,113873.59808540563,9109.887846832451,9109.887846832451
0,52012.0,105877.0,Other,0.0,0.0,2.0,50.53156169,1.0,10.0,40.39225654,0.7290040656819804,0.4,52012.0,0.09838944443223002,63967.897297614356,5117.431783809148,5117.431783809148
0,50715.0,70467.0,Other,0.0,,1.0,285.3869287,0.0,10.0,36.05038237,0.16577804712638686,0.4,50715.0,0.17239391403719073,109286.9668799516,8742.957350396127,8742.957350396127
0,49516.0,105352.0,Other,0.0,0.0,2.0,54.43732562,0.0,9.0,40.27060762,0.7002744693015707,0.4,49516.0,0.10753238463642362,66557.16947071439,5324.5735576571515,5324.5735576571515
0,94108.0,113888.0,Office,2.0,0.0,0.0,140.5100538,0.0,21.0,36.31878818,0.07470322576801372,0.4,94108.0,0.1282418281272238,150857.2745174597,12068.581961396776,12068.581961396776
0,38514.0,50309.0,Other,6.0,1.0,0.0,101.8261423,1.0,16.0,38.87780839,0.35776454101463634,0.4,38514.0,0.1835747781277193,88377.48756013726,7070.199004810981,7070.199004810981
0,79660.0,96393.0,Other,4.0,2.0,0.0,84.205779,1.0,21.0,22.1131931,0.2422654171809633,0.4,79660.0,0.18524732149270728,184460.02037636327,14756.801630109063,14756.801630109063
0,102564.0,120724.0,ProfExe,0.0,0.0,0.0,125.8340702,0.0,30.0,37.99377579,0.14272872932976008,0.4,102564.0,0.1651128190240516,211682.88962978535,16934.63117038283,16934.63117038283
0,38860.0,68912.0,ProfExe,9.0,0.0,0.0,250.9275029,1.0,16.0,22.17526323,0.03837232221623214,0.4,38860.0,0.091496873949523,44444.60652098079,3555.5685216784636,3555.5685216784636
0,101412.0,119751.0,Other,9.0,0.0,0.0,299.953098,2.0,18.0,30.1768704,0.05359374786098345,0.4,101412.0,0.10922301802336394,138456.5587973173,11076.524703785384,11076.524703785384
0,97478.0,120514.0,Office,1.0,,3.0,264.2609164,1.0,29.0,41.84027524,0.36567730083129885,0.4,97478.0,0.18281596323167892,222756.68079872,17820.5344638976,17820.5344638976
0,48563.0,64679.0,ProfExe,4.0,0.0,0.0,156.1013809,2.0,12.0,27.80854709,0.11737604607520155,0.4,48563.0,0.15454422167667903,93814.13796605705,7505.131037284565,7505.131037284564
0,42623.0,66458.0,ProfExe,4.0,0.0,0.0,146.8278925,1.0,12.0,30.28912984,0.1272239020383975,0.4,42623.0,0.15900965782311036,84718.35806743041,6777.468645394433,6777.468645394432
0,69548.0,89775.0,Other,1.0,0.0,0.0,230.6730803,2.0,25.0,30.10831743,0.07096651660414958,0.4,69548.0,0.12524330343745774,108880.26584335389,8710.421267468311,8710.421267468311
1,43830.0,59530.0,Other,4.6,1.0,0.0,148.1333333,1.0,27.0,,0.201780795636111,0.4,43830.0,0.1803014233956156,98782.6423428729,7902.611387429833,7902.611387429833
1,89500.0,104200.0,ProfExe,15.0,0.0,3.0,183.6333333,0.0,37.0,,0.4385274201578896,0.4,89500.0,0.1729239008819096,193458.61411163636,15476.68912893091,15476.689128930908
0,107336.0,120451.0,Other,1.0,0.0,0.0,123.4655194,2.0,21.0,37.99240801,0.21282611932760678,0.4,107336.0,0.1820213150412887,244217.99839089706,19537.439871271767,19537.439871271767
0,112973.0,129878.0,,17.0,0.0,0.0,179.1340086,0.0,17.0,39.19202587,0.13727681719864962,0.4,112973.0,0.16308745101834687,230305.98254869628,18424.478603895703,18424.478603895703
1,101337.0,,Other,4.0,0.0,0.0,235.6274023,0.0,23.0,20.72337565,0.029827905204103555,0.4,101337.0,0.0793715796842222,100540.97213075032,8043.277770460026,8043.277770460026
0,68304.0,92271.0,Other,1.0,1.0,2.0,113.2284034,2.0,25.0,32.88184693,0.6164566802985321,0.4,68304.0,0.1323458582093513,112996.89373914414,9039.751499131531,9039.751499131531
0,68079.0,90212.0,Other,,0.0,0.0,304.2447551,0.0,19.0,30.42200388,0.040932532681983984,0.4,68079.0,0.09478577159374604,80661.50680413295,6452.920544330636,6452.920544330637
0,71841.0,96424.0,Office,10.0,,,111.4372511,0.0,11.0,36.95496961,0.1065016111086949,0.4,71841.0,0.14900721417332083,133810.34091781927,10704.827273425542,10704.827273425542
0,88000.0,109500.0,ProfExe,7.0,0.0,0.0,138.0,2.0,21.0,,0.16042402429441147,0.4,88000.0,0.17087494186048394,187962.43604653233,15036.994883722586,15036.994883722586
0,58518.0,82095.0,ProfExe,10.0,0.0,2.0,177.24778,0.0,14.0,28.81879312,0.2995660496887817,0.4,58518.0,0.18685218834411724,136677.70446901317,10934.216357521054,10934.216357521052
0,90017.0,114267.0,ProfExe,8.0,0.0,0.0,205.2183294,2.0,36.0,41.23051218,0.12257014706004231,0.4,90017.0,0.15696058951261574,176614.01732696412,14129.12138615713,14129.12138615713
0,19639.0,171350.0,Self,8.0,0.0,0.0,311.3103604,0.0,26.0,26.87672986,0.04639579814063545,0.4,19639.0,0.10136066457675326,24882.776145285716,1990.6220916228574,1990.6220916228572
0,94078.0,118359.0,Other,13.0,0.0,0.0,125.5519994,1.0,8.0,37.78182264,0.2224286865483626,0.4,94078.0,0.1832810536636721,215533.93708213678,17242.714966570944,17242.714966570944
0,16744.0,52234.0,ProfExe,3.0,0.0,0.0,288.4159495,0.0,16.0,17.45222743,0.02069621271597262,0.4,16744.0,0.06385698432358237,13365.266818925791,1069.2213455140634,1069.2213455140634
0,56295.0,77146.0,Office,0.0,0.0,0.0,190.3964069,0.0,24.0,31.73703429,0.039944486389579446,0.4,56295.0,0.09353325457901729,65818.18208157223,5265.454566525778,5265.454566525778
0,,51792.0,Other,,,,340.6849684,,17.0,30.61151879,0.03999475459290203,0.4,0.0,0.09359747771595156,0.0,0.0,0.0
0,71861.0,95315.0,ProfExe,24.0,0.0,0.0,241.412515,1.0,23.0,35.4747731,0.07448544585040849,0.4,71861.0,0.12807086602038487,115041.25628863597,9203.300503090877,9203.300503090877
0,32918.0,52482.0,ProfExe,3.0,0.0,0.0,259.5710207,0.0,34.0,40.347344,0.0734535124744468,0.4,32918.0,0.1272544812366683,52362.03766685809,4188.963013348647,4188.963013348647
0,74459.0,103255.0,Other,6.0,3.0,0.0,72.8645904,1.0,21.0,24.93522997,0.4237245822757132,0.4,74459.0,0.17532331732003553,163179.98605415656,13054.398884332524,13054.398884332526
0,20648.0,167020.0,Self,5.0,0.0,0.0,315.4665656,0.0,26.0,25.91297601,0.043401911925818416,0.4,20648.0,0.09782869877153341,25249.587152932774,2019.966972234622,2019.9669722346218
0,82097.0,100225.0,Other,0.0,0.0,0.0,129.3745132,0.0,22.0,39.8272172,0.18263548908193664,0.4,82097.0,0.1765678920579434,181196.17792851225,14495.69423428098,14495.69423428098
0,133193.0,160919.0,Mgr,,0.0,0.0,223.3385211,0.0,18.0,37.3015175,0.09762727217508851,0.4,133193.0,0.14395860646972844,239678.48339403176,19174.27867152254,19174.27867152254
0,88093.0,106943.0,ProfExe,7.0,0.0,0.0,207.2028505,1.0,36.0,42.5730795,0.11774476111083743,0.4,88093.0,0.15472041241633533,170372.31613740287,13629.78529099223,13629.785290992228
1,20000.0,60000.0,Other,11.0,0.0,0.0,51.03333333,0.0,9.0,,0.2401558425674442,0.4,20000.0,0.18507669538559335,46269.173846398335,3701.533907711867,3701.533907711867
0,31000.0,54000.0,Other,16.0,0.0,0.0,110.6,1.0,18.0,,0.1663185657667489,0.4,31000.0,0.17254185263797003,66859.96789721338,5348.79743177707,5348.797431777071
0,101000.0,130000.0,ProfExe,7.5,0.0,0.0,102.5,0.0,14.0,,0.17461992547984012,0.4,101000.0,0.17469404097564303,220551.22673174934,17644.098138539946,17644.098138539946
0,62200.0,89200.0,Other,1.9,0.0,0.0,176.5333333,1.0,31.0,,0.09948909665581679,0.4,62200.0,0.1450603184549719,112784.39759874064,9022.751807899253,9022.75180789925
0,90900.0,152300.0,ProfExe,5.0,0.0,0.0,102.5,0.0,17.0,,0.16730713927477536,0.4,90900.0,0.1728099046818936,196355.25419480162,15708.42033558413,15708.42033558413
0,42000.0,63400.0,Office,3.5,0.0,0.0,123.8,0.0,18.0,,0.07882006509144612,0.4,42000.0,0.13138916937669406,68979.31392276438,5518.345113821151,5518.34511382115
0,38600.0,57822.0,Other,17.0,0.0,0.0,276.9666667,0.0,22.0,,0.055914916292054355,0.4,38600.0,0.11158801159027727,53841.21559230878,4307.297247384702,4307.297247384703
0,96000.0,160050.0,Other,,1.0,,260.7666667,,24.0,,0.12039154027468531,0.4,96000.0,0.1559641067697748,187156.92812372974,14972.55424989838,14972.55424989838
0,65000.0,91000.0,Mgr,0.2,0.0,0.0,85.23333333,0.0,17.0,,0.18179645200400762,0.4,65000.0,0.17638077263832985,143309.37776864303,11464.750221491442,11464.75022149144
0,16300.0,128200.0,Other,10.0,0.0,0.0,366.2666667,1.0,10.0,,0.05221055132917133,0.4,16300.0,0.10777604647780277,21959.369469852314,1756.749557588185,1756.749557588185
1,69322.0,106189.0,ProfExe,2.0,1.0,1.0,238.4,0.0,31.0,,0.20855194199668278,0.4,69322.0,0.18139121528133711,157180.02282166065,12574.401825732852,12574.401825732852
1,83200.0,,ProfExe,0.6,0.0,0.0,318.5666667,9.0,27.0,,0.13139510265736337,0.4,83200.0,0.1607577173742938,167188.02606926556,13375.042085541245,13375.042085541245
1,88238.0,117500.0,Other,4.0,0.0,3.0,176.4666667,5.0,34.0,,0.6475723055899949,0.4,88238.0,0.12348073083203404,136196.15908946274,10895.69272715702,10895.692727157018
1,50000.0,71130.0,ProfExe,2.5,0.0,0.0,189.7,0.0,22.0,,0.09816972199131417,0.4,50000.0,0.14428201130035417,90176.25706272136,7214.1005650177085,7214.1005650177085
1,70000.0,87400.0,Office,18.0,,3.0,145.8666667,3.0,18.0,,0.5182991813620129,0.4,70000.0,0.15714394631541367,137500.95302598696,11000.076242078958,11000.076242078958
0,63005.0,90908.0,Other,,0.0,0.0,295.1152504,0.0,20.0,29.01487651,0.038453096364818765,0.4,63005.0,0.09160283153506626,72142.95501083562,5771.43640086685,5771.43640086685
0,,33382.0,Other,13.0,,,84.93118132,1.0,9.0,33.72078338,0.2121902593968244,0.4,0.0,0.181930343835013,0.0,0.0,0.0
0,98338.0,115759.0,Other,8.0,0.0,0.0,296.0762618,1.0,19.0,30.06273571,0.047215720166210354,0.4,98338.0,0.10229961036517726,125749.23855113503,10059.939084090802,10059.939084090802
0,84505.0,108652.0,Office,30.0,,1.0,332.385736,2.0,48.0,33.74218195,0.027003504566641027,0.4,84505.0,0.07490228247847015,79120.217260539,6329.6173808431195,6329.61738084312
0,71670.0,84124.0,Other,10.0,0.0,0.0,81.59612884,3.0,12.0,32.94889897,0.24453190131634758,0.4,71670.0,0.18542087917363542,166113.93012968064,13289.114410374452,13289.11441037445
0,52546.0,63837.0,Other,7.0,0.0,1.0,122.1963249,2.0,49.0,30.14326133,0.15042055929466908,0.4,52546.0,0.1677638729294666,110191.50583689689,8815.32046695175,8815.32046695175
0,77067.0,94613.0,Other,5.0,0.0,0.0,207.4133904,3.0,18.0,41.05898907,0.19451564236762275,0.4,77067.0,0.17900188262660582,172439.22610480787,13795.138088384629,13795.13808838463
0,,46140.0,Other,,,,344.580126,,16.0,31.64081278,0.042778838802560684,0.4,0.0,0.097072358755193,0.0,0.0,0.0
0,85228.0,91519.0,Office,,0.0,0.0,162.7712009,0.0,26.0,43.58388253,0.09106229521924461,0.4,85228.0,0.13988086740937455,149022.08209457717,11921.766567566174,11921.766567566174
0,62973.0,87698.0,Office,1.0,0.0,0.0,156.4281155,0.0,24.0,23.57080084,0.028102181173153308,0.4,62973.0,0.07667193749053351,60353.273994892086,4828.261919591367,4828.261919591367
0,140979.0,181166.0,Mgr,9.0,0.0,0.0,236.7071183,0.0,21.0,27.84133988,0.04601934187138523,0.4,140979.0,0.10092557627415309,177854.83521942285,14228.386817553828,14228.386817553828
0,57944.0,89778.0,ProfExe,2.0,0.0,0.0,135.6060779,0.0,12.0,25.72579366,0.09196310540423983,0.4,57944.0,0.14045881868590185,101734.3223741987,8138.745789935896,8138.745789935897
0,65901.0,85627.0,Office,5.0,0.0,0.0,117.3570325,0.0,20.0,21.44534142,0.032502299259934954,0.4,65901.0,0.08337634273070453,68682.30452870199,5494.584362296159,5494.584362296159
0,66395.0,85782.0,Other,1.0,2.0,1.0,99.51921755,1.0,25.0,33.20696963,0.5606880204640918,0.4,66395.0,0.14707499612029898,122063.05459259063,9765.04436740725,9765.04436740725
0,69861.0,87086.0,Other,7.0,0.0,0.0,205.3280458,2.0,18.0,43.43633435,0.19902513575285585,0.4,69861.0,0.17982473390155704,157034.19668870844,12562.735735096676,12562.735735096676
1,49371.0,77400.0,Office,3.0,2.0,2.0,214.0603762,1.0,51.0,44.21676389,0.44419383387521694,0.4,49371.0,0.17195781292402346,106121.61477339952,8489.729181871962,8489.729181871962
0,76644.0,103192.0,Other,5.0,2.0,0.0,76.07793545,0.0,20.0,24.18793386,0.2559832983779164,0.4,76644.0,0.18614786983346096,178338.96669394727,14267.11733551578,14267.117335515783
0,94089.0,159427.0,ProfExe,6.0,0.0,0.0,101.9604601,0.0,16.0,35.99497953,0.18115011600757466,0.4,94089.0,0.17623521346437987,207272.43749562546,16581.794999650036,16581.79499965004
1,,30695.0,Other,11.0,0.0,1.0,64.33574112,2.0,2.0,29.23301484,0.40083756702221807,0.4,0.0,0.17865974021485387,0.0,0.0,0.0
0,63798.0,91045.0,Other,,0.0,0.0,298.2107312,0.0,19.0,30.96164513,0.04387669697519658,0.4,63798.0,0.0983999931550041,78471.53454128689,6277.7227633029515,6277.7227633029515
0,59734.0,93756.0,Office,31.0,0.0,0.0,210.1589374,0.0,21.0,32.59621957,0.032882234844544535,0.4,59734.0,0.08392872628831964,62667.481701331075,5013.398536106486,5013.398536106485
0,99844.0,114647.0,Other,11.0,0.0,0.0,169.983556,0.0,27.0,33.52327854,0.0863340109289629,0.4,99844.0,0.13674581811968803,170665.61830427664,13653.24946434213,13653.249464342132
0,107758.0,124610.0,ProfExe,0.0,0.0,0.0,129.1788981,0.0,29.0,34.2115674,0.11425098672073898,0.4,107758.0,0.15302140666317163,206116.0092401256,16489.280739210048,16489.280739210048
0,45973.0,64430.0,Office,3.0,0.0,0.0,117.0737532,0.0,17.0,33.8247164,0.07844759627447155,0.4,45973.0,0.13111087118283984,75344.5010111087,6027.560080888697,6027.560080888697
0,63152.0,85097.0,Office,5.0,0.0,0.0,102.4008978,1.0,20.0,24.17553291,0.0480621935786923,0.4,63152.0,0.10325671039844252,81510.84718853053,6520.867775082443,6520.867775082442
0,76981.0,106014.0,ProfExe,0.0,0.0,0.0,269.3426287,1.0,21.0,39.79911228,0.10164200428927599,0.4,76981.0,0.1463055325024725,140784.32746966043,11262.746197572835,11262.746197572835
1,33209.0,52000.0,Other,8.0,0.0,0.0,91.3,1.0,15.0,,0.20192885477221795,0.4,33209.0,0.18032648388112568,74855.7775401038,5988.462203208303,5988.4622032083025
1,61712.0,82649.0,Other,12.0,0.0,0.0,94.6451236,0.0,9.0,27.5488312,0.1282590890542422,0.4,61712.0,0.15945113473490458,123000.6053345054,9840.048426760432,9840.048426760432
0,105719.0,116491.0,Other,1.0,0.0,0.0,117.8736121,2.0,20.0,38.7636997,0.2315966658901304,0.4,105719.0,0.18429221054461792,243539.85258208076,19483.18820656646,19483.18820656646
0,47198.0,79384.0,Other,1.0,,1.0,297.4825046,1.0,9.0,36.73611367,0.18362701572256657,0.4,47198.0,0.1767863601560603,104299.53283307169,8343.962626645734,8343.962626645734
0,41379.0,57862.0,Other,17.0,0.0,0.0,282.0062894,0.0,21.0,30.7084874,0.04239604674097655,0.4,41379.0,0.09660391534723305,49967.16766441445,3997.3734131531564,3997.3734131531564
0,54715.0,71673.0,Office,1.0,0.0,0.0,186.2158287,0.0,25.0,29.67050636,0.03469922901523452,0.4,54715.0,0.08651692543231781,59172.16968786587,4733.7735750292695,4733.7735750292695
0,49244.0,65523.0,Office,2.0,0.0,0.0,110.2198934,0.0,17.0,31.00152371,0.06855411030620423,0.4,49244.0,0.12323134275210679,75855.05303105933,6068.404242484747,6068.404242484747
0,,29725.0,Other,11.0,,,85.95153044,2.0,8.0,33.49604656,0.2379321033853818,0.4,0.0,0.1848872289543311,0.0,0.0,0.0
0,26276.0,168105.0,Self,7.0,0.0,0.0,336.1984645,0.0,26.0,25.99181995,0.038281450559040864,0.4,26276.0,0.09137749499802175,30012.93823210025,2401.03505856802,2401.0350585680194
0,51041.0,72749.0,Other,8.0,0.0,0.0,90.32595067,2.0,15.0,43.89773033,0.3499677757466961,0.4,51041.0,0.1842544765461772,117556.65921741788,9404.53273739343,9404.53273739343
0,72942.0,99544.0,Other,5.0,2.0,0.0,54.94567887,1.0,20.0,23.28293339,0.2949696111460674,0.4,72942.0,0.18691872349370223,170427.81911347035,13634.225529077628,13634.225529077628
0,81145.0,92943.0,ProfExe,8.0,1.0,2.0,343.4989168,,41.0,37.55797663,0.2458432922509399,0.4,81145.0,0.18551673426794224,188171.94252715216,15053.755402172173,15053.755402172173
0,68905.0,91572.0,Office,3.0,0.0,0.0,165.4571246,0.0,25.0,24.92011999,0.02816173737337418,0.4,68905.0,0.07676670590593399,66120.12338060477,5289.609870448381,5289.609870448381
0,43794.0,69458.0,Office,2.0,0.0,0.0,140.5029163,0.0,18.0,31.10952867,0.05712658350436575,0.4,43794.0,0.11279226839683619,61745.307527138044,4939.624602171044,4939.624602171044
0,25329.0,37433.0,ProfExe,21.0,1.0,0.0,207.1595475,2.0,16.0,32.71808803,0.16722087446145065,0.4,25329.0,0.1727866430959884,54706.41103722863,4376.512882978291,4376.51288297829
0,104896.0,137950.0,Office,2.0,,,112.2830944,2.0,15.0,32.76133796,0.10062484716654302,0.4,104896.0,0.14572101306508994,191069.39233094594,15285.551386475676,15285.551386475674
0,62258.0,92595.0,Office,2.0,0.0,0.0,177.8542195,0.0,25.0,22.21960047,0.022050345261506364,0.4,62258.0,0.06636895809475106,51649.98241328764,4131.998593063011,4131.998593063012
0,49552.0,82523.0,Mgr,4.0,0.0,0.0,131.7057154,1.0,8.0,28.17203289,0.12745280736583314,0.4,49552.0,0.15910772029715722,98551.32195205918,7884.105756164735,7884.105756164735
0,68873.0,101797.0,ProfExe,23.0,0.0,0.0,220.9651523,0.0,23.0,36.25933734,0.07792280049640449,0.4,68873.0,0.13071661793183262,112535.57033523885,9002.845626819108,9002.845626819108
0,87248.0,116407.0,Other,20.0,0.0,0.0,270.0076812,1.0,16.0,24.54326882,0.037647234380336646,0.4,87248.0,0.09053909357410672,98741.9354519208,7899.354836153664,7899.354836153663
0,49780.0,109050.0,Office,2.0,,2.0,128.2885293,0.0,23.0,39.57681143,0.33368944307378684,0.4,49780.0,0.18544581599183502,115393.65900091935,9231.492720073547,9231.492720073547
0,,95280.0,Other,,0.0,0.0,194.4600162,1.0,10.0,33.12372818,0.12112655216051647,0.4,0.0,0.15630301044635841,0.0,0.0,0.0
0,70703.0,87682.0,Other,10.0,0.0,0.0,87.21132856,3.0,10.0,31.37926884,0.22748216286792272,0.4,70703.0,0.18386084766039107,162493.9189016579,12999.513512132631,12999.51351213263
0,62783.0,94394.0,Office,1.0,0.0,0.0,167.429347,0.0,25.0,23.69115685,0.026004770296062657,0.4,62783.0,0.07325723038662596,57491.35869204422,4599.3086953635375,4599.3086953635375
1,83448.0,135447.0,Mgr,17.0,0.0,5.0,129.7801316,9.0,19.0,45.55441548,0.9808105483750233,0.4,83448.0,0.007597030960545892,7924.46299494542,633.9570395956337,633.9570395956337
0,53600.0,73500.0,Other,5.0,,,104.7333333,1.0,8.0,,0.21878881858925062,0.4,53600.0,0.18282837195258123,122495.00920822941,9799.600736658353,9799.600736658354
0,95465.0,114758.0,Other,7.0,0.0,0.0,298.4644353,2.0,19.0,32.6225601,0.06270396052739145,0.4,95465.0,0.1180850002688183,140912.30688328424,11272.984550662739,11272.984550662739
1,71530.0,88569.0,Mgr,14.0,0.0,0.0,,0.0,1.0,35.88671015,0.15683847353392003,0.4,71530.0,0.16980179223460257,151824.02748176403,12145.922198541122,12145.922198541122
0,96049.0,129091.0,Mgr,5.0,,,251.1608938,3.0,42.0,36.69216791,0.0711799227868848,0.4,96049.0,0.1254183487340624,150578.83721947452,12046.306977557962,12046.30697755796
0,22956.0,44866.0,Mgr,16.0,0.0,0.0,114.7590192,1.0,17.0,24.09088217,0.08388064200948173,0.4,22956.0,0.13504925155804356,38752.3827345806,3100.190618766448,3100.190618766448
1,118585.0,131940.0,Sales,5.0,0.0,0.0,202.3851699,2.0,40.0,23.97711222,0.1085749829282039,0.4,118585.0,0.15011563600164418,222518.28369068718,17801.462695254973,17801.462695254977
1,23466.0,206368.0,Mgr,9.0,7.0,3.0,141.0274265,10.0,41.0,32.36849777,0.9944078152558313,0.4,23466.0,0.002226621407937346,653.1237244832221,52.24989795865777,52.24989795865776
0,86021.0,113030.0,Other,20.0,0.0,0.0,284.1597667,0.0,17.0,26.65016531,0.03434826475120182,0.4,86021.0,0.08602373960526097,92498.10130730191,7399.848104584154,7399.848104584154
0,105502.0,117705.0,Other,0.0,0.0,0.0,125.2425886,2.0,21.0,38.81066171,0.22171019291857239,0.4,105502.0,0.18319405144903747,241591.7351997044,19327.338815976353,19327.338815976353
0,76211.0,104348.0,Other,0.0,0.0,0.0,141.0468244,1.0,18.0,33.33441192,0.14344233554986757,0.4,76211.0,0.16536873982908576,157536.4628889307,12602.917031114455,12602.917031114455
0,81933.0,131208.0,ProfExe,13.0,0.0,0.0,308.5320272,0.0,19.0,29.60368375,0.03615878860577796,0.4,81933.0,0.08853465063346033,90673.86912939131,7253.909530351305,7253.909530351305
1,34984.0,46382.0,Other,11.0,0.0,0.0,175.1443195,3.0,20.0,39.74092813,0.19668084079449244,0.4,34984.0,0.17940367516759698,78453.22715079015,6276.2581720632115,6276.258172063212
1,46115.0,61917.0,Other,2.0,0.0,0.0,259.3606975,0.0,47.0,43.71749944,0.06993031987373813,0.4,46115.0,0.12438663995485828,71701.12376897862,5736.0899015182895,5736.0899015182895
1,31800.0,63000.0,Other,12.0,1.0,5.0,124.9,1.0,14.0,,0.9502372084934179,0.4,31800.0,0.019497671169140807,7750.32428973347,620.0259431786776,620.0259431786776
0,22352.0,165315.0,Self,9.0,0.0,0.0,304.3346951,0.0,27.0,27.56242667,0.04904489275903133,0.4,22352.0,0.10435258713491154,29156.11284549428,2332.4890276395427,2332.4890276395427
0,7774.0,88649.0,Other,14.0,0.0,1.0,257.9159219,0.0,22.0,28.13047878,0.08584978582265533,0.4,7774.0,0.1364148453438939,13256.112596292889,1060.489007703431,1060.489007703431
1,79087.0,102921.0,Sales,23.0,0.0,0.0,256.2530843,0.0,45.0,36.98708569,0.11527058617434267,0.4,79087.0,0.1535241048343952,151772.01098797264,12141.76087903781,12141.760879037813
0,84480.0,101243.0,Office,30.0,,0.0,337.3423041,2.0,49.0,35.41287035,0.013248517959752702,0.4,84480.0,0.04822789573526118,50928.6578964358,4074.292631714864,4074.2926317148645
0,71510.0,89756.0,Other,2.0,0.0,0.0,193.1358902,0.0,30.0,31.41358583,0.06615780649656666,0.4,71510.0,0.12117050684134215,108311.28680280471,8664.902944224377,8664.902944224377
0,105169.0,134992.0,Other,1.0,0.0,0.0,277.9929456,0.0,46.0,41.9498545,0.05792780319847791,0.4,105169.0,0.11357754514083254,149310.46056145272,11944.836844916219,11944.836844916217
0,96431.0,161284.0,Other,,0.0,,256.3719323,,23.0,39.07781351,0.09630947794806204,0.4,96431.0,0.14316454988902952,172568.75887936258,13805.500710349006,13805.500710349006
0,67524.0,85577.0,Other,8.0,0.0,0.0,75.43432799,3.0,11.0,31.76182878,0.2430489599412513,0.4,67524.0,0.18530845870316368,156409.60456840528,12512.768365472422,12512.768365472424
0,43500.0,69875.0,ProfExe,5.0,0.0,0.0,245.5333333,3.0,32.0,,0.08343331029754501,0.4,43500.0,0.13473456296798283,73261.91861384067,5860.9534891072535,5860.9534891072535
1,25004.0,65000.0,Other,2.0,0.0,0.0,199.8333333,0.0,7.0,,0.127425702158095,0.4,25004.0,0.15909612160341255,49725.49280714659,3978.0394245717275,3978.0394245717275
0,56075.0,88870.0,ProfExe,11.0,0.0,0.0,,1.0,16.0,24.68929369,0.06893708532040685,0.4,56075.0,0.12355487568659673,86604.24567657389,6928.339654125912,6928.339654125912
0,59901.0,83232.0,Other,,0.0,0.0,284.5143054,0.0,20.0,27.89880275,0.03795430959939661,0.4,59901.0,0.09094617809794014,68097.0876780589,5447.767014244712,5447.767014244712
1,49868.0,76131.0,Other,9.0,0.0,0.0,81.2741558,2.0,9.0,40.37255654,0.337185795031133,0.4,49868.0,0.18521669061505,115454.82409489143,9236.385927591315,9236.385927591313
0,69327.0,102426.0,ProfExe,8.0,0.0,0.0,246.7546661,1.0,12.0,36.4090945,0.10661564189090825,0.4,69327.0,0.14906884861910555,129181.20085270914,10334.496068216731,10334.496068216731
0,32188.0,78914.0,Other,,0.0,0.0,250.7255462,0.0,49.0,40.72219635,0.05617723964793005,0.4,32188.0,0.11185045816711872,45003.031843540215,3600.242547483217,3600.2425474832175
0,102826.0,114692.0,Other,8.0,0.0,0.0,317.5079738,1.0,18.0,31.91423801,0.04824752968140423,0.4,102826.0,0.103464634358385,132985.6811566912,10638.854492535296,10638.854492535296
0,34297.0,42629.0,Other,9.0,0.0,0.0,80.48923834,2.0,11.0,30.28477259,0.19684107227617706,0.4,34297.0,0.1794329141957008,76925.13322712437,6154.01065816995,6154.01065816995
0,66038.0,98585.0,Office,1.0,0.0,0.0,162.0654119,3.0,19.0,32.75346067,0.08036261869081289,0.4,66038.0,0.13252847093367726,109398.93954397723,8751.915163518179,8751.915163518179
0,50941.0,78801.0,ProfExe,4.0,0.0,0.0,266.040799,2.0,32.0,32.90435701,0.05854908471410411,0.4,50941.0,0.11418052970405101,72705.87954567578,5816.470363654063,5816.470363654063
0,74904.0,92308.0,Other,6.0,0.0,0.0,202.4904448,3.0,19.0,42.42034531,0.2093908189212149,0.4,74904.0,0.18151835137470373,169955.63239213513,13596.45059137081,13596.450591370809
0,62786.0,79154.0,,7.0,,,,,,24.83894007,0.06595550149883268,0.4,62786.0,0.12099358982819589,94958.79413691383,7596.703530953107,7596.703530953107
0,21857.0,51994.0,ProfExe,7.0,0.0,0.0,201.9333333,0.0,14.0,,0.10549674746355148,0.4,21857.0,0.14846064441072224,40561.30381106445,3244.904304885156,3244.904304885156
0,71264.0,94726.0,Other,1.0,0.0,0.0,177.2573424,1.0,31.0,35.03448136,0.10068592350332504,0.4,71264.0,0.1457563018176112,129839.71365912806,10387.177092730244,10387.177092730244
0,119879.0,128546.0,,16.0,0.0,0.0,182.9973812,0.0,17.0,40.85088684,0.14921662219084286,0.4,119879.0,0.16736428810173642,250793.29366685075,20063.46349334806,20063.46349334806
0,86623.0,124048.0,,,,,,,,35.81076936,0.12999040752901667,0.4,86623.0,0.1601781458362909,173438.89408471284,13875.111526777027,13875.111526777026
1,54818.0,74447.0,Office,3.0,2.0,3.0,208.0888643,1.0,50.0,41.95642972,0.6148345685082306,0.4,54818.0,0.13279593044463658,90995.0914389261,7279.607315114088,7279.607315114088
0,57139.0,164133.0,ProfExe,21.0,0.0,0.0,238.4610031,0.0,27.0,22.20684602,0.026282450802250765,0.4,57139.0,0.07371818220767205,52652.29016455217,4212.183213164174,4212.183213164173
0,73466.0,89453.0,Other,4.0,0.0,0.0,198.8274238,3.0,19.0,41.52349741,0.2051350761854742,0.4,73466.0,0.18085556385399568,166084.18567622057,13286.734854097645,13286.734854097647
0,63574.0,88586.0,Other,,0.0,0.0,298.1465517,0.0,20.0,29.15337202,0.03814157631136756,0.4,63574.0,0.09119337609374834,72469.09614729945,5797.5276917839565,5797.5276917839565
0,82869.0,94390.0,ProfExe,8.0,0.0,2.0,358.0506602,,42.0,39.06062731,0.15266131588975362,0.4,82869.0,0.16849285040215728,174535.42524970465,13962.834019976373,13962.834019976372
0,57651.0,76854.0,Office,1.0,0.0,0.0,172.2000922,0.0,25.0,31.81962217,0.043270001461365504,0.4,57651.0,0.09766920466555776,70384.09147717588,5630.727318174071,5630.72731817407
1,48700.0,72500.0,Other,,0.0,1.0,127.3,1.0,39.0,,0.20716382854161003,0.4,48700.0,0.18117707118298654,110291.54208264305,8823.323366611445,8823.323366611445
0,81700.0,109025.0,ProfExe,10.0,0.0,0.0,155.2666667,3.0,19.0,,0.1680655634294173,0.4,81700.0,0.1730133583546659,176689.89221970257,14135.191377576206,14135.191377576206
0,62018.0,91832.0,ProfExe,9.0,0.0,0.0,202.3225002,0.0,19.0,20.38046421,0.03704767243330524,0.4,62018.0,0.08973797418618255,69567.12103848337,5565.369683078669,5565.369683078669
0,,51454.0,Other,,,,338.1108068,,17.0,33.49183609,0.04897569717895281,0.4,0.0,0.10427595049177421,0.0,0.0,0.0
0,107669.0,115881.0,Other,0.0,0.0,0.0,136.8121195,1.0,21.0,39.69996168,0.1984747405880962,0.4,107669.0,0.1797271698816576,241888.05817485243,19351.044653988196,19351.044653988192
0,47428.0,76483.0,ProfExe,4.0,0.0,0.0,232.3155447,3.0,31.0,33.10683578,0.08249149932228676,0.4,47428.0,0.13406651888542304,79481.33572122305,6358.506857697844,6358.506857697844
0,58664.0,89589.0,Office,27.0,0.0,0.0,211.4411021,0.0,21.0,34.25636489,0.037393721384946725,0.4,58664.0,0.09020137741174883,66144.67005603542,5291.573604482834,5291.573604482834
0,71906.0,86144.0,Office,2.0,0.0,0.0,126.1701523,1.0,20.0,23.69800763,0.04154409318946594,0.4,71906.0,0.09555082371356681,85883.4691243467,6870.677529947736,6870.677529947735
0,89858.0,105796.0,Office,29.0,,1.0,340.7116751,2.0,49.0,36.00391594,0.029449480594179733,0.4,89858.0,0.07878766915808572,88496.27969009083,7079.702375207266,7079.702375207266
0,100014.0,122281.0,ProfExe,0.0,0.0,0.0,123.1339876,0.0,30.0,34.93667391,0.12071441758411065,0.4,100014.0,0.15611332357594251,195168.97430155394,15613.517944124316,15613.517944124314
0,65898.0,85424.0,ProfExe,10.0,0.0,1.0,173.5332104,0.0,14.0,26.93199486,0.14876380116865517,0.4,65898.0,0.1672125492873318,137737.1571617074,11018.972572936593,11018.972572936591
0,86422.0,116097.0,,,,,,,,35.59895076,0.12836274017256832,0.4,86422.0,0.15949505770161032,172298.5234586071,13783.881876688567,13783.881876688567
0,102103.0,133626.0,ProfExe,5.0,0.0,0.0,95.36634837,0.0,14.0,31.27518252,0.1493980164394669,0.4,102103.0,0.1674248499381943,213682.24316549313,17094.57945323945,17094.57945323945
0,85601.0,100078.0,Office,,0.0,0.0,176.6987412,1.0,25.0,43.02747053,0.09400592707780692,0.4,85601.0,0.14174739082266766,151671.48002263968,12133.718401811175,12133.718401811175
0,44330.0,72618.0,Other,6.0,0.0,0.0,101.4953657,2.0,15.0,41.4570252,0.3019086523221199,0.4,44330.0,0.18680647614028745,103514.13859123677,8281.131087298942,8281.131087298943
0,48491.0,112677.0,Office,2.0,,2.0,138.0960861,1.0,23.0,37.25333322,0.31523527841661947,0.4,48491.0,0.18639970263548947,112983.84975621899,9038.70798049752,9038.70798049752
0,47636.0,59586.0,Other,16.0,0.0,0.0,284.065542,0.0,21.0,29.96900633,0.04018632701275076,0.4,47636.0,0.09384173764400541,55878.062680123025,4470.245014409842,4470.245014409842
1,52028.0,63745.0,Other,7.0,0.0,0.0,105.5303761,4.0,18.0,41.34484584,0.33618002943269143,0.4,52028.0,0.1852841315115065,120499.53492850823,9639.962794280658,9639.96279428066
0,44110.0,65748.0,Other,7.0,0.0,0.0,99.19355258,3.0,14.0,41.41563125,0.33650603857069566,0.4,44110.0,0.1852624060227432,102149.05912079001,8171.924729663201,8171.924729663202
0,,88454.0,Office,30.0,0.0,0.0,320.4214503,0.0,16.0,14.0979409,0.005622111054660421,0.4,0.0,0.027081875609723395,0.0,0.0,0.0
1,94403.0,,Office,9.0,0.0,1.0,217.7868414,0.0,19.0,,0.09223418929056784,0.4,94403.0,0.14063156711625524,165950.52288094803,13276.041830475842,13276.041830475844
0,64992.0,97348.0,Office,8.0,,,123.6688208,0.0,11.0,36.10792355,0.09591657678211696,0.4,64992.0,0.1429254756168621,116112.65639113878,9289.012511291103,9289.012511291103
0,97010.0,128101.0,Mgr,9.0,,,250.681862,2.0,41.0,36.93333116,0.06378130247064488,0.4,97010.0,0.11906250300354555,144378.16770467442,11550.253416373953,11550.253416373955
0,77049.0,98658.0,Other,5.0,3.0,0.0,77.99281611,0.0,21.0,23.1200738,0.35722189361021434,0.4,77049.0,0.1836242957111196,176850.85450307568,14148.068360246054,14148.068360246054
1,92900.0,116000.0,Mgr,10.0,1.0,,83.16666667,1.0,27.0,,0.25556734115864926,0.4,92900.0,0.1861257327361968,216138.5071399085,17291.08057119268,17291.08057119268
0,64081.0,100796.0,ProfExe,22.0,0.0,1.0,243.9416859,1.0,24.0,38.32781635,0.17350721303784897,0.4,64081.0,0.17441835529148597,139711.28281792143,11176.902625433715,11176.902625433713
0,23169.0,41677.0,ProfExe,20.0,0.0,0.0,208.0769432,2.0,15.0,34.43057515,0.11397012693388184,0.4,23169.0,0.15288192348014898,44276.51606389465,3542.121285111572,3542.1212851115715
1,48833.0,68872.0,Other,1.0,0.0,0.0,60.39065229,0.0,12.0,22.45962439,0.11355442049578311,0.4,48833.0,0.15267466583311828,93194.52445785831,7455.561956628665,7455.561956628665
1,143404.0,165267.0,Mgr,14.0,0.0,1.0,169.7373629,1.0,31.0,36.178122,0.1963781431920515,0.4,143404.0,0.17934825364460594,321490.7120706384,25719.25696565107,25719.25696565107
0,,42894.0,Other,1.0,0.0,0.0,331.4268695,0.0,8.0,26.89580446,0.03688276402435354,0.4,0.0,0.08951615155289641,0.0,0.0,0.0
0,67619.0,93500.0,ProfExe,8.0,0.0,0.0,82.16666667,0.0,16.0,,0.18508211090114518,0.4,67619.0,0.17710179621201785,149693.07947575545,11975.446358060437,11975.446358060435
0,56500.0,80000.0,Other,2.0,0.0,0.0,308.4333333,3.0,16.0,,0.08512668524114779,0.4,56500.0,0.1359170678535146,95991.42917154467,7679.314333723574,7679.314333723574
0,163000.0,193000.0,ProfExe,10.0,0.0,0.0,262.7333333,1.0,38.0,,0.05045117892095167,0.4,163000.0,0.10589311256646056,215757.2168541634,17260.57734833307,17260.57734833307
0,76000.0,110000.0,Mgr,18.0,0.0,0.0,242.5,5.0,31.0,,0.09847847113601188,0.4,76000.0,0.14446519396245092,137241.9342643284,10979.354741146271,10979.35474114627
1,65900.0,87000.0,Other,26.0,0.0,3.0,109.5666667,5.0,35.0,,0.6963840960215859,0.4,65900.0,0.10874709012239317,89580.41548832136,7166.433239065709,7166.43323906571
1,50000.0,,Mgr,1.0,0.0,0.0,120.7333333,3.0,11.0,,0.23422083552530765,0.4,50000.0,0.18454870817902236,115342.94261188898,9227.435408951118,9227.435408951118
1,67000.0,109500.0,Mgr,2.0,4.0,0.0,217.1,2.0,24.0,,0.5387379304338881,0.4,67000.0,0.15241989510337148,127651.6621490736,10212.132971925888,10212.132971925888
0,126872.0,167611.0,Office,5.0,0.0,0.0,136.1224348,1.0,21.0,26.40452841,0.04495956745205743,0.4,126872.0,0.09968700245256218,158093.61718951835,12647.489375161469,12647.489375161469
0,51758.0,138693.0,Other,2.0,0.0,0.0,283.0698409,5.0,43.0,39.71677072,0.09559698703738029,0.4,51758.0,0.14273021497062982,92342.88083062324,7387.4304664498595,7387.430466449859
0,52030.0,158296.0,ProfExe,20.0,0.0,0.0,218.5392657,0.0,27.0,22.48479175,0.03021856349243545,0.4,52030.0,0.07996974479602847,52010.32277171702,4160.825821737362,4160.825821737361
1,43223.0,46925.0,Other,10.0,0.0,0.0,178.0023834,4.0,20.0,40.20633377,0.22219285041419715,0.4,43223.0,0.18325262311749327,99009.10161259264,7920.728129007412,7920.728129007412
0,44946.0,64918.0,Other,25.0,0.0,0.0,247.2784079,0.0,14.0,24.35794954,0.03767507751567001,0.4,44946.0,0.09057609409873742,50887.91406702315,4071.033125361852,4071.033125361852
0,48674.0,73720.0,ProfExe,17.0,0.0,0.0,186.4730715,0.0,23.0,38.37360781,0.11091195316995969,0.4,48674.0,0.15133443660852783,92075.65459354354,7366.052367483484,7366.052367483483
0,8795.0,164000.0,Mgr,23.0,0.0,0.0,76.06666667,2.0,21.0,,0.1926310864495892,0.4,8795.0,0.17864192952276475,19639.44712690895,1571.1557701527163,1571.155770152716
0,74263.0,98922.0,Office,0.0,0.0,0.0,139.8312465,3.0,20.0,31.81442935,0.08423099052480662,0.4,74263.0,0.13529455030463122,125592.23986591035,10047.379189272828,10047.379189272828
0,102552.0,144461.0,Office,1.0,,,136.7244895,2.0,15.0,34.10788882,0.0965689164212838,0.4,102552.0,0.14332182573274305,183724.2484068033,14697.939872544264,14697.939872544264
0,42317.0,66966.0,ProfExe,3.0,0.0,0.0,206.2383892,3.0,17.0,35.00637947,0.14216499553226206,0.4,42317.0,0.164909167720538,87230.76563037508,6978.461250430007,6978.461250430008
0,94920.0,118156.0,Other,9.0,0.0,0.0,295.2855235,2.0,18.0,32.17163193,0.06253909875057367,0.4,94920.0,0.11793418290451481,139928.9080162068,11194.312641296545,11194.312641296545
0,,29168.0,Other,11.0,,,102.1303682,2.0,8.0,31.56688527,0.19917280661085712,0.4,0.0,0.17985077615243728,0.0,0.0,0.0
0,45441.0,76145.0,Mgr,4.0,0.0,0.0,124.0333832,1.0,8.0,28.17345068,0.1325934591257316,0.4,45441.0,0.16124497933926532,91589.16382694444,7327.133106155555,7327.133106155556
0,36206.0,53040.0,Other,9.0,0.0,0.0,118.3013718,0.0,9.0,17.74778355,0.06266495420772134,0.4,36206.0,0.11804934665499603,53426.18306238483,4274.094644990786,4274.094644990786
0,9626.0,96887.0,Other,14.0,0.0,0.0,263.7662467,0.0,23.0,28.67470198,0.040165666502565193,0.4,9626.0,0.09381543257185061,11288.341924207925,903.067353936634,903.067353936634
0,77380.0,123638.0,,,,,,,,34.11861536,0.11746719462573943,0.4,77380.0,0.15458784460526226,149525.09269443993,11962.007415555194,11962.007415555194
0,95860.0,123546.0,Office,0.0,,2.0,252.7574879,1.0,29.0,40.60856748,0.20617725378401414,0.4,95860.0,0.18102199568187358,216909.60632580504,17352.768506064403,17352.7685060644
0,81275.0,106691.0,ProfExe,1.0,0.0,0.0,289.376138,1.0,20.0,38.47524099,0.0853396276019433,0.4,81275.0,0.1360640975073816,138232.6190614055,11058.609524912441,11058.60952491244
0,57094.0,94944.0,ProfExe,9.0,0.0,0.0,,0.0,15.0,24.02304824,0.06039760317185987,0.4,57094.0,0.11594466991356633,82746.81230056444,6619.744984045155,6619.744984045156
0,97749.0,164103.0,Other,,1.0,,263.8467774,,23.0,37.38685429,0.14040500099324882,0.4,97749.0,0.16426487866863282,200709.09531225238,16056.72762498019,16056.727624980189
0,102543.0,119493.0,Office,3.0,0.0,0.0,276.6931852,0.0,33.0,29.28407186,0.016561529471360734,0.4,102543.0,0.055607440606425,71276.92227630799,5702.1537821046395,5702.153782104639
0,55912.0,81552.0,Other,6.0,,,106.5129317,0.0,7.0,36.76375267,0.21923026395798284,0.4,55912.0,0.1828848661196509,127818.23293102402,10225.458634481922,10225.458634481922
0,45877.0,68563.0,Office,2.0,1.0,0.0,119.5007647,0.0,18.0,33.07304835,0.12360854534350062,0.4,45877.0,0.15742708204298259,90278.5280360739,7222.282242885912,7222.282242885912
0,74784.0,100221.0,Mgr,1.0,0.0,0.0,90.05044751,0.0,17.0,25.7083938,0.10304299236116948,0.4,74784.0,0.147099676877517,137508.77794510286,11000.702235608229,11000.70223560823
1,42259.0,,Other,1.5,1.0,3.0,209.9666667,0.0,20.0,,0.6620702988246066,0.4,42259.0,0.1192058360540555,62968.992822604145,5037.519425808332,5037.519425808332
0,,50732.0,Office,0.0,0.0,0.0,96.36289475,2.0,9.0,42.39913928,0.2164228995223243,0.4,0.0,0.18251800282442115,0.0,0.0,0.0
0,,56631.0,Office,2.0,0.0,0.0,98.76022323,1.0,8.0,39.7995274,0.1677482291598679,0.4,0.0,0.1729284615605681,0.0,0.0,0.0
0,71564.0,84627.0,Office,5.0,0.0,0.0,114.6401329,1.0,20.0,22.32314261,0.03973819055724769,0.4,71564.0,0.0932691211115559,83433.89229034232,6674.711383227386,6674.711383227386
0,74681.0,95471.0,Other,6.0,0.0,0.0,187.6535104,4.0,19.0,40.45375316,0.2239574838187572,0.4,74681.0,0.18346236268153096,171264.40884274268,13701.152707419415,13701.152707419413
0,28694.0,44165.0,ProfExe,20.0,0.0,1.0,206.7176512,2.0,16.0,30.63902291,0.17702065869197475,0.4,28694.0,0.17527573646814176,62867.02477771074,5029.361982216859,5029.361982216859
0,,43880.0,Other,,,,351.725503,,15.0,31.53428892,0.04170263878570691,0.4,0.0,0.09574791053189922,0.0,0.0,0.0
0,69644.0,100411.0,Office,0.0,0.0,0.0,149.095227,4.0,19.0,29.72574682,0.08104392523426113,0.4,69644.0,0.13302497000283808,115804.88763597069,9264.391010877656,9264.391010877656
0,71096.0,104437.0,ProfExe,9.0,0.0,0.0,246.9596363,1.0,12.0,37.09953261,0.11039740328170229,0.4,71096.0,0.15106881823786025,134254.8587679864,10740.388701438913,10740.388701438913
0,62933.0,91790.0,Other,2.0,0.0,0.0,185.3724624,0.0,31.0,35.25727149,0.08613887713710876,0.4,62933.0,0.1366126691790768,107468.0638680855,8597.44510944684,8597.44510944684
0,64862.0,107919.0,ProfExe,10.0,0.0,0.0,260.1585478,0.0,11.0,36.82433903,0.09112818624330153,0.4,64862.0,0.13992334726652894,113446.35188002,9075.7081504016,9075.7081504016
0,62933.0,95498.0,Office,0.0,0.0,1.0,161.6609943,0.0,25.0,24.26256802,0.05979891813585191,0.4,62933.0,0.11537815387008923,90763.66696882907,7261.093357506325,7261.093357506325
0,,29387.0,Other,13.0,,,80.82059146,2.0,8.0,33.36449134,0.239319190845598,0.4,0.0,0.1850065749252654,0.0,0.0,0.0
0,102687.0,137417.0,ProfExe,7.0,0.0,0.0,97.76351186,0.0,14.0,31.10800492,0.14447235970060412,0.4,102687.0,0.16573447490945195,212734.70031283615,17018.77602502689,17018.77602502689
0,86076.0,130341.0,ProfExe,12.0,0.0,0.0,295.9543396,0.0,18.0,28.44799241,0.03704636215203697,0.4,86076.0,0.08973621421937517,96551.6796893367,7724.134375146936,7724.134375146937
0,31135.0,60478.0,Other,14.0,0.0,0.0,105.1332711,0.0,18.0,39.1229968,0.1965946171432369,0.4,31135.0,0.17938791299806797,69815.53338993558,5585.2426711948465,5585.2426711948465
0,43794.0,61446.0,,6.0,0.0,0.0,96.45470591,1.0,9.0,28.45298086,0.15554444003204854,0.4,43794.0,0.16940315082093793,92735.51983815194,7418.841587052156,7418.841587052156
0,54079.0,112463.0,Office,1.0,,3.0,134.9257138,1.0,23.0,37.03395439,0.5057214353206535,0.4,54079.0,0.15992288602236193,108105.8719150414,8648.469753203311,8648.469753203311
0,51310.0,76704.0,Other,2.0,,2.0,271.6519477,0.0,10.0,37.63005716,0.3424434524162051,0.4,51310.0,0.18484428204337103,118554.5013955671,9484.360111645368,9484.360111645368
0,11059.0,92706.0,Other,13.0,0.0,1.0,262.61034,0.0,23.0,29.88475774,0.09200742095475054,0.4,11059.0,0.14048709585411734,19420.584913133545,1553.6467930506838,1553.6467930506838
0,59207.0,83146.0,Other,2.0,0.0,0.0,309.496388,3.0,15.0,43.48806641,0.1456490262317146,0.4,59207.0,0.1661470317964575,122963.34139466075,9837.06731157286,9837.06731157286
1,77083.0,103540.0,Other,17.0,0.0,0.0,170.8123729,,10.0,37.2264306,0.1637890625875922,0.4,77083.0,0.171841071114113,165575.31605861467,13246.025284689174,13246.025284689173
0,67238.0,96535.0,Office,7.0,,,103.4726082,0.0,10.0,39.34965052,0.1332131890935678,0.4,67238.0,0.1614944035138599,135732.0087933114,10858.560703464913,10858.560703464913
0,,56374.0,Office,1.0,0.0,0.0,73.4289424,1.0,9.0,40.82912873,0.19818869294288893,0.4,0.0,0.17967615249010924,0.0,0.0,0.0
0,29404.0,45209.0,ProfExe,20.0,0.0,1.0,195.5523296,2.0,16.0,31.05808436,0.1912302476558648,0.4,29404.0,0.17836811141671657,65559.19935121418,5244.7359480971345,5244.7359480971345
0,12830.0,56465.0,ProfExe,3.0,0.0,0.0,301.1485223,0.0,15.0,18.25148086,0.02074174799688606,0.4,12830.0,0.0639428491016057,10254.834424670016,820.3867539736013,820.3867539736012
0,53423.0,85685.0,ProfExe,5.0,0.0,0.0,109.4294283,0.0,12.0,28.16061131,0.12032067013130547,0.4,53423.0,0.1559312822803331,104128.96116577793,8330.316893262234,8330.316893262236
0,5106.0,93277.0,Other,14.0,0.0,0.0,269.9626887,0.0,23.0,29.87592807,0.04195408009930139,0.4,5106.0,0.0960594297666956,6130.993104859347,490.47944838874776,490.4794483887477
0,105556.0,136568.0,Other,0.0,0.0,0.0,273.7250728,0.0,47.0,40.04168465,0.051658336438834676,0.4,105556.0,0.10719024701616756,141432.1714254823,11314.573714038583,11314.573714038583
0,57329.0,83695.0,Other,3.0,0.0,0.0,294.9997016,2.0,16.0,40.62505269,0.11493688198588863,0.4,57329.0,0.15336020724717378,109899.84151591531,8791.987321273225,8791.987321273225
0,76852.0,90429.0,Other,6.0,0.0,0.0,183.8430046,3.0,18.0,42.2970917,0.23078623213522928,0.4,76852.0,0.18421008433038952,176961.4175119887,14156.913400959096,14156.913400959094
1,44983.0,65000.0,Sales,4.0,2.0,1.0,77.03333333,6.0,43.0,,0.8592440545912494,0.4,44983.0,0.05357166546265435,30122.677843832258,2409.8142275065807,2409.8142275065807
1,27623.0,88231.0,ProfExe,8.0,0.0,0.0,122.463272,0.0,12.0,55.96202222,0.45317334466451964,0.4,27623.0,0.1703747384881046,58828.26751571142,4706.261401256914,4706.261401256914
0,56979.0,90008.0,ProfExe,10.0,0.0,2.0,178.9299564,1.0,12.0,27.8164203,0.3209362658908967,0.4,56979.0,0.18615201644385285,132584.44681192865,10606.755744954293,10606.755744954291
1,69284.0,,Office,21.0,0.0,0.0,190.6933138,1.0,20.0,35.89402586,0.056407170277897295,0.4,69284.0,0.11207970739883458,97066.63059276067,7765.330447420854,7765.330447420854
0,50050.0,140222.0,Other,4.0,0.0,0.0,272.4998353,5.0,43.0,40.03337824,0.1018594737482304,0.4,50050.0,0.14642963143613472,91610.03816723177,7328.803053378542,7328.803053378542
0,23670.0,41879.0,Mgr,17.0,1.0,0.0,106.3985698,0.0,17.0,26.69671626,0.15239048816330256,0.4,23670.0,0.16840575114978829,49827.051621443614,3986.1641297154893,3986.164129715489
0,62557.0,95747.0,Other,0.0,0.0,0.0,188.189005,1.0,31.0,35.28584474,0.09706923410234651,0.4,62557.0,0.14362381173439231,112308.43488335476,8984.674790668381,8984.67479066838
1,16204.0,27781.0,Other,1.0,10.0,0.0,190.5770968,0.0,9.0,27.14688565,0.9686684741274972,0.4,16204.0,0.012350838502296258,2501.662338640107,200.13298709120858,200.13298709120855
1,113021.0,146222.0,Mgr,5.0,3.0,2.0,123.8934197,2.0,65.0,62.55930782,0.9325973119275486,0.4,113021.0,0.02626138487058496,37101.09974322978,2968.0879794583825,2968.087979458383
0,67049.0,89729.0,Other,,0.0,0.0,286.3751286,0.0,20.0,28.73912802,0.039685494437172474,0.4,67049.0,0.09320150404936597,78113.34556257425,6249.06764500594,6249.067645005939
0,81820.0,100366.0,ProfExe,6.0,0.0,1.0,335.3003273,,41.0,36.21162681,0.07409497855790002,0.4,81820.0,0.12776318565798628,130669.79813170547,10453.583850536437,10453.583850536437
1,87300.0,155500.0,Other,3.0,0.0,0.0,1154.633333,0.0,0.0,,0.0006020782417808584,0.4,87300.0,0.005127241292453712,5595.1020603901125,447.608164831209,447.608164831209
1,50445.0,71711.0,Other,5.0,0.0,0.0,71.23076169,5.0,18.0,40.58291348,0.40529209853533854,0.4,50445.0,0.17804739381420892,112270.0097619721,8981.60078095777,8981.60078095777
0,73280.0,103067.0,Other,1.0,0.0,0.0,140.362134,0.0,17.0,34.00229537,0.13543393380297855,0.4,73280.0,0.16237403522991675,148734.61627060373,11898.769301648299,11898.769301648299
0,102838.0,111319.0,Office,1.0,0.0,0.0,257.3285966,0.0,34.0,27.57659689,0.016377314313615655,0.4,102838.0,0.05521697194976363,70980.0370171224,5678.402961369792,5678.402961369792
0,46312.0,67166.0,Other,27.0,0.0,0.0,241.5083839,0.0,14.0,26.22071743,0.04340913025825006,0.4,46312.0,0.09783741681156428,56638.08059221456,4531.046447377164,4531.046447377165
0,50135.0,93772.0,ProfExe,5.0,0.0,0.0,126.4894051,2.0,21.0,35.85635489,0.1815646803844987,0.4,50135.0,0.17632871816240514,110503.00356340226,8840.240285072181,8840.240285072181
0,58193.0,82942.0,Other,1.0,0.0,0.0,320.0630097,3.0,16.0,42.84596286,0.13107056688981528,0.4,58193.0,0.16062462575046216,116840.36057870805,9347.228846296644,9347.228846296644
0,39352.0,60943.0,Other,25.0,0.0,0.0,237.7636233,0.0,13.0,25.43988824,0.043634712310603244,0.4,39352.0,0.0981093606867233,48259.99452179919,3860.7995617439356,3860.799561743935
0,144756.0,183810.0,Mgr,11.0,0.0,0.0,243.5422549,0.0,20.0,26.73398284,0.04154967408753012,0.4,144756.0,0.09555776997857386,172907.00688773047,13832.560551018438,13832.560551018438
0,94851.0,119053.0,Office,2.0,0.0,1.0,270.9986111,1.0,34.0,27.00923929,0.03552842948198801,0.4,94851.0,0.08766972352230086,103944.51182267198,8315.560945813759,8315.560945813759
0,115870.0,130809.0,,15.0,0.0,0.0,177.6322825,0.0,17.0,39.56720816,0.14308759539335789,0.4,115870.0,0.16524178002720855,239332.06314690819,19146.565051752656,19146.565051752656
0,131002.0,166859.0,Office,4.0,0.0,0.0,135.8564232,0.0,20.0,28.15188528,0.045748393168688825,0.4,131002.0,0.10061085573004491,164752.79152934178,13180.223322347343,13180.223322347343
0,,51549.0,Office,1.0,0.0,0.0,75.41374556,1.0,8.0,40.62819923,0.1977844314571889,0.4,0.0,0.1796036862713838,0.0,0.0,0.0
0,30856.0,56961.0,Other,11.0,0.0,0.0,116.8177074,1.0,10.0,20.34458217,0.08141951421305123,0.4,30856.0,0.1332969474935274,51412.63264825352,4113.010611860282,4113.010611860282
0,71672.0,96677.0,Other,1.0,0.0,0.0,153.7916948,0.0,30.0,35.32783617,0.10522742259234541,0.4,71672.0,0.1483130979073775,132873.70441521952,10629.896353217562,10629.89635321756
0,47129.0,62342.0,Other,15.0,0.0,0.0,290.1489212,0.0,21.0,30.3185968,0.03998526617765824,0.4,47129.0,0.0935853593672599,55132.305020244894,4410.5844016195915,4410.5844016195915
0,31143.0,75125.0,Other,,1.0,0.0,237.1790454,0.0,49.0,42.13228057,0.11321276494950203,0.4,31143.0,0.15250360466922502,59367.74700267094,4749.4197602136755,4749.419760213675
1,63800.0,85000.0,Other,2.0,0.0,6.0,127.8,2.0,33.0,,0.9478136471742727,0.4,63800.0,0.020431347055547236,16293.999276798922,1303.5199421439138,1303.5199421439136
1,73128.0,101683.0,Sales,26.0,0.0,0.0,254.1917975,0.0,45.0,38.51230869,0.125407614232265,0.4,73128.0,0.15822259770592362,144631.27656298477,11570.502125038782,11570.502125038782
0,66812.0,90973.0,Office,9.0,,,108.0055259,0.0,10.0,37.46901795,0.1148819756703875,0.4,66812.0,0.1533331816028863,128056.2066156505,10244.496529252041,10244.496529252041
0,68940.0,88264.0,Office,0.0,0.0,0.0,166.1062815,0.0,25.0,24.95531142,0.028690068272346953,0.4,68940.0,0.07760231483581059,66873.79480975977,5349.903584780782,5349.903584780783
0,67111.0,96985.0,ProfExe,21.0,0.0,0.0,233.7843986,1.0,23.0,37.32471132,0.08885323209647496,0.4,67111.0,0.13843769624529664,116133.65290897628,9290.692232718102,9290.692232718104
0,116357.0,209364.0,Other,4.0,0.0,0.0,221.1285548,0.0,16.0,27.9002639,0.06033165055405176,0.4,116357.0,0.11588248556170817,168546.729656296,13483.73837250368,13483.738372503678
0,53252.0,89720.0,Office,29.0,0.0,0.0,204.5879339,0.0,22.0,33.01615312,0.03459051587719895,0.4,53252.0,0.0863644963525431,57488.526997070316,4599.082159765625,4599.082159765625
0,88143.0,115365.0,Other,19.0,0.0,0.0,282.0685178,0.0,16.0,24.96285137,0.0320034442503697,0.4,88143.0,0.08264498723269464,91057.21387064256,7284.577109651405,7284.577109651404
0,43643.0,80639.0,Mgr,3.0,0.0,0.0,128.5818237,1.0,8.0,28.89595485,0.13600239619946644,0.4,43643.0,0.1625956838499032,88702.04287826657,7096.163430261326,7096.163430261325
0,61847.0,91671.0,ProfExe,9.0,0.0,0.0,202.0534356,0.0,20.0,21.34825451,0.03867907744267729,0.4,61847.0,0.09189849057514295,71045.57433251082,5683.6459466008655,5683.6459466008655
0,78455.0,121450.0,,,,,,,,33.74237455,0.11482883853185875,0.4,78455.0,0.15330701097521438,150346.26932575554,12027.701546060443,12027.701546060443
0,17988.0,137328.0,Other,9.0,0.0,0.0,360.1469602,0.0,10.0,41.90205419,0.07531522251774242,0.4,17988.0,0.128719807406557,28942.648695364343,2315.4118956291477,2315.4118956291472
0,102108.0,117650.0,Other,9.0,0.0,0.0,279.1125847,1.0,19.0,29.64517729,0.050222609577102104,0.4,102108.0,0.10564490552099254,134839.87516171884,10787.190012937508,10787.190012937506
0,73644.0,107086.0,ProfExe,0.0,0.0,0.0,280.4533436,2.0,20.0,37.77195785,0.09727542150137124,0.4,73644.0,0.14374776242716178,132327.00270232378,10586.160216185903,10586.160216185903
0,125257.0,161009.0,Office,3.0,0.0,0.0,129.7577996,1.0,21.0,27.6372066,0.051151787031236975,0.4,125257.0,0.10664873261330887,166981.25376181537,13358.50030094523,13358.50030094523
0,10866.0,171952.0,Mgr,24.0,0.0,0.0,79.9919755,2.0,21.0,29.84695874,0.1411185866705819,0.4,10866.0,0.16452766100569483,22346.969556098502,1787.7575644878802,1787.75756448788
1,,,,1.0,0.0,0.0,111.2350118,0.0,21.0,31.36287239,0.12417039005794575,0.4,0.0,0.1576772393220942,0.0,0.0,0.0
0,70039.0,100993.0,ProfExe,7.0,0.0,0.0,261.911317,1.0,11.0,36.56433032,0.10201706354189194,0.4,70039.0,0.14651936922739217,128275.87626646651,10262.070101317322,10262.07010131732
1,54218.0,75000.0,Mgr,5.0,1.0,0.0,177.5,6.0,35.0,,0.24724188791028717,0.4,54218.0,0.1856153110686252,125796.13669398402,10063.690935518722,10063.69093551872
0,51682.0,67688.0,Office,2.0,0.0,0.0,135.1919065,0.0,18.0,33.05063637,0.06662869919910544,0.4,51682.0,0.12158051479076831,78544.0520677061,6283.524165416488,6283.524165416488
0,83248.0,95886.0,ProfExe,8.0,0.0,2.0,349.4300794,,41.0,36.05994724,0.13646252350338586,0.4,83248.0,0.16277405284321567,169382.67938865023,13550.61435109202,13550.614351092017
0,97713.0,164869.0,Other,,0.0,,253.4763166,,23.0,36.45229579,0.08308459788791178,0.4,97713.0,0.13448808775299356,164265.43148260325,13141.23451860826,13141.23451860826
0,125728.0,159770.0,Mgr,,0.0,0.0,228.4223822,0.0,18.0,37.00837378,0.0933036646826624,0.4,125728.0,0.1413078381360909,222079.39841468047,17766.351873174437,17766.351873174437
0,31772.0,60289.0,ProfExe,6.0,0.0,0.0,189.2369837,0.0,13.0,31.12574653,0.09208981997110194,0.4,31772.0,0.14053963506174424,55815.31606477173,4465.225285181738,4465.225285181738
0,134689.0,158661.0,Mgr,,0.0,0.0,227.3954647,0.0,19.0,36.42557176,0.08861999702664687,0.4,134689.0,0.13828314585691975,232815.2329040333,18625.218632322663,18625.218632322663
0,86341.0,133564.0,ProfExe,15.0,0.0,0.0,307.6738571,0.0,18.0,28.36821059,0.03379291369213078,0.4,86341.0,0.0852368213976386,91992.90495366893,7359.432396293514,7359.432396293515
0,66894.0,75360.0,,8.0,,,,,,25.26009868,0.06731850883211431,0.4,66894.0,0.12217665105894392,102161.06119921243,8172.884895936994,8172.884895936994
0,27088.0,166437.0,Self,7.0,0.0,0.0,306.6741711,0.0,27.0,26.15671788,0.04475020996964472,0.4,27088.0,0.0994398877783156,33670.346001737664,2693.627680139013,2693.6276801390127
0,70085.0,81598.0,Office,7.0,0.0,0.0,117.1953992,1.0,20.0,21.98183572,0.037796017137199565,0.4,70085.0,0.0907366026829591,79490.93498793987,6359.274799035189,6359.274799035189
0,97438.0,158780.0,Mgr,0.0,0.0,0.0,210.9126034,1.0,18.0,38.79674995,0.1337955111221742,0.4,97438.0,0.16172719244796488,196979.67722181004,15758.374177744803,15758.374177744801
0,45671.0,64516.0,Other,27.0,0.0,0.0,246.1797214,0.0,13.0,25.7012056,0.04177055070229846,0.4,45671.0,0.09583217505109075,54709.39083447956,4376.751266758365,4376.751266758366
0,6778.0,60065.0,Sales,0.0,0.0,0.0,326.5184144,0.0,5.0,38.83660184,0.22220641868784427,0.4,6778.0,0.18325426215739063,15526.217361284922,1242.0973889027937,1242.0973889027937
0,26228.0,60979.0,ProfExe,7.0,0.0,0.0,188.2476105,0.0,13.0,29.62867649,0.08381133613320514,0.4,26228.0,0.1350006056865287,44259.94857432843,3540.7958859462747,3540.7958859462747
0,63450.0,92816.0,ProfExe,10.0,0.0,0.0,,1.0,16.0,25.71867108,0.07405822299119373,0.4,63450.0,0.12773414637374442,101309.14484267605,8104.731587414084,8104.731587414083
0,54780.0,93091.0,ProfExe,4.0,0.0,0.0,115.3753324,1.0,21.0,37.50862467,0.18956414620474252,0.4,54780.0,0.17803541378029367,121909.74958605607,9752.779966884485,9752.779966884487
0,73184.0,96889.0,Mgr,0.0,0.0,0.0,71.95379199,0.0,16.0,28.00439848,0.1335098110721383,0.4,73184.0,0.161613171699879,147843.7294710493,11827.498357683944,11827.498357683944
0,60483.0,85015.0,ProfExe,4.0,0.0,0.0,116.5252651,0.0,12.0,27.29874318,0.11072434161527883,0.4,60483.0,0.15123776606296704,114341.42255983045,9147.313804786436,9147.313804786436
1,52663.0,82000.0,,,,,,,,,0.12287613667008887,0.4,52663.0,0.1570986157876793,103416.05504033195,8273.284403226557,8273.284403226555
1,36420.0,54375.0,Other,1.0,1.0,0.0,77.7,1.0,18.0,,0.3256435113483283,0.4,36420.0,0.18591544684123956,84638.00717447432,6771.0405739579455,6771.040573957945
0,53058.0,74000.0,Other,17.0,1.0,0.0,204.9333333,1.0,21.0,,0.15996523242655808,0.4,53058.0,0.17074016962264665,113239.14899797982,9059.131919838386,9059.131919838386
0,23200.0,85000.0,ProfExe,9.0,0.0,0.0,149.0666667,1.0,21.0,,0.133925265873778,0.4,23200.0,0.1617788556152895,46915.86812843396,3753.269450274717,3753.2694502747167
0,47000.0,112720.0,ProfExe,16.0,0.0,0.0,257.7,0.0,20.0,,0.06498465890337585,0.4,47000.0,0.12013807896441538,70581.12139159403,5646.489711327523,5646.489711327523
0,86000.0,119600.0,ProfExe,12.0,,,137.4666667,,25.0,,0.1289435045348571,0.4,86000.0,0.15974021991141396,171720.73640477,13737.6589123816,13737.658912381601
0,12613.0,85000.0,Other,21.0,0.0,0.0,226.3666667,3.0,41.0,,0.06961768450095315,0.4,12613.0,0.12412596004100701,19570.009174965267,1565.6007339972214,1565.6007339972214
0,152900.0,191146.0,Other,7.5,0.0,0.0,,2.0,16.0,,0.14870891140146647,0.4,152900.0,0.1671941018317054,319549.72712584696,25563.978170067756,25563.978170067756
0,55820.0,88683.0,Office,0.5,0.0,0.0,74.03333333,0.0,23.0,,0.09463593923338451,0.4,55820.0,0.14213870948273488,99177.28454157826,7934.182763326261,7934.182763326261
1,74910.0,112375.0,Office,41.0,0.0,0.0,95.2,3.0,28.0,,0.08485442062986466,0.4,74910.0,0.13572853842274576,127092.81016559855,10167.424813247884,10167.424813247886
1,87600.0,110000.0,Other,0.4,6.0,0.0,180.5666667,2.0,46.0,,0.7488423671892828,0.4,87600.0,0.09190594753697919,100637.01255299221,8050.961004239377,8050.961004239377
1,52700.0,78000.0,Other,2.0,0.0,0.0,62.9,0.0,10.0,,0.23447842105050318,0.4,52700.0,0.1845731152482403,121587.53966977829,9727.003173582263,9727.003173582263
1,61000.0,127000.0,Mgr,9.0,0.0,5.0,256.7,0.0,40.0,,0.6974180308996779,0.4,61000.0,0.10842481890352756,82673.92441393976,6613.913953115181,6613.913953115181
1,62755.0,81180.0,ProfExe,19.0,2.0,0.0,134.9333333,2.0,28.0,,0.3304352518209044,0.4,62755.0,0.18564553553125426,145627.31977829826,11650.18558226386,11650.18558226386
1,56800.0,82000.0,ProfExe,22.0,0.0,5.0,320.6,4.0,28.0,,0.7698456940238769,0.4,56800.0,0.08489830810951969,60277.798757758974,4822.223900620718,4822.223900620718
1,89600.0,115000.0,Self,20.0,,3.0,99.26666667,0.0,23.0,,0.755260905055498,0.4,89600.0,0.08977977144254612,100553.34401565166,8044.267521252133,8044.267521252133
1,48000.0,69000.0,Office,25.0,0.0,0.0,351.0333333,3.0,24.0,,0.024384121057078826,0.4,48000.0,0.0705097030533612,42305.821832016714,3384.4657465613373,3384.4657465613373
1,43000.0,63500.0,Other,8.0,0.0,0.0,46.66666667,3.0,11.0,,0.3199895643304197,0.4,43000.0,0.18619611778662956,100080.4133103134,8006.433064825072,8006.433064825071
0,118822.0,208429.0,Other,3.0,0.0,0.0,206.7370713,0.0,16.0,25.87399085,0.05774930626331004,0.4,118822.0,0.11340335077438402,168435.16182142321,13474.812945713857,13474.812945713857
0,96065.0,116416.0,Other,14.0,0.0,0.0,125.6730605,2.0,8.0,34.75618581,0.2086074787123899,0.4,96065.0,0.18139968501547124,217827.00926264055,17426.160741011245,17426.160741011245
0,97517.0,141718.0,Office,2.0,,,128.4175979,3.0,15.0,31.16602944,0.09430482880820888,0.4,97517.0,0.14193340076893646,173011.4930348047,13840.919442784376,13840.919442784376
0,51018.0,108148.0,Office,0.0,,2.0,114.9462923,0.0,23.0,40.24125987,0.3650351400595073,0.4,51018.0,0.1828800823796466,116627.20053556013,9330.17604284481,9330.17604284481
1,170636.0,188899.0,,1.0,4.0,0.0,67.40828497,1.0,13.0,44.7515722,0.8679204007148581,0.4,170636.0,0.05041239614505484,107527.12035759471,8602.169628607577,8602.169628607578
0,98451.0,138012.0,Office,3.0,,,120.2389346,2.0,15.0,33.95359392,0.10314663817872204,0.4,98451.0,0.147157929606459,181098.06659606867,14487.845327685494,14487.845327685494
0,82662.0,111357.0,Mgr,17.0,0.0,0.0,252.3059847,4.0,30.0,37.31611992,0.09906387979010965,0.4,82662.0,0.144810756130532,149629.33404077543,11970.346723262035,11970.346723262035
0,108154.0,134103.0,Other,1.0,0.0,0.0,279.3611988,0.0,46.0,39.67697661,0.04963094048732344,0.4,108154.0,0.104998490678091,141950.0845099782,11356.006760798255,11356.006760798255
0,25638.0,128433.0,Other,10.0,0.0,0.0,367.6645206,0.0,9.0,39.10689638,0.061393500489051,0.4,25638.0,0.11687698548223091,37456.15192241795,2996.492153793436,2996.492153793436
0,56791.0,94396.0,ProfExe,7.0,0.0,0.0,110.2940878,1.0,21.0,36.1073409,0.17666682560455907,0.4,56791.0,0.17519111943663346,124365.98579907314,9949.27886392585,9949.27886392585
0,48471.0,71546.0,ProfExe,5.0,0.0,1.0,254.0957007,3.0,32.0,29.81874354,0.11877682787231973,0.4,48471.0,0.15520974644066257,94039.64524656694,7523.171619725355,7523.171619725355
0,19126.0,88969.0,Other,21.0,0.0,0.0,225.7062879,2.0,41.0,38.89637818,0.07973536188268865,0.4,19126.0,0.13206774799229523,31574.096851257982,2525.927748100639,2525.9277481006384
0,,96036.0,Office,27.0,0.0,0.0,327.0017911,0.0,15.0,12.4986698,0.005066224356422234,0.4,0.0,0.02517718620955678,0.0,0.0,0.0
0,100082.0,119585.0,ProfExe,1.0,0.0,0.0,147.9158091,0.0,29.0,34.73427716,0.10622033232851334,0.4,100082.0,0.14885484242820768,186221.1292487485,14897.69033989988,14897.69033989988
0,22162.0,128989.0,Other,11.0,0.0,0.0,367.9970935,0.0,9.0,40.64091611,0.06716211900154584,0.4,22162.0,0.12204196246832705,33808.6746527883,2704.693972223064,2704.693972223064
0,53983.0,73688.0,Other,5.0,,,95.52351212,0.0,9.0,36.92038565,0.22557529705830928,0.4,53983.0,0.1836486253640248,123923.79678782688,9913.90374302615,9913.90374302615
0,123463.0,160487.0,Office,4.0,0.0,0.0,155.3007626,0.0,21.0,25.70412779,0.03413057980103442,0.4,123463.0,0.08571624458354236,132284.80881272364,10582.784705017892,10582.784705017892
0,49951.0,111291.0,Office,1.0,,2.0,151.1045925,1.0,23.0,39.48719814,0.3333214386342095,0.4,49951.0,0.18546905979732303,115804.56257420105,9264.365005936084,9264.365005936083
0,74922.0,91187.0,Mgr,0.0,0.0,0.0,80.58265559,0.0,16.0,26.76776884,0.11859951397733018,0.4,74922.0,0.15512607725978236,145279.44950571767,11622.355960457413,11622.355960457415
0,59123.0,94247.0,Office,0.0,0.0,0.0,70.01636023,0.0,22.0,37.19508553,0.11413102967810204,0.4,59123.0,0.15296188607060324,113044.56987690344,9043.565590152275,9043.565590152275
0,46953.0,69086.0,ProfExe,6.0,0.0,0.0,165.6277883,2.0,11.0,29.2491436,0.12279571886175582,0.4,46953.0,0.15706238648267645,92181.87790651384,7374.550232521107,7374.550232521107
0,43085.0,68758.0,Other,7.0,0.0,1.0,103.6838558,3.0,49.0,30.3535487,0.18618030000250535,0.4,43085.0,0.17733582420836183,95506.42482521586,7640.5139860172685,7640.513986017269
0,92853.0,130864.0,Mgr,6.0,,,244.7288109,3.0,41.0,37.49264563,0.07871451675279605,0.4,92853.0,0.13131043415341612,152407.09678058935,12192.567742447149,12192.567742447147
1,32134.0,69131.0,Other,3.0,0.0,0.0,209.1988005,0.0,6.0,38.632967,0.1536828836424766,0.4,32134.0,0.1688189198515696,67810.33963137923,5424.827170510339,5424.827170510338
0,54598.0,115838.0,ProfExe,14.0,0.0,0.0,247.2958966,0.0,20.0,25.63211643,0.038342856797833495,0.4,54598.0,0.09145818535742561,62417.92505180905,4993.434004144724,4993.434004144724
0,,60781.0,,8.0,0.0,0.0,101.0140613,0.0,14.0,27.71993814,0.1161356201949781,0.4,0.0,0.15394612853805473,0.0,0.0,0.0
0,27842.0,74459.0,Other,,0.0,0.0,248.7187801,0.0,49.0,44.55215415,0.07256536671944626,0.4,27842.0,0.12654342260152526,44040.27465089583,3523.2219720716666,3523.221972071666
0,104652.0,169076.0,Other,,1.0,,270.5812143,,23.0,38.46522769,0.14454104268345447,0.4,104652.0,0.16575870944492233,216837.25576037515,17346.98046083001,17346.98046083001
0,117337.0,131575.0,,16.0,0.0,0.0,177.6294323,0.0,17.0,39.17643246,0.13902509250875345,0.4,117337.0,0.16375063471308965,240175.10281662253,19214.008225329802,19214.0082253298
0,91502.0,113251.0,Other,18.0,0.0,0.0,289.9544006,0.0,16.0,24.45832061,0.029782145124032728,0.4,91502.0,0.0793012073072147,90702.73838780948,7256.219071024759,7256.21907102476
0,51352.0,64386.0,Mgr,27.0,0.0,0.0,295.9554144,1.0,17.0,36.78730595,0.06476965068078186,0.4,51352.0,0.11994714375360274,76994.0715754376,6159.525726035008,6159.525726035008
0,62514.0,96633.0,ProfExe,25.0,1.0,0.0,224.7643591,1.0,24.0,36.7023407,0.14423450185626321,0.4,62514.0,0.16565040016446222,129443.36394851489,10355.469115881191,10355.469115881191
0,59698.0,89715.0,ProfExe,9.0,0.0,0.0,,1.0,16.0,23.34562321,0.06409118829744387,0.4,59698.0,0.11934110858115413,89055.31875097174,7124.425500077739,7124.425500077739
0,94937.0,133859.0,Mgr,6.0,,,248.1588756,2.0,42.0,36.79087533,0.06395074975424114,0.4,94937.0,0.1192149867464628,141473.91495936175,11317.91319674894,11317.91319674894
0,6126.0,88603.0,Other,13.0,0.0,1.0,287.2608869,0.0,23.0,30.0987967,0.0816255206117466,0.4,6126.0,0.13344560510634604,10218.597211018448,817.4877768814758,817.4877768814758
0,7044.0,57831.0,Sales,0.0,0.0,0.0,330.9709043,0.0,6.0,37.94331514,0.20373550137340973,0.4,7044.0,0.18062779501122853,15904.277350738674,1272.3421880590938,1272.3421880590938
0,103519.0,118074.0,Other,0.0,0.0,0.0,102.6786125,1.0,21.0,41.41835285,0.25413205261394584,0.4,103519.0,0.1860469204864206,240742.3895229222,19259.391161833777,19259.391161833773
0,89507.0,121047.0,Other,14.0,0.0,0.0,118.866134,1.0,9.0,34.6028274,0.1886241224115588,0.4,89507.0,0.17784430071324453,198978.87279925475,15918.30982394038,15918.309823940379
0,52011.0,65800.0,Other,7.0,0.0,1.0,120.3239792,2.0,48.0,30.55651187,0.1585447520171736,0.4,52011.0,0.17031818714687352,110730.24039620049,8858.41923169604,8858.419231696038
0,11950.0,170000.0,Mgr,22.0,0.0,0.0,77.28338497,1.0,20.0,28.82169866,0.12390944091864436,0.4,11950.0,0.15756124891316958,23535.711556404705,1882.8569245123765,1882.8569245123765
0,43996.0,79419.0,Mgr,5.0,0.0,0.0,140.973401,0.0,9.0,28.6621734,0.10839658629470345,0.4,43996.0,0.15002127737734572,82504.20149367128,6600.336119493702,6600.336119493702
0,33073.0,85654.0,ProfExe,7.0,0.0,0.0,163.3947887,1.0,20.0,28.27488887,0.08587113885213285,0.4,33073.0,0.13642948018003107,56401.6524749271,4512.132197994168,4512.132197994168
1,50742.0,71000.0,Other,15.0,0.0,0.0,,0.0,0.0,,0.1551797242517196,0.4,50742.0,0.1692896930284612,107376.22004562723,8590.097603650178,8590.097603650178
0,39316.0,66978.0,,4.0,0.0,0.0,99.98597596,1.0,10.0,26.43708406,0.13475585236468535,0.4,39316.0,0.16210777938033152,79667.86817646393,6373.429454117115,6373.429454117114
1,74402.0,,ProfExe,13.0,0.0,1.0,115.3530306,4.0,34.0,41.35903633,0.4100507210576266,0.4,74402.0,0.17737313503600313,164961.4499118588,13196.915992948705,13196.915992948705
1,62108.0,,Office,21.0,0.0,0.0,174.3961345,1.0,21.0,34.53892537,0.05539686899180521,0.4,62108.0,0.11106687972525574,86226.7720747023,6898.141765976184,6898.141765976184
0,48999.0,76544.0,ProfExe,5.0,0.0,0.0,240.5227465,3.0,31.0,32.84175391,0.07709806133619554,0.4,48999.0,0.1300919236602601,79679.67709286355,6374.374167429084,6374.374167429084
0,35116.0,60489.0,Other,17.0,0.0,0.0,106.486237,1.0,18.0,38.80624071,0.20991617823106248,0.4,35116.0,0.18159710396434148,79712.04878514768,6376.9639028118145,6376.963902811815
0,85977.0,109238.0,ProfExe,3.0,0.0,0.0,115.5575126,1.0,25.0,38.94891874,0.19149436351039376,0.4,85977.0,0.17842014848812468,191750.3638320437,15340.029106563496,15340.029106563496
0,45900.0,68126.0,Office,4.0,0.0,0.0,111.1259517,0.0,17.0,34.17904688,0.0823287187543151,0.4,45900.0,0.13395029361364874,76853.98096083096,6148.318476866477,6148.318476866477
0,52276.0,69860.0,Office,0.0,0.0,0.0,180.9314878,0.0,25.0,30.58796698,0.03823726738357454,0.4,52276.0,0.09131938377162874,59672.6513255708,4773.812106045664,4773.812106045664
0,53849.0,102326.0,Other,1.0,0.0,3.0,57.16674512,1.0,9.0,39.99115424,0.849033916746869,0.4,53849.0,0.0572638664766576,38545.02432376919,3083.601945901535,3083.601945901535
0,90567.0,118761.0,Other,14.0,0.0,0.0,139.3401702,2.0,9.0,34.78487038,0.19230781913257416,0.4,90567.0,0.17857921736428273,202167.29973788743,16173.383979030994,16173.383979030994
0,99204.0,119490.0,Other,9.0,0.0,0.0,296.2114898,1.0,18.0,30.3013654,0.048655940100440435,0.4,99204.0,0.10392077386433074,128866.95563046334,10309.356450437068,10309.356450437066
0,48427.0,66082.0,Mgr,29.0,0.0,0.0,283.8487591,1.0,16.0,38.39363467,0.07731103752368847,0.4,48427.0,0.13025384310906193,78847.53575303179,6307.802860242543,6307.802860242542
0,62840.0,92946.0,ProfExe,5.0,0.0,0.0,133.1594808,0.0,11.0,27.50354017,0.10417751244238777,0.4,62840.0,0.1477336204904936,116044.75889528272,9283.580711622619,9283.580711622617
0,17234.0,43310.0,Office,1.0,0.0,0.0,215.6075405,0.0,15.0,38.31851469,0.06418893042065667,0.4,17234.0,0.1194287493467662,25727.93832802711,2058.235066242169,2058.2350662421686
0,55254.0,118718.0,ProfExe,15.0,0.0,0.0,276.9110829,0.0,20.0,26.69615871,0.0345121032511921,0.4,55254.0,0.08625436435000385,59573.733097438904,4765.898647795112,4765.898647795112
0,27230.0,82319.0,Other,,0.0,0.0,249.2156672,1.0,50.0,43.75679409,0.07616496843458388,0.4,27230.0,0.12937753288521164,44036.877755803915,3522.950220464313,3522.950220464313
0,40280.0,66319.0,,4.0,0.0,0.0,101.3255769,2.0,9.0,27.97593545,0.1670128356382928,0.4,40280.0,0.17273044336129284,86969.77823241094,6957.582258592875,6957.582258592875
0,91132.0,110440.0,ProfExe,10.0,0.0,0.0,147.5533245,2.0,19.0,36.42721874,0.17083092670061029,0.4,91132.0,0.17373925683536307,197915.07442400383,15833.205953920307,15833.205953920307
0,51185.0,65537.0,Other,6.0,0.0,1.0,129.8379412,3.0,49.0,29.31159406,0.1552568951896402,0.4,51185.0,0.16931374043510528,108329.04755213579,8666.323804170863,8666.323804170863
0,35070.0,63862.0,Other,16.0,0.0,0.0,125.1315694,1.0,17.0,37.93651965,0.1876589603153118,0.4,35070.0,0.17764549998822263,77875.34605733708,6230.027684586967,6230.027684586968
0,79412.0,114906.0,Mgr,17.0,0.0,0.0,247.3605705,4.0,30.0,36.53643556,0.09694000165918404,0.4,79412.0,0.14354597391433518,142490.91100606482,11399.272880485187,11399.272880485185
1,73000.0,95000.0,Other,5.0,2.0,1.0,90.3,6.0,30.0,,0.7175488373555234,0.4,73000.0,0.10207078960583438,93139.59551532388,7451.16764122591,7451.167641225909
0,99064.0,156306.0,ProfExe,4.0,0.0,0.0,90.44952245,0.0,16.0,35.75006044,0.19099603328860174,0.4,99064.0,0.1783218052024308,220815.89138217003,17665.271310573604,17665.271310573604
0,44031.0,79187.0,Other,0.0,,1.0,299.7052373,1.0,10.0,35.98666991,0.17188056444618569,0.4,44031.0,0.17400831616780899,95772.00211480996,7661.760169184797,7661.760169184798
0,20798.0,37980.0,Office,2.0,0.0,0.0,219.3093648,0.0,16.0,37.76321101,0.05901328618798989,0.4,20798.0,0.11462772305738772,29800.342301844372,2384.0273841475496,2384.0273841475496
0,90768.0,116052.0,Other,13.0,0.0,0.0,120.2414262,2.0,9.0,35.81087795,0.22352484439568399,0.4,90768.0,0.1834115776995162,208098.77605787106,16647.902084629684,16647.902084629684
0,65444.0,91244.0,ProfExe,8.0,0.0,0.0,202.0496827,0.0,19.0,21.57338522,0.040394020814992576,0.4,65444.0,0.09410567120132411,76983.14432624319,6158.651546099455,6158.651546099455
0,65136.0,83847.0,Office,6.0,0.0,0.0,127.0999737,0.0,20.0,24.5182717,0.03740117188224458,0.4,65136.0,0.09021132381895183,73450.05985339059,5876.004788271247,5876.004788271247
0,110614.0,137552.0,ProfExe,6.0,0.0,0.0,85.23250072,0.0,13.0,31.34436552,0.15994440604144017,0.4,110614.0,0.17073403422277966,236069.68076898187,18885.57446151855,18885.57446151855
1,73503.0,91842.0,Other,0.0,0.0,6.0,142.3320756,1.0,32.0,46.90232438,0.971795857422646,0.4,73503.0,0.011129967795813878,10226.075286196343,818.0860228957074,818.0860228957074
0,91350.0,107834.0,ProfExe,3.0,0.0,0.0,118.1330649,0.0,24.0,37.61084501,0.16022810629328743,0.4,91350.0,0.17081748046785705,195052.21050923428,15604.176840738743,15604.176840738743
0,65077.0,91991.0,Other,0.0,2.0,3.0,114.0234424,2.0,26.0,35.90776048,0.8844438930866876,0.4,65077.0,0.04434175205775373,36070.3524832805,2885.62819866244,2885.6281986624394
0,96138.0,124066.0,Office,1.0,,2.0,271.7823232,0.0,30.0,40.40450623,0.16290398589311936,0.4,96138.0,0.17159074229713256,206204.8847870216,16496.39078296173,16496.39078296173
0,32736.0,49100.0,ProfExe,4.0,0.0,0.0,262.9484377,0.0,34.0,38.563081,0.06395304102154087,0.4,32736.0,0.11921704630438829,48783.61534775569,3902.689227820455,3902.689227820455
0,57358.0,71617.0,Office,0.0,0.0,0.0,194.2933392,0.0,25.0,30.53780606,0.03531921634133547,0.4,57358.0,0.08738049183175656,62649.62813107366,5011.970250485893,5011.970250485892
0,51107.0,64135.0,Office,4.0,0.0,0.0,115.002195,0.0,17.0,32.25108612,0.07137650876540869,0.4,51107.0,0.12557918217743372,80224.69079427632,6417.9752635421055,6417.975263542105
0,48132.0,78889.0,Mgr,4.0,0.0,0.0,133.1676855,0.0,8.0,28.29822706,0.11342971849906443,0.4,48132.0,0.15261230538884762,91819.19353720018,7345.5354829760145,7345.535482976014
0,,48971.0,Other,,,,345.0099186,,17.0,32.47431947,0.044086817798119265,0.4,0.0,0.09865145079982207,0.0,0.0,0.0
0,77350.0,101271.0,Other,0.0,0.0,0.0,148.9162275,1.0,18.0,34.38702843,0.14658986905036336,0.4,77350.0,0.16647291876878154,160958.50333456564,12876.680266765252,12876.680266765252
0,61035.0,90434.0,ProfExe,4.0,0.0,0.0,113.6359957,0.0,12.0,25.35719461,0.09984806502058545,0.4,61035.0,0.14527006164912273,110831.97765942758,8866.558212754206,8866.558212754206
0,58941.0,88470.0,ProfExe,4.0,0.0,0.0,123.2570546,0.0,12.0,25.55759334,0.0960332873105232,0.4,58941.0,0.14299660451646573,105354.53583506259,8428.362866805008,8428.362866805006
0,62824.0,82243.0,Other,5.0,,,109.4827485,0.0,7.0,34.81844499,0.1956440237451062,0.4,62824.0,0.1792128328960434,140735.83767326287,11258.86701386103,11258.86701386103
0,25859.0,43684.0,Mgr,16.0,1.0,0.0,95.36306868,1.0,17.0,27.10761957,0.18492487920535444,0.4,25859.0,0.17706800625289024,57235.01967116861,4578.8015736934885,4578.8015736934885
0,24687.0,37391.0,Office,2.0,0.0,0.0,217.7442746,0.0,16.0,38.25139203,0.061423818086277844,0.4,24687.0,0.11690517245005752,36075.47490343213,2886.03799227457,2886.03799227457
0,43110.0,73614.0,Mgr,1.0,0.0,0.0,114.2891824,1.0,8.0,26.37910802,0.12756871275151185,0.4,43110.0,0.1591572781366391,85765.8782558814,6861.270260470512,6861.270260470512
0,11147.0,166496.0,Mgr,23.0,0.0,0.0,73.46751776,1.0,19.0,29.53166415,0.1336800632501939,0.4,11147.0,0.16168116221542214,22528.24894019138,1802.2599152153105,1802.2599152153107
0,42876.0,66085.0,Mgr,26.0,0.0,0.0,281.5781525,1.0,16.0,38.02752168,0.07795381132961457,0.4,42876.0,0.13073998479107485,70070.09484877656,5605.607587902125,5605.6075879021255
0,45861.0,61256.0,Other,7.0,0.0,0.0,132.0192267,3.0,48.0,30.18656747,0.08173151292493672,0.4,45861.0,0.13352194817181604,76543.12581384569,6123.450065107655,6123.450065107655
1,54161.0,75500.0,Office,4.0,0.0,0.0,23.33333333,5.0,11.0,,0.26014576908645953,0.4,54161.0,0.1863521846082877,126162.75838211838,10093.02067056947,10093.02067056947
0,44479.0,78121.0,Mgr,1.0,0.0,0.0,117.3235888,0.0,9.0,27.13398944,0.11461980409692574,0.4,44479.0,0.15320390823227867,85179.45792829402,6814.356634263522,6814.356634263523
0,97072.0,155146.0,Mgr,0.0,0.0,0.0,204.1656163,0.0,19.0,40.50796477,0.133955720564738,0.4,97072.0,0.16179097052508054,196317.16363513275,15705.37309081062,15705.373090810619
1,96590.0,112115.0,Other,0.0,6.0,0.0,178.6595894,2.0,46.0,41.11788749,0.8225071811605345,0.4,96590.0,0.06672354085221692,80560.33513644541,6444.826810915633,6444.826810915632
0,113890.0,135146.0,,16.0,0.0,0.0,174.1014596,1.0,17.0,37.6335491,0.1448636943521115,0.4,113890.0,0.16587230098403796,236139.95448840107,18891.196359072084,18891.196359072084
0,49765.0,66782.0,Mgr,27.0,0.0,0.0,272.5904825,1.0,16.0,39.3830645,0.08853901773120922,0.4,49765.0,0.1382293873739089,85987.31828328222,6878.985462662577,6878.985462662577
0,25844.0,83229.0,Other,,0.0,0.0,247.7616459,0.0,50.0,43.70133124,0.06765320439912043,0.4,25844.0,0.12246399449161266,39561.99342051547,3164.9594736412378,3164.9594736412378
0,123579.0,168243.0,Office,4.0,0.0,0.0,146.3520808,0.0,20.0,26.60351151,0.038956070848165,0.4,123579.0,0.09225933800428301,142516.45914039112,11401.316731231289,11401.31673123129
0,166345.0,202989.0,ProfExe,10.0,0.0,0.0,276.0663463,0.0,37.0,24.35659356,0.02101271636088508,0.4,166345.0,0.06445176000179334,134015.3502187289,10721.228017498313,10721.228017498313
0,55575.0,78661.0,Other,17.0,1.0,0.0,198.9896005,1.0,20.0,38.99143137,0.21102871973703125,0.4,55575.0,0.1817616810940207,126267.56783500251,10101.405426800202,10101.4054268002
0,102228.0,115898.0,ProfExe,0.0,0.0,0.0,144.1981676,0.0,30.0,35.11415035,0.10928397455302553,0.4,102228.0,0.15048877807698796,192302.08506567907,15384.166805254326,15384.166805254325
0,56111.0,114521.0,Office,2.0,,2.0,154.8555239,1.0,24.0,38.69508356,0.3101856660152308,0.4,56111.0,0.18658270378192765,130866.77614884678,10469.342091907743,10469.342091907742
0,64163.0,84948.0,ProfExe,12.0,0.0,2.0,172.7111657,0.0,13.0,27.9796944,0.29511609268586675,0.4,64163.0,0.18691708169521137,149914.5089101231,11993.16071280985,11993.160712809848
1,79623.0,113658.0,Other,0.0,0.0,2.0,212.1291452,2.0,25.0,35.10671964,0.36866482411680324,0.4,79623.0,0.18251185702361414,181651.76989739036,14532.141591791229,14532.141591791229
0,92986.0,114276.0,Other,13.0,0.0,0.0,116.9613578,2.0,8.0,36.25138573,0.23634055164853113,0.4,92986.0,0.18474550059513523,214734.31397924054,17178.745118339244,17178.745118339244
0,99853.0,163401.0,Mgr,0.0,0.0,0.0,208.4622762,1.0,18.0,37.82861717,0.12792200211000024,0.4,99853.0,0.15930793847570446,198842.19475768146,15907.375580614516,15907.375580614516
0,17889.0,94453.0,Other,19.0,0.0,0.0,244.3562274,2.0,41.0,35.74477089,0.059649031988576,0.4,17889.0,0.11523560128202337,25768.12089167645,2061.4496713341164,2061.449671334116
0,101354.0,117209.0,ProfExe,1.0,0.0,0.0,136.1582225,0.0,30.0,36.8517233,0.1257898810058763,0.4,101354.0,0.1583895781471914,200667.71629413049,16053.41730353044,16053.417303530437
0,133243.0,154513.0,Mgr,,0.0,0.0,217.0370487,0.0,18.0,37.46299196,0.1019640188518994,0.4,133243.0,0.14648918138481334,243983.22494070858,19518.657995256686,19518.657995256683
1,76100.0,98500.0,Other,5.0,10.0,1.0,59.83333333,5.0,16.0,,0.9975131048006518,0.4,76100.0,0.0009919681051937523,943.6096600655569,75.48877280524455,75.48877280524455
0,49968.0,68025.0,Office,3.0,0.0,0.0,126.0794526,0.0,18.0,34.10902705,0.07444344525722832,0.4,49968.0,0.1280378416697995,79972.43590695677,6397.794872556542,6397.794872556542
0,73071.0,94267.0,Office,1.0,0.0,0.0,160.4547005,3.0,19.0,32.27680932,0.07867629449574488,0.4,73071.0,0.13128189689771275,119911.24360265961,9592.89948821277,9592.899488212768
0,153839.0,194027.0,Other,7.0,0.0,0.0,,1.0,15.0,29.1136512,0.09587093620768632,0.4,153839.0,0.14289763422036203,274790.36438532843,21983.229150826275,21983.229150826275
0,51102.0,69532.0,Other,5.0,0.0,0.0,108.3160802,2.0,49.0,31.49594572,0.0885737078295778,0.4,51102.0,0.13825242278447514,88312.1913641531,7064.975309132248,7064.975309132248
0,100642.0,138550.0,Office,3.0,,,115.0759476,3.0,16.0,32.17638026,0.10488831414512371,0.4,100642.0,0.14812668320175135,186347.07063488325,14907.76565079066,14907.76565079066
1,110603.0,142000.0,Other,1.0,1.0,0.0,163.0666667,3.0,25.0,,0.24452932713330383,0.4,110603.0,0.18542068773901174,256351.05407497394,20508.084325997916,20508.084325997916
1,56647.0,78000.0,ProfExe,11.0,3.0,2.0,92.3,7.0,29.0,,0.9170485408601855,0.4,56647.0,0.03216147637524465,22773.139402856046,1821.8511522284837,1821.8511522284837
1,68000.0,133015.0,Office,19.0,1.0,1.0,177.5,5.0,21.0,,0.2862295802940591,0.4,68000.0,0.18695837773079146,158914.62107117273,12713.16968569382,12713.16968569382
0,46636.0,72908.0,Other,7.0,0.0,0.0,110.2309072,3.0,15.0,41.51229209,0.3185466693704281,0.4,46636.0,0.18626106983591728,108580.89066084799,8686.47125286784,8686.47125286784
0,90221.0,113564.0,Other,19.0,0.0,0.0,265.1846253,1.0,17.0,27.02943897,0.04483755612007949,0.4,90221.0,0.09954308538952857,112260.95883660822,8980.876706928657,8980.876706928657
0,85183.0,108948.0,ProfExe,4.0,0.0,0.0,125.1094856,1.0,25.0,37.10302599,0.16386540501093533,0.4,85183.0,0.17186253795968226,182997.0821377452,14639.766571019616,14639.766571019614
0,61524.0,87188.0,ProfExe,3.0,0.0,0.0,115.8086609,1.0,13.0,25.40157,0.10984755364015017,0.4,61524.0,0.15078327940208608,115959.88102417429,9276.790481933944,9276.790481933944
1,91000.0,116000.0,ProfExe,0.5,0.0,0.0,188.7333333,3.0,26.0,,0.13095951338753206,0.4,91000.0,0.16057897140292107,182658.5799708227,14612.686397665817,14612.686397665817
0,87294.0,114031.0,Other,15.0,0.0,0.0,147.0985835,2.0,8.0,34.46794,0.18444189380072185,0.4,87294.0,0.1769637642575635,193098.43546374684,15447.874837099747,15447.874837099747
0,103562.0,130613.0,Other,1.0,0.0,0.0,288.0084783,0.0,47.0,39.35835753,0.04530256292187319,0.4,103562.0,0.10009010832424764,129569.14747844667,10365.531798275733,10365.531798275733
0,102858.0,138977.0,Office,2.0,,,100.2812192,2.0,15.0,31.66931945,0.10029499136946946,0.4,102858.0,0.14553000517674194,187111.56590586653,14968.925272469323,14968.925272469323
0,23288.0,94904.0,ProfExe,8.0,0.0,0.0,145.1207368,0.0,20.0,29.67538222,0.09105924703179998,0.4,23288.0,0.13987890146123252,40718.74821536479,3257.499857229183,3257.499857229183
0,39057.0,50933.0,ProfExe,6.0,0.0,0.0,239.2016301,1.0,35.0,39.30107072,0.08341202844606012,0.4,39057.0,0.13471954990529378,65771.76825813824,5261.741460651059,5261.741460651059
0,53707.0,80407.0,Other,17.0,1.0,0.0,185.9782208,0.0,21.0,36.49405393,0.17252773058918142,0.4,53707.0,0.1741724555240074,116928.50086034831,9354.280068827866,9354.280068827866
0,,96188.0,Other,,0.0,0.0,181.2950465,0.0,9.0,30.87931729,0.10276497839368104,0.4,0.0,0.14694308536032244,0.0,0.0,0.0
0,56090.0,103992.0,Other,1.0,0.0,2.0,46.87513575,1.0,10.0,39.08182644,0.7139850544280827,0.4,56090.0,0.10320649442817703,72360.65340595563,5788.852272476451,5788.85227247645
0,62996.0,86817.0,ProfExe,12.0,0.0,1.0,152.7826478,0.0,14.0,29.20365458,0.1853978806791089,0.4,62996.0,0.1771694420774441,139512.07716388334,11160.966173110668,11160.966173110668
0,73354.0,96526.0,Other,0.0,0.0,0.0,147.1345258,1.0,18.0,33.05249321,0.1367873900049225,0.4,73354.0,0.16289943056375608,149366.56036967205,11949.324829573765,11949.324829573763
0,72232.0,103081.0,Other,1.0,0.0,0.0,143.9671531,0.0,18.0,36.30996249,0.1492713898930074,0.4,72232.0,0.16738258672396583,151129.73755306876,12090.3790042455,12090.3790042455
0,79122.0,96116.0,Other,1.0,0.0,0.0,152.4437144,1.0,18.0,35.5896626,0.1535331108978289,0.4,79122.0,0.16877135810640195,166919.09245118417,13353.527396094734,13353.527396094736
1,76043.0,95605.0,Other,3.0,2.0,1.0,85.04333493,6.0,30.0,47.84029512,0.8656810375332827,0.4,76043.0,0.051229694202446434,48695.745452957926,3895.659636236634,3895.659636236634
0,44571.0,66088.0,Office,2.0,0.0,0.0,126.0903816,0.0,17.0,30.87190179,0.06228151452589735,0.4,44571.0,0.1176978798481845,65573.90253391789,5245.912202713432,5245.912202713432
0,,45119.0,Other,,,,354.7359192,,17.0,34.49504666,0.04760865989609007,0.4,0.0,0.10274543511068433,0.0,0.0,0.0
0,29201.0,41396.0,Mgr,19.0,0.0,0.0,89.20252735,1.0,16.0,23.93494584,0.09552364114995553,0.4,29201.0,0.14268530161314982,52081.91865506985,4166.553492405588,4166.553492405588
0,67285.0,90816.0,Other,1.0,1.0,2.0,104.5928669,2.0,25.0,35.59225354,0.6705634326429368,0.4,67285.0,0.11666091756062157,98119.12297583028,7849.529838066423,7849.529838066422
0,64857.0,82449.0,Other,1.0,0.0,0.0,312.882474,3.0,15.0,43.47886256,0.1439413905700302,0.4,64857.0,0.1655464797814953,134210.60048985554,10736.848039188444,10736.84803918844
0,59347.0,68667.0,Office,0.0,0.0,0.0,185.274961,0.0,25.0,30.05232395,0.03601211366581795,0.4,59347.0,0.08833426338028695,65529.66911037363,5242.37352882989,5242.373528829889
0,71983.0,97939.0,Office,1.0,0.0,0.0,144.3662159,3.0,19.0,29.80858977,0.0735106325858366,0.4,71983.0,0.127299943835208,114542.89821362222,9163.431857089778,9163.431857089778
0,106381.0,134476.0,Other,0.0,0.0,0.0,294.0732541,0.0,47.0,38.58165872,0.04188321858126699,0.4,106381.0,0.09597176635356726,127619.65595573549,10209.57247645884,10209.57247645884
0,62198.0,101183.0,ProfExe,21.0,0.0,0.0,230.7167135,1.0,23.0,39.13975656,0.10105146857520952,0.4,62198.0,0.1459669964361314,113485.69055418124,9078.8552443345,9078.8552443345
0,71366.0,87862.0,Office,5.0,0.0,0.0,116.7966851,0.0,20.0,23.40013712,0.037092051097709744,0.4,71366.0,0.08979755966057051,80106.15803420344,6408.492642736275,6408.492642736275
0,39063.0,54561.0,Other,17.0,0.0,0.0,107.9438175,1.0,17.0,38.91921033,0.2135904675171433,0.4,39063.0,0.18212940283805834,88931.51078828842,7114.520863063073,7114.520863063073
0,48487.0,65665.0,Other,6.0,0.0,0.0,100.1740038,2.0,15.0,43.76968491,0.3379521296950046,0.4,48487.0,0.18516448015788387,112225.87686769145,8978.070149415316,8978.070149415315
0,,66000.0,,7.0,0.0,0.0,111.7857004,0.0,14.0,27.09089472,0.10627805721381747,0.4,0.0,0.14888615196900057,0.0,0.0,0.0
0,88661.0,114922.0,Other,13.0,0.0,0.0,152.7540102,1.0,7.0,36.76627363,0.18864637110584634,0.4,88661.0,0.17784885256589755,197103.21396681305,15768.257117345045,15768.257117345043
0,61093.0,97551.0,Office,0.0,0.0,0.0,75.06082943,0.0,22.0,35.5629932,0.1006039639783431,0.4,61093.0,0.14570894154099412,111272.45456954942,8901.796365563954,8901.796365563954
0,10847.0,94611.0,Other,14.0,0.0,1.0,271.3966671,0.0,22.0,27.2833953,0.07565160600522197,0.4,10847.0,0.12898099829935558,17488.211106913877,1399.0568885531102,1399.05688855311
0,17480.0,41055.0,Office,1.0,0.0,0.0,196.1319389,0.0,15.0,37.92365952,0.06969206668784636,0.4,17480.0,0.12418807468848665,27135.094319434334,2170.807545554747,2170.807545554747
0,64964.0,88856.0,Office,5.0,0.0,0.0,114.6676183,0.0,19.0,21.93300632,0.034848382378329136,0.4,64964.0,0.08672556598226244,70425.49585589621,5634.039668471697,5634.039668471697
0,111612.0,128416.0,,14.0,0.0,0.0,169.7334875,0.0,17.0,39.77062845,0.15155769256409835,0.4,111612.0,0.16813618994210744,234575.20539773116,18766.016431818494,18766.016431818494
0,93302.0,116668.0,Other,20.0,0.0,0.0,283.040946,0.0,16.0,25.2259102,0.03217012459186759,0.4,93302.0,0.08289012640016125,96672.68216734806,7733.814573387845,7733.814573387845
0,50886.0,106673.0,Other,2.0,0.0,2.0,57.09065961,1.0,10.0,40.85911311,0.7249170907262089,0.4,50886.0,0.0997082114240203,63421.90058153371,5073.752046522697,5073.752046522697
0,60260.0,90196.0,ProfExe,11.0,0.0,1.0,177.8548455,0.0,14.0,29.60717111,0.1688237955158156,0.4,60260.0,0.1732148698856183,130474.10074134199,10437.92805930736,10437.928059307358
0,36253.0,57420.0,ProfExe,3.0,0.0,0.0,267.7835088,1.0,34.0,37.93457008,0.06813522746242084,0.4,36253.0,0.12287565911401069,55682.64087325287,4454.61126986023,4454.611269860229
0,,56402.0,Office,3.0,0.0,0.0,91.04574898,2.0,8.0,38.68550628,0.18145240033524584,0.4,0.0,0.17630344369462425,0.0,0.0,0.0
0,107395.0,133433.0,ProfExe,6.0,0.0,0.0,96.15756174,0.0,13.0,27.59227738,0.12136856857081633,0.4,107395.0,0.15641399349423796,209976.01039142106,16798.080831313684,16798.080831313684
0,71399.0,96588.0,ProfExe,7.0,0.0,0.0,83.59853183,0.0,16.0,33.62658567,0.17240550089093426,0.4,71399.0,0.17414155662191394,155419.16251560042,12433.533001248034,12433.533001248034
0,98476.0,136319.0,Office,2.0,,,110.7357286,3.0,16.0,32.22102484,0.10827422586536671,0.4,98476.0,0.14995644839534744,184588.89015225295,14767.111212180236,14767.111212180234
0,85150.0,113104.0,ProfExe,11.0,0.0,0.0,148.0652591,2.0,19.0,38.96287206,0.19522393347186634,0.4,85150.0,0.17913469494492198,190666.49093200132,15253.319274560106,15253.319274560106
1,58016.0,76416.0,Office,4.0,0.0,0.0,28.01149175,5.0,10.0,41.46337333,0.35448375533904747,0.4,58016.0,0.1838691420477453,133341.9018130249,10667.352145041992,10667.35214504199
0,47064.0,71698.0,ProfExe,3.0,0.0,0.0,244.5180644,3.0,32.0,30.40320383,0.06405309239470118,0.4,47064.0,0.11930691928986706,70188.26061822879,5615.060849458303,5615.060849458303
0,,55796.0,Office,1.0,0.0,0.0,85.18341257,2.0,8.0,40.20948611,0.2052058445660926,0.4,0.0,0.1808669507448547,0.0,0.0,0.0
0,56375.0,90435.0,Office,0.0,0.0,0.0,70.22587032,0.0,23.0,36.02327677,0.10401199061434084,0.4,56375.0,0.14764163599842203,104041.21536763803,8323.297229411042,8323.297229411042
0,72911.0,97317.0,Mgr,1.0,0.0,0.0,82.39838379,0.0,17.0,25.32925087,0.10484371691713258,0.4,72911.0,0.1481021141458262,134978.41555607918,10798.273244486334,10798.273244486334
0,82302.0,111228.0,ProfExe,4.0,0.0,0.0,118.4559036,0.0,25.0,37.1605612,0.15200426099786296,0.4,82302.0,0.16828106170476853,173123.34925532326,13849.867940425862,13849.86794042586
0,61494.0,85864.0,Other,2.0,0.0,0.0,303.8376508,3.0,15.0,40.24631208,0.12377688281766898,0.4,61494.0,0.15750219792473785,121068.00198979788,9685.44015918383,9685.440159183829
0,38770.0,64357.0,Other,17.0,0.0,0.0,282.9357846,0.0,21.0,27.97949547,0.03525369667503814,0.4,38770.0,0.08728968823376551,42302.76516028861,3384.221212823089,3384.221212823089
0,39686.0,67246.0,,5.0,0.0,0.0,114.183555,1.0,10.0,27.5758097,0.1332480395738496,0.4,39686.0,0.16150837829476355,80120.26876257482,6409.621501005986,6409.621501005987
0,83080.0,108348.0,ProfExe,1.0,0.0,0.0,132.6098608,0.0,25.0,36.45908768,0.13823941511172805,0.4,83080.0,0.16345422314970723,169747.21074097094,13579.776859277676,13579.776859277677
0,,95639.0,Other,,0.0,0.0,179.8493516,1.0,9.0,33.14225722,0.1333962152845018,0.4,0.0,0.16156773449595416,0.0,0.0,0.0
0,107736.0,113100.0,Other,1.0,0.0,0.0,135.1232249,2.0,20.0,38.93711224,0.21594768245061607,0.4,107736.0,0.1824541084833044,245710.94789446605,19656.875831557285,19656.87583155728
0,56956.0,74305.0,Office,0.0,0.0,0.0,187.1833294,0.0,24.0,31.81747192,0.04089424159369521,0.4,56956.0,0.09473761300557765,67448.44357932101,5395.875486345682,5395.875486345681
0,60611.0,89943.0,Office,29.0,0.0,0.0,208.466537,0.0,21.0,30.81324059,0.02990199999632304,0.4,60611.0,0.07948539016362027,60221.112290089855,4817.688983207188,4817.688983207188
0,58942.0,91483.0,ProfExe,5.0,0.0,0.0,123.7366744,0.0,13.0,28.15595999,0.10936903886086456,0.4,58942.0,0.15053334827353618,110909.20767423463,8872.73661393877,8872.736613938769
0,68889.0,85642.0,Other,0.0,2.0,2.0,105.7679609,2.0,25.0,34.62992201,0.7740971909089003,0.4,68889.0,0.08346248467655255,71870.58883603786,5749.647106883029,5749.647106883029
0,100277.0,163702.0,Other,,1.0,,256.8544712,,24.0,36.35403645,0.1342302700924427,0.4,100277.0,0.16189999925563836,202935.5778169706,16234.846225357647,16234.846225357647
0,51689.0,115660.0,ProfExe,16.0,0.0,0.0,270.044991,0.0,19.0,27.46700181,0.03834541341340248,0.4,51689.0,0.09146154301217245,59094.44620945227,4727.5556967561815,4727.5556967561815
0,137169.0,182280.0,Mgr,12.0,0.0,0.0,241.3753071,0.0,21.0,28.84644812,0.04692779442270561,0.4,137169.0,0.10197123182696827,174841.14873091763,13987.291898473411,13987.29189847341
0,13839.0,171378.0,Mgr,23.0,0.0,0.0,86.7026248,2.0,21.0,31.35960953,0.14988372299897568,0.4,13839.0,0.16758638679101245,28990.35008501027,2319.2280068008217,2319.2280068008213
0,13660.0,173360.0,Mgr,23.0,0.0,0.0,78.8388988,2.0,21.0,30.06279232,0.14459781828840348,0.4,13660.0,0.16577872811441555,28306.717825536456,2264.5374260429166,2264.537426042916
0,8642.0,88369.0,Other,13.0,0.0,0.0,265.022103,0.0,22.0,26.48079237,0.03552752777011367,0.4,8642.0,0.08766847926313887,9470.387472400576,757.6309977920462,757.6309977920461
0,36902.0,57622.0,Other,9.0,0.0,0.0,121.8797027,0.0,10.0,19.14211657,0.06573951615066292,0.4,36902.0,0.12080419596983141,55723.95549598399,4457.916439678719,4457.916439678719
0,54003.0,116434.0,ProfExe,18.0,0.0,0.0,268.715304,0.0,19.0,24.25197177,0.030843727318189542,0.4,54003.0,0.08091739271918032,54622.27448767368,4369.781959013895,4369.781959013894
0,69306.0,94504.0,ProfExe,7.0,0.0,0.0,85.85082998,0.0,15.0,32.2942169,0.16109660718646734,0.4,69306.0,0.17107118341283,148203.24297011996,11856.259437609597,11856.259437609597
0,56432.0,157665.0,ProfExe,20.0,0.0,0.0,238.1668986,0.0,27.0,20.07933438,0.023000734377899908,0.4,56432.0,0.06808281478296321,48025.61754790226,3842.049403832181,3842.04940383218
0,44326.0,79651.0,ProfExe,4.0,0.0,0.0,246.7969491,3.0,32.0,32.50901207,0.07186940501279446,0.4,44326.0,0.12598069571403112,69802.7539777518,5584.220318220144,5584.220318220143
1,70046.0,135917.0,Self,1.0,1.0,2.0,138.0110083,0.0,16.0,38.2892023,0.7722139499644362,0.4,70046.0,0.08409920374853824,73635.16032212636,5890.812825770109,5890.81282577011
0,37265.0,53214.0,ProfExe,2.0,0.0,0.0,259.963831,0.0,34.0,39.83150056,0.07139094286680037,0.4,37265.0,0.1255909755402524,58501.84629384382,4680.147703507506,4680.147703507505
0,62697.0,89848.0,Office,7.0,0.0,0.0,113.0588969,0.0,19.0,24.07219136,0.039950350599566795,0.4,62697.0,0.09354074953769963,73309.05467206442,5864.724373765153,5864.724373765153
0,72501.0,94488.0,Office,1.0,0.0,0.0,162.3895619,3.0,19.0,29.96118901,0.06722679082142771,0.4,72501.0,0.12209769305937242,110652.5605562195,8852.20484449756,8852.204844497559
0,97335.0,167384.0,Other,,0.0,,250.4871084,,24.0,39.15632328,0.09782020884367601,0.4,97335.0,0.1440738633890482,175292.8686621626,14023.429492973008,14023.429492973008
0,63559.0,81536.0,ProfExe,13.0,0.0,3.0,176.8707685,0.0,13.0,26.18976709,0.4411867640849904,0.4,63559.0,0.17247371383445576,137028.20972005217,10962.256777604174,10962.256777604174
0,66823.0,91680.0,Mgr,0.0,0.0,0.0,89.43649279,0.0,18.0,27.71065729,0.11511632320990657,0.4,66823.0,0.15344841511148116,128173.54303743133,10253.883442994507,10253.883442994505
0,38233.0,63578.0,,6.0,1.0,0.0,79.1215828,2.0,9.0,26.5188307,0.2684991780154165,0.4,38233.0,0.18667002001199337,89211.93593898177,7136.954875118542,7136.954875118543
0,70444.0,95860.0,Office,7.0,,,95.68425477,0.0,11.0,38.14282274,0.12651220068595687,0.4,70444.0,0.15870315708170735,139746.0649682974,11179.685197463792,11179.685197463792
1,96450.0,135822.0,ProfExe,6.0,0.0,1.0,90.3,6.0,5.0,,0.5789155650834905,0.4,96450.0,0.14243536198799403,171723.63329677528,13737.890663742022,13737.890663742024
0,102054.0,143103.0,Office,5.0,,,125.858539,2.0,16.0,32.84743505,0.09045061801856086,0.4,102054.0,0.13948496580652217,177937.48375523515,14234.998700418813,14234.998700418813
0,56273.0,111507.0,Office,1.0,,2.0,123.0225636,1.0,23.0,39.49148711,0.37123891916332746,0.4,56273.0,0.18224223601269296,128191.46683927838,10255.31734714227,10255.31734714227
1,51080.0,92051.0,Mgr,10.0,0.0,0.0,117.0897854,0.0,31.0,42.373233,0.17253421091008916,0.4,51080.0,0.17417409238551507,111210.15798815138,8896.81263905211,8896.81263905211
0,46342.0,68029.0,Mgr,26.0,1.0,0.0,279.0070806,1.0,17.0,36.07297543,0.11660062752117246,0.4,46342.0,0.15417131152872032,89307.58648579947,7144.6069188639585,7144.606918863958
0,110332.0,130756.0,Other,2.0,0.0,1.0,288.6555842,1.0,47.0,41.9463752,0.12331538542951247,0.4,110332.0,0.15729592992686714,216934.68175863882,17354.774540691105,17354.774540691105
0,68779.0,98623.0,Mgr,1.0,0.0,0.0,83.86164124,0.0,17.0,26.40566665,0.11109092892942161,0.4,68779.0,0.1514264682082007,130187.01321114793,10414.961056891834,10414.961056891834
1,,31953.0,Other,10.0,0.0,1.0,74.42930759,1.0,2.0,29.97560335,0.36899150183626,0.4,0.0,0.1824780273988432,0.0,0.0,0.0
0,68000.0,98898.0,Office,10.0,0.0,0.0,206.9666667,2.0,13.0,,0.06817061092493032,0.4,68000.0,0.1229057778001934,104469.9111301644,8357.592890413152,8357.592890413152
0,49255.0,61752.0,Other,8.0,0.0,0.0,122.0619672,3.0,49.0,30.03372238,0.0831423610659654,0.4,49255.0,0.13452898634073157,82827.81527765917,6626.2252222127345,6626.225222212734
0,62216.0,85503.0,Other,3.0,0.0,0.0,307.2507013,2.0,15.0,41.43939067,0.11556106343694614,0.4,62216.0,0.15366627495417728,119506.26203186366,9560.500962549093,9560.500962549095
0,97523.0,130166.0,Mgr,5.0,,,247.9728235,3.0,42.0,40.59168739,0.0925006515298799,0.4,97523.0,0.14080084359123737,171641.50836935305,13731.320669548244,13731.320669548242
0,63508.0,94991.0,Office,1.0,0.0,0.0,155.8847243,0.0,25.0,23.58566428,0.027596318775236887,0.4,63508.0,0.07586222090089323,60223.22406217409,4817.857924973928,4817.857924973927
0,65836.0,100292.0,ProfExe,22.0,0.0,0.0,237.1016319,0.0,24.0,36.33819671,0.07063541424389354,0.4,65836.0,0.12497078562370612,102844.70802902895,8227.576642322316,8227.576642322316
0,,53365.0,Other,,,,340.460801,,17.0,30.57565003,0.03995157797875706,0.4,0.0,0.09354231813936909,0.0,0.0,0.0
0,72152.0,102671.0,ProfExe,7.0,0.0,0.0,84.63934821,0.0,16.0,32.88687523,0.16446736494597827,0.4,72152.0,0.1720311099846201,155154.85809512885,12412.388647610307,12412.388647610309
0,88509.0,112933.0,ProfExe,4.0,0.0,0.0,150.8023694,1.0,21.0,23.20094121,0.06663026155660016,0.4,88509.0,0.12158187098938855,134513.6227424974,10761.089819399791,10761.089819399791
0,84824.0,115146.0,Other,21.0,0.0,0.0,293.9804358,0.0,16.0,27.09752347,0.03397097651320253,0.4,84824.0,0.08549001001277945,90645.05761655005,7251.604609324005,7251.604609324004
0,23252.0,50750.0,ProfExe,16.0,0.0,0.0,180.6,1.0,20.0,,0.11123742416352875,0.4,23252.0,0.15150166071034304,44033.9576854612,3522.716614836896,3522.7166148368965
0,46865.0,61266.0,,5.0,0.0,0.0,102.5946739,2.0,9.0,26.35375338,0.1503169047510757,0.4,46865.0,0.1677296892777437,98258.14860001823,7860.651888001459,7860.651888001459
0,105000.0,172500.0,Office,6.0,0.0,0.0,219.1666667,4.0,24.0,,0.06617997515278222,0.4,105000.0,0.12118986528078513,159061.69818103046,12724.935854482437,12724.935854482439
0,23000.0,46000.0,Other,0.2,,,312.5333333,,25.0,,0.05428329427270607,0.4,23000.0,0.10993371872745075,31605.944134142093,2528.4755307313676,2528.475530731367
0,7051.0,66200.0,Office,,0.0,0.0,250.5666667,0.0,22.0,,0.03477408554586524,0.4,7051.0,0.0866217079641035,7634.620785686171,610.7696628548937,610.7696628548938
0,88000.0,131300.0,Mgr,14.0,0.0,0.0,179.5666667,2.0,26.0,,0.10932074819528345,0.4,88000.0,0.15050805117138957,165558.85628852854,13244.708503082284,13244.708503082282
0,124000.0,195000.0,ProfExe,13.0,0.0,0.0,202.9,0.0,22.0,,0.0856666176598288,0.4,124000.0,0.13628915498139219,211248.19022115789,16899.85521769263,16899.85521769263
0,94554.0,119000.0,Mgr,1.0,0.0,1.0,308.4666667,1.0,20.0,,0.12158195924334168,0.4,94554.0,0.1565116009422144,184984.97394362674,14798.79791549014,14798.797915490139
0,90000.0,120600.0,Office,25.0,0.0,0.0,272.9333333,3.0,17.0,,0.04448607955836128,0.4,90000.0,0.09912695919897668,111517.82909884877,8921.426327907902,8921.426327907902
0,45000.0,68500.0,ProfExe,10.0,0.0,0.0,190.8,1.0,42.0,,0.0690477534610887,0.4,45000.0,0.12364807315576486,69552.04115011773,5564.163292009419,5564.163292009419
0,56000.0,78000.0,,4.0,0.0,0.0,108.5333333,0.0,16.0,,0.16740476259741258,0.4,56000.0,0.17283619942979672,120985.33960085771,9678.827168068618,9678.827168068616
1,62000.0,160800.0,ProfExe,15.0,0.0,0.0,129.8333333,1.0,11.0,,0.17293093636717974,0.4,62000.0,0.17427404772269794,135062.3869850909,10804.990958807273,10804.990958807273
1,12900.0,21500.0,Office,5.0,3.0,0.0,109.5666667,0.0,33.0,,0.27522785353360235,0.4,12900.0,0.1868396292866534,30127.890222472863,2410.2312177978292,2410.231217797829
1,57988.0,86970.0,Other,16.0,0.0,0.0,165.3333333,2.0,14.0,,0.15298767134475302,0.4,57988.0,0.1685974421143398,122207.85591657921,9776.628473326336,9776.628473326336
1,99401.0,140000.0,Other,8.9,2.0,0.0,150.1,3.0,20.0,,0.4002902339932156,0.4,99401.0,0.1787337084245078,222078.86688880628,17766.309351104504,17766.3093511045
1,39005.0,60000.0,Other,10.0,2.0,0.0,112.6333333,5.0,5.0,,0.6030862710106487,0.4,39005.0,0.13601841823973668,66317.48004301162,5305.3984034409295,5305.398403440929
1,47000.0,69000.0,Other,6.0,3.0,2.0,110.6333333,2.0,24.0,,0.8566256340911174,0.4,47000.0,0.05452119461144931,32031.201834226467,2562.4961467381177,2562.4961467381177
0,52301.0,79959.0,Other,1.0,,1.0,290.2806482,0.0,9.0,37.16369797,0.17470126016035867,0.4,52301.0,0.1747140405876523,114221.48795968504,9137.719036774803,9137.719036774803
0,55169.0,114786.0,Office,2.0,,2.0,120.1541063,0.0,24.0,37.54773286,0.30896092659404345,0.4,55169.0,0.18662184084109298,128696.75421702824,10295.74033736226,10295.740337362258
0,100822.0,118817.0,ProfExe,0.0,0.0,0.0,126.4264397,0.0,30.0,37.87741107,0.1413333743123988,0.4,100822.0,0.16460634102962654,207449.25644111258,16595.940515289007,16595.940515289007
1,48724.0,72654.0,Other,7.0,0.0,0.0,62.08860596,0.0,4.0,31.57029892,0.21409113497906784,0.4,48724.0,0.18219945704678808,110968.57931434628,8877.486345147703,8877.486345147703
0,161413.0,196860.0,Other,7.0,0.0,0.0,,2.0,16.0,30.77816684,0.11704746023454914,0.4,161413.0,0.15438659415796266,311500.04153524037,24920.00332281923,24920.003322819226
0,90275.0,135792.0,Mgr,13.0,0.0,0.0,178.661764,1.0,26.0,33.33696079,0.08927330377329169,0.4,90275.0,0.1387149927075922,156531.19958347356,12522.495966677885,12522.495966677885
0,74162.0,89823.0,Other,0.0,2.0,1.0,121.7614658,1.0,26.0,34.02520751,0.5380041560062226,0.4,74162.0,0.15259381031331906,141458.2770057046,11316.662160456368,11316.662160456368
1,114000.0,147140.0,Other,5.0,0.0,0.0,122.7333333,2.0,13.0,,0.2040418975261178,0.4,114000.0,0.18067807813753067,257466.2613459812,20597.3009076785,20597.3009076785
0,50409.0,78404.0,ProfExe,9.0,0.0,0.0,191.2820789,0.0,42.0,39.48302397,0.08206575016831455,0.4,50409.0,0.13376205625554857,84285.14367232434,6742.811493785947,6742.811493785948
0,54196.0,71412.0,ProfExe,10.0,0.0,0.0,189.8742704,1.0,42.0,37.3521051,0.08119510440416003,0.4,54196.0,0.1331345915843974,90192.02906885001,7215.362325508001,7215.362325508001
0,41814.0,62845.0,Other,27.0,0.0,0.0,244.8818599,0.0,14.0,23.53704523,0.03570959982237115,0.4,41814.0,0.08791930985512286,45953.22527852634,3676.2580222821075,3676.2580222821075
0,,97026.0,Other,,0.0,0.0,182.5978157,1.0,9.0,30.67551037,0.11344631536949001,0.4,0.0,0.15262061009959543,0.0,0.0,0.0
0,107546.0,176314.0,Office,6.0,0.0,0.0,218.0193861,3.0,23.0,40.15214366,0.08403821420674806,0.4,107546.0,0.13515970287902448,181698.5675728446,14535.885405827568,14535.885405827567
0,81916.0,104048.0,Other,0.0,0.0,0.0,154.4259959,0.0,18.0,33.67802577,0.12184330195611627,0.4,81916.0,0.15663082579384066,160382.13407160313,12830.57072572825,12830.570725728252
0,144692.0,183630.0,Mgr,11.0,0.0,0.0,256.2054726,0.0,21.0,27.38411651,0.039476013109615474,0.4,144692.0,0.09293211379899409,168081.66762255065,13446.533409804053,13446.533409804053
0,53524.0,102133.0,Other,0.0,0.0,3.0,52.94238739,1.0,9.0,40.61679727,0.8583446467347605,0.4,53524.0,0.05389802678532499,36060.47482072168,2884.837985657735,2884.8379856577344
0,46145.0,72200.0,ProfExe,11.0,0.0,0.0,178.1920777,0.0,42.0,40.57402248,0.09309582796882146,0.4,46145.0,0.14117706752229672,81432.69726020478,6514.6157808163825,6514.6157808163825
1,23590.0,215548.0,Mgr,10.0,7.0,2.0,136.5300202,10.0,41.0,33.27229752,0.9887293103928757,0.4,23590.0,0.004475936121636082,1319.8416638674398,105.58733310939519,105.58733310939517
0,57864.0,164069.0,ProfExe,19.0,0.0,0.0,247.545271,0.0,27.0,21.46927181,0.024065990567901215,0.4,57864.0,0.06995847443563188,50600.964559292544,4048.0771647434035,4048.0771647434035
0,71814.0,89941.0,Other,10.0,0.0,0.0,83.16781079,3.0,11.0,32.28540549,0.2387228980646442,0.4,71814.0,0.18495574367867645,166030.1472067559,13282.411776540474,13282.411776540472
0,62783.0,86066.0,Other,0.0,0.0,0.0,293.3585868,2.0,15.0,43.6177143,0.14385113036405908,0.4,62783.0,0.16551440844660337,129893.63881878875,10391.4911055031,10391.491105503099
0,89454.0,119019.0,Other,13.0,0.0,0.0,127.2461963,1.0,8.0,37.52527269,0.21770192114043863,0.4,89454.0,0.18268738287953779,204276.46435132716,16342.117148106174,16342.117148106174
0,112832.0,182418.0,Office,8.0,0.0,0.0,230.0721311,3.0,23.0,40.29869891,0.0784461548402668,0.4,112832.0,0.13110979174075568,184917.2502711618,14793.380021692945,14793.380021692945
0,95322.0,119643.0,Mgr,2.0,0.0,0.0,313.6033866,1.0,20.0,42.1192853,0.09051065716083041,0.4,95322.0,0.13952395006847687,166246.27460534193,13299.701968427355,13299.701968427353
0,22203.0,138057.0,Other,8.0,0.0,0.0,356.9090675,1.0,10.0,40.87438208,0.0816983102406591,0.4,22203.0,0.1334980436960622,37050.71330229586,2964.057064183669,2964.057064183669
0,73356.0,86885.0,Other,10.0,0.0,0.0,73.74671053,3.0,12.0,31.57101889,0.23582333225442548,0.4,73356.0,0.184698332155902,169359.13567035433,13548.730853628347,13548.730853628347
0,27186.0,77694.0,Other,,0.0,0.0,249.4133616,0.0,50.0,43.72793048,0.06715366824338778,0.4,27186.0,0.12203467664465611,41470.43399077027,3317.6347192616213,3317.6347192616213
0,27239.0,39723.0,Mgr,17.0,0.0,0.0,111.5322141,1.0,16.0,24.44945281,0.08857782742690307,0.4,27239.0,0.1382551577177333,47074.15301341672,3765.9322410733375,3765.9322410733375
0,23928.0,55734.0,ProfExe,17.0,0.0,0.0,175.8953545,0.0,19.0,37.94552227,0.12384376625864348,0.4,23928.0,0.1575320035901851,47117.822273824364,3769.4257819059494,3769.425781905949
0,32554.0,92419.0,ProfExe,8.0,0.0,0.0,164.9096132,1.0,20.0,29.01660998,0.08864724376685933,0.4,32554.0,0.13830122230163197,56278.224885091586,4502.257990807327,4502.257990807328
0,18611.0,171194.0,Self,5.0,0.0,0.0,313.0379453,0.0,26.0,27.19915401,0.04784947770723839,0.4,18611.0,0.10301735031923749,23965.698834891613,1917.2559067913292,1917.255906791329
0,50250.0,72000.0,Mgr,10.0,2.0,0.0,75.06666667,3.0,28.0,,0.45202058704438597,0.4,50250.0,0.17058148766088752,107146.49693699498,8571.719754959599,8571.719754959599
0,93702.0,158647.0,ProfExe,4.0,0.0,1.0,96.17779327,0.0,16.0,34.70993598,0.3185524571826315,0.4,93702.0,0.18626081477900158,218162.63583027507,17453.010866422006,17453.010866422006
0,16386.0,170310.0,Mgr,23.0,0.0,0.0,73.0072773,2.0,20.0,29.80460145,0.14958399673829909,0.4,16386.0,0.16748681093768,34305.486050310305,2744.4388840248243,2744.4388840248243
1,67809.0,89339.0,Sales,0.0,3.0,0.0,102.4609862,2.0,19.0,38.34534078,0.8509816083635324,0.4,67809.0,0.05656169559475326,47942.40020730779,3835.3920165846234,3835.392016584624
0,13925.0,94898.0,Other,22.0,0.0,0.0,223.901918,2.0,41.0,35.99822541,0.06660099860491717,0.4,13925.0,0.12155646484673133,21158.422162384173,1692.6737729907338,1692.6737729907338
0,34593.0,56658.0,Other,15.0,0.0,0.0,126.0480098,1.0,18.0,36.92663479,0.17425648502528315,0.4,34593.0,0.17460442129976772,75501.1343252858,6040.090746022865,6040.090746022865
0,49653.0,159076.0,ProfExe,20.0,0.0,0.0,231.5497227,0.0,27.0,20.41593161,0.024438581580368417,0.4,49653.0,0.07060366603454957,43821.047870168615,3505.6838296134893,3505.6838296134897
0,94727.0,136877.0,Mgr,15.0,0.0,0.0,168.9599682,2.0,26.0,36.05643747,0.12339743582832897,0.4,94727.0,0.15733268043758866,186295.66024764325,14903.65281981146,14903.652819811461
1,55406.0,78682.0,Other,,0.0,0.0,122.7177095,0.0,39.0,33.6938313,0.08982937762872717,0.4,55406.0,0.1390799843892637,96323.32018839431,7705.865615071545,7705.865615071544
0,4447.0,21510.0,Other,,0.0,0.0,67.0,2.0,19.0,,0.23452250585754794,0.4,4447.0,0.18457727870614635,10260.18948007791,820.8151584062329,820.8151584062329
1,139000.0,171350.0,Other,0.1,0.0,1.0,102.5,7.0,18.0,,0.5319229584345523,0.4,139000.0,0.15402294283787815,267614.8631808133,21409.189054465067,21409.189054465063
0,97146.0,124195.0,Office,24.0,0.0,0.0,278.3074217,2.0,17.0,32.72169498,0.03321219123136964,0.4,97146.0,0.08440524820609333,102495.40302786429,8199.632242229143,8199.632242229141
0,61690.0,89963.0,ProfExe,15.0,0.0,2.0,157.409679,0.0,14.0,27.94667597,0.30450330690972205,0.4,61690.0,0.18674668846655057,144005.0401437688,11520.403211501503,11520.403211501505
0,61554.0,94510.0,Office,2.0,0.0,0.0,161.3526933,0.0,24.0,23.89655471,0.027730064834716395,0.4,61554.0,0.07607713825413896,58535.65210119087,4682.85216809527,4682.85216809527
0,4927.0,30198.0,Other,,0.0,0.0,89.59983867,1.0,19.0,41.23052688,0.26612560664236,0.4,4927.0,0.1865919932755788,11491.734385859709,919.3387508687767,919.3387508687767
0,53646.0,156048.0,ProfExe,20.0,0.0,0.0,232.2971256,0.0,27.0,20.85606753,0.025057583274656396,0.4,53646.0,0.07166354247109359,48055.77999255358,3844.4623994042863,3844.4623994042868
0,120966.0,208782.0,Other,4.0,0.0,0.0,202.5343334,0.0,17.0,27.43664604,0.06354598906991238,0.4,120966.0,0.1188501819792083,179710.3889162114,14376.831113296912,14376.83111329691
0,62141.0,90434.0,Office,0.0,0.0,0.0,69.41077665,0.0,22.0,35.35728725,0.10236813880399903,0.4,62141.0,0.1467187104917452,113965.59235834423,9117.24738866754,9117.247388667538
0,68743.0,92112.0,Mgr,0.0,0.0,0.0,95.34376502,0.0,16.0,26.69266663,0.1092769680586903,0.4,68743.0,0.15048510506599921,129309.9697193998,10344.797577551984,10344.797577551984
1,95091.0,113294.0,ProfExe,15.0,0.0,3.0,188.504617,0.0,36.0,78.65438605,0.9392382314347951,0.4,95091.0,0.02372376116370072,28198.952160218312,2255.916172817465,2255.916172817465
0,78077.0,105522.0,ProfExe,0.0,0.0,0.0,278.4430216,2.0,22.0,38.9396509,0.10137437682386576,0.4,78077.0,0.1461523906131391,142639.25252377577,11411.14020190206,11411.14020190206
0,63852.0,93356.0,Other,1.0,0.0,0.0,181.9117699,0.0,31.0,33.20940925,0.0776797435296717,0.4,63852.0,0.13053316738902726,104185.04755155211,8334.803804124169,8334.803804124169
0,39109.0,62371.0,Other,25.0,0.0,0.0,268.1982607,0.0,13.0,24.74818104,0.03507886162553891,0.4,39109.0,0.08704685805111007,42553.94464401079,3404.3155715208636,3404.3155715208636
0,57980.0,79265.0,Other,16.0,0.0,0.0,194.0542928,0.0,20.0,37.72576061,0.11023537900699155,0.4,57980.0,0.15098486129197525,109426.27822135907,8754.102257708726,8754.102257708724
0,40018.0,65355.0,Other,16.0,1.0,0.0,287.9746298,0.0,21.0,28.36288297,0.0618412392528867,0.4,40018.0,0.1172920985796227,58672.44001199176,4693.795200959341,4693.795200959341
0,90337.0,103864.0,ProfExe,3.0,0.0,0.0,118.5345867,0.0,25.0,39.72048898,0.17686908125443906,0.4,90337.0,0.17523953462463693,197882.67299232286,15830.61383938583,15830.613839385825
0,109437.0,114900.0,Other,1.0,0.0,0.0,138.1718508,1.0,20.0,38.33231689,0.18523716564654485,0.4,109437.0,0.1771350486667976,242314.1040118541,19385.12832094833,19385.12832094833
0,55584.0,95236.0,ProfExe,10.0,0.0,0.0,,1.0,15.0,24.59063319,0.07042986483465381,0.4,55584.0,0.12480103232764611,86711.75726124851,6936.940580899881,6936.940580899882
0,121001.0,210685.0,Other,2.0,0.0,0.0,192.9772854,0.0,16.0,26.86050033,0.06682116884738004,0.4,121001.0,0.12174738157233445,184144.4364704255,14731.554917634041,14731.554917634041
0,26982.0,59552.0,ProfExe,15.0,0.0,0.0,183.6144149,1.0,19.0,36.29961798,0.12256155315944421,0.4,26982.0,0.1569567061476825,52937.573065959616,4235.005845276769,4235.00584527677
0,63351.0,87645.0,Other,1.0,0.0,0.0,324.614647,3.0,15.0,43.90230255,0.1390312275615664,0.4,63351.0,0.16375293890447656,129673.9054067187,10373.912432537496,10373.912432537494
0,109192.0,139384.0,ProfExe,6.0,0.0,0.0,122.8655758,0.0,14.0,29.3975931,0.11537228974664164,0.4,109192.0,0.1535739347651999,209613.06356102135,16769.04508488171,16769.04508488171
0,90099.0,118545.0,ProfExe,12.0,0.0,0.0,140.5158506,3.0,18.0,38.89923169,0.2266027440089109,0.4,90099.0,0.18376395239959897,206961.85434064336,16556.94834725147,16556.94834725147
0,31427.0,60249.0,Other,16.0,0.0,0.0,110.5522774,0.0,18.0,40.00125599,0.19885541787230018,0.4,31427.0,0.17979473354873077,70630.11364044952,5650.409091235962,5650.409091235962
0,35975.0,60500.0,Office,13.0,0.0,2.0,118.6666667,1.0,22.0,,0.29393220320574864,0.4,35975.0,0.1869294408415319,84059.83292842637,6724.78663427411,6724.78663427411
1,60100.0,82506.0,ProfExe,10.0,3.0,1.0,171.4666667,2.0,64.0,,0.422963159694147,0.4,60100.0,0.17544174727515338,131800.61264045897,10544.049011236719,10544.049011236719
0,73510.0,95132.0,Mgr,0.0,0.0,0.0,86.68429575,0.0,17.0,25.24404629,0.10258481273041162,0.4,73510.0,0.14684134373181854,134928.83972157477,10794.307177725981,10794.307177725981
0,93728.0,153093.0,ProfExe,5.0,0.0,0.0,109.3371059,0.0,16.0,36.21398749,0.17794026753694103,0.4,93728.0,0.17549386579380238,205608.6131640189,16448.68905312151,16448.68905312151
0,68096.0,99051.0,Mgr,1.0,0.0,0.0,85.8431617,0.0,17.0,27.63351648,0.11841946189224963,0.4,68096.0,0.15504094632594373,131970.8535126433,10557.668281011465,10557.668281011463
0,68517.0,97151.0,ProfExe,7.0,0.0,0.0,77.52181884,0.0,15.0,32.00405609,0.16511151964805623,0.4,68517.0,0.17221013880668107,147491.52600771707,11799.322080617365,11799.322080617367
0,12169.0,93564.0,Other,13.0,0.0,1.0,274.4813985,0.0,23.0,30.26921818,0.08840415692348982,0.4,12169.0,0.1381397464256958,21012.78217817865,1681.022574254292,1681.022574254292
0,89455.0,124840.0,ProfExe,13.0,,,148.7646605,,24.0,29.9624015,0.09144293158259832,0.4,89455.0,0.14012581607212,156686.93595914368,12534.954876731495,12534.954876731494
0,67550.0,95440.0,Office,3.0,0.0,0.0,154.1501136,0.0,25.0,22.85499927,0.02619973811446154,0.4,67550.0,0.07358116994431356,62130.10037172976,4970.408029738381,4970.408029738381
0,68655.0,94322.0,ProfExe,8.0,0.0,0.0,76.79470126,0.0,15.0,32.74121014,0.17180656916495,0.4,68655.0,0.17398946397620532,149315.58311607968,11945.246649286375,11945.246649286377
0,89101.0,118748.0,ProfExe,7.0,0.0,0.0,153.849763,2.0,21.0,21.76282696,0.06636129870482531,0.4,89101.0,0.12134799480513181,135152.84606415062,10812.22768513205,10812.22768513205
0,65519.0,89276.0,Other,0.0,1.0,2.0,123.098552,2.0,26.0,36.35420324,0.6541503330817088,0.4,65519.0,0.12155211907629476,99549.66612199697,7963.973289759758,7963.973289759757
1,88352.0,110216.0,Other,1.0,0.0,0.0,376.7236428,3.0,31.0,47.83067113,0.09711985800121882,0.4,88352.0,0.14365427162293873,158651.77758037354,12692.142206429884,12692.142206429882
0,94280.0,122172.0,Office,23.0,0.0,0.0,280.0488336,2.0,16.0,33.36352866,0.035306469418574085,0.4,94280.0,0.08736283429926694,102957.10022168608,8236.568017734886,8236.568017734888
0,63569.0,95729.0,ProfExe,23.0,0.0,0.0,237.2759487,0.0,23.0,38.41536702,0.08165668208398133,0.4,63569.0,0.1334680598267087,106055.38868905057,8484.431095124046,8484.431095124046
0,61049.0,96397.0,Office,2.0,0.0,0.0,80.15575717,0.0,23.0,35.42557919,0.09392218717081684,0.4,61049.0,0.1416951637004222,108129.35060933843,8650.348048747075,8650.348048747075
0,99902.0,125249.0,Office,26.0,0.0,0.0,294.424118,2.0,16.0,33.48854738,0.03214749643922142,0.4,99902.0,0.0828568926506549,103469.61611982159,8277.569289585726,8277.569289585726
1,72718.0,98065.0,Other,8.0,0.0,0.0,119.0578171,0.0,19.0,35.36412843,0.15076850832043182,0.4,72718.0,0.16787832059484295,152597.19646269738,12207.775717015791,12207.77571701579
1,116228.0,148722.0,Other,1.0,0.0,0.0,159.1692347,2.0,25.0,38.07976182,0.16732384851358664,0.4,116228.0,0.17281440753520994,251073.41198752975,20085.87295900238,20085.87295900238
0,110580.0,137926.0,ProfExe,6.0,0.0,0.0,93.43274991,0.0,13.0,29.11688772,0.13478721225425735,0.4,110580.0,0.1621201381213981,224090.56091830257,17927.244873464206,17927.244873464202
0,94952.0,129177.0,ProfExe,12.0,,,140.4807035,,24.0,29.96750585,0.09621814610580322,0.4,94952.0,0.1431090717965446,169856.1573153188,13588.492585225504,13588.492585225504
0,83548.0,111626.0,ProfExe,9.0,0.0,0.0,163.8543934,3.0,17.0,37.07811779,0.19054353071780444,0.4,83548.0,0.17823191336662061,186136.49872443025,14890.91989795442,14890.91989795442
0,16756.0,66340.0,Office,,0.0,0.0,239.8448526,0.0,21.0,38.6626294,0.04843180139818733,0.4,16756.0,0.1036707884428638,21713.846639357824,1737.107731148626,1737.1077311486258
0,40673.0,60418.0,Other,27.0,0.0,0.0,247.6495789,0.0,13.0,24.98029896,0.039512245339192426,0.4,40673.0,0.09297877604141797,47271.57197415741,3781.7257579325924,3781.725757932593
0,41730.0,59750.0,,6.0,1.0,0.0,109.9614065,1.0,10.0,27.91184544,0.2236026868541137,0.4,41730.0,0.18342074562051627,95676.84643430181,7654.147714744146,7654.147714744144
0,48970.0,69559.0,ProfExe,20.0,0.0,0.0,178.015833,0.0,23.0,39.70798807,0.1233721950605899,0.4,48970.0,0.15732137864287699,96300.34890177108,7704.027912141687,7704.027912141686
0,75491.0,101745.0,ProfExe,0.0,0.0,0.0,279.3700507,1.0,20.0,38.75029966,0.0921952836789296,0.4,75491.0,0.14060680775382658,132681.85655180155,10614.548524144124,10614.548524144122
1,43188.0,68876.0,Other,,0.0,0.0,199.000576,6.0,25.0,41.00610329,0.2402230772080332,0.4,43188.0,0.1850822697124485,99916.66330426534,7993.333064341227,7993.333064341226
0,62300.0,95869.0,Other,2.0,0.0,0.0,172.7591234,1.0,31.0,35.18944727,0.10346493929927728,0.4,62300.0,0.14733640048582128,114738.22187833332,9179.057750266666,9179.057750266666
0,57174.0,91772.0,ProfExe,4.0,0.0,0.0,129.6632166,0.0,13.0,28.90447884,0.11162498104672697,0.4,57174.0,0.15169999050553284,108416.19071454169,8673.295257163336,8673.295257163334
0,46555.0,69186.0,ProfExe,19.0,0.0,0.0,187.2301325,0.0,22.0,38.18814386,0.11013128587256191,0.4,46555.0,0.1509308423166746,87832.31705065984,7026.585364052788,7026.585364052787
0,,94125.0,Other,,1.0,0.0,178.6456365,0.0,11.0,30.93141022,0.16703468370022548,0.4,0.0,0.1727363521517059,0.0,0.0,0.0
0,26389.0,85552.0,ProfExe,7.0,0.0,0.0,152.0406589,1.0,21.0,27.35620808,0.0844260839860975,0.4,26389.0,0.13543070522334616,44673.51100173603,3573.8808801388823,3573.880880138882
0,14517.0,95150.0,Other,11.0,0.0,0.0,272.0341025,0.0,22.0,27.47858304,0.0369388166896295,0.4,14517.0,0.0895916214808573,16257.519612970067,1300.6015690376055,1300.6015690376053
0,102472.0,115719.0,ProfExe,0.0,0.0,0.0,120.0902646,0.0,30.0,34.24344096,0.11763228274273457,0.4,102472.0,0.15466674142922518,198112.62909669452,15849.010327735563,15849.010327735563
0,10934.0,66367.0,Sales,1.0,0.0,0.0,326.5673282,0.0,5.0,38.15167101,0.21302503469578316,0.4,10934.0,0.18204957680341832,24881.6259096072,1990.530072768576,1990.530072768576
0,14111.0,71628.0,Office,,0.0,0.0,246.9909305,0.0,22.0,39.61154172,0.048416408337067285,0.4,14111.0,0.10365358935553542,18283.197492449504,1462.6557993959605,1462.6557993959605
0,65165.0,90805.0,Office,2.0,0.0,0.0,160.7322651,0.0,25.0,25.37204765,0.030015431992790657,0.4,65165.0,0.07965929694994933,64887.476071793106,5190.998085743448,5190.998085743448
0,81938.0,106187.0,ProfExe,2.0,0.0,0.0,282.9006093,1.0,21.0,40.0388411,0.09478248454575468,0.4,81938.0,0.1422293274247678,145674.83288163278,11653.986630530622,11653.986630530624
0,23618.0,37539.0,Office,1.0,0.0,0.0,199.7237771,0.0,15.0,36.9827292,0.06434799145552887,0.4,23618.0,0.11957113172429666,35300.38736330548,2824.0309890644385,2824.0309890644385
0,67686.0,95949.0,ProfExe,9.0,0.0,0.0,78.94907069,0.0,16.0,31.80824299,0.15721305847276443,0.4,67686.0,0.16991605440487023,143761.7257306006,11500.938058448048,11500.938058448046
0,42683.0,68000.0,Office,3.0,0.0,0.0,229.3,0.0,12.0,,0.05015264445315646,0.4,42683.0,0.10556876166041083,56324.89317439145,4505.9914539513165,4505.991453951316
0,67290.0,95750.0,Other,,2.0,1.0,237.1,2.0,14.0,,0.4719062023184111,0.4,67290.0,0.16687420801550554,140362.0682170421,11228.965457363369,11228.965457363367
0,71000.0,95000.0,Mgr,6.0,0.0,0.0,71.0,7.0,24.0,,0.333401958994092,0.4,71000.0,0.18546398827293542,164599.2895922302,13167.943167378417,13167.943167378415
0,49367.0,71485.0,ProfExe,10.0,0.0,0.0,175.3870489,1.0,42.0,37.77222165,0.09014372244526221,0.4,49367.0,0.1392852687815685,85951.19829924616,6876.095863939692,6876.095863939692
0,99474.0,127470.0,Office,22.0,0.0,0.0,287.0022563,3.0,16.0,30.99602763,0.03320660463319451,0.4,99474.0,0.08439720457954354,104941.59410431894,8395.327528345515,8395.327528345515
0,38145.0,59415.0,Other,25.0,0.0,0.0,241.8973574,0.0,14.0,23.87079226,0.03762184760807353,0.4,38145.0,0.09050534170557803,43154.07824199092,3452.326259359274,3452.326259359274
0,90150.0,122767.0,ProfExe,12.0,,,135.5729778,,25.0,33.46387238,0.1197257193412817,0.4,90150.0,0.1556546958811712,175403.3854210948,14032.270833687584,14032.270833687584
0,72860.0,90347.0,Other,0.0,1.0,1.0,104.0404669,2.0,26.0,36.02592528,0.48488798846032244,0.4,72860.0,0.1642984627669257,149634.82496497757,11970.785997198205,11970.785997198207
1,73473.0,105848.0,Mgr,9.0,0.0,4.0,186.7128357,1.0,14.0,27.64603658,0.6672149264422629,0.4,73473.0,0.11766780160408477,108067.57984071149,8645.40638725692,8645.40638725692
0,84874.0,115759.0,ProfExe,9.0,0.0,0.0,146.0698108,3.0,18.0,39.83431993,0.2357749471566261,0.4,84874.0,0.1846938916512446,195946.36700009668,15675.709360007735,15675.709360007735
0,47199.0,70134.0,Other,8.0,0.0,0.0,86.55886014,3.0,15.0,43.50793855,0.3796451078789154,0.4,47199.0,0.1813136707133106,106972.79929996934,8557.823943997548,8557.823943997546
1,23850.0,61808.0,Other,12.0,0.0,0.0,46.94616405,0.0,8.0,40.8529275,0.331204493616055,0.4,23850.0,0.18559951328764612,55331.8548988795,4426.54839191036,4426.54839191036
0,60709.0,89683.0,Other,1.0,0.0,0.0,316.3138584,2.0,16.0,43.75656604,0.1256869982757452,0.4,60709.0,0.15834470744727208,120161.86055520551,9612.948844416442,9612.948844416442
0,58992.0,86816.0,,4.0,0.0,0.0,103.5042953,0.0,16.0,40.95659824,0.23894749941122204,0.4,58992.0,0.18497497370389326,136400.5456092509,10912.043648740071,10912.043648740071
0,96993.0,134785.0,Mgr,14.0,0.0,0.0,173.897513,2.0,25.0,33.36326972,0.10488972329188194,0.4,96993.0,0.14812745931337076,179591.58326477214,14367.32666118177,14367.32666118177
0,23792.0,79716.0,Other,,0.0,0.0,238.7898367,0.0,50.0,42.12712426,0.06429544816036284,0.4,23792.0,0.11952413082271147,35546.47650667439,2843.7181205339516,2843.7181205339516
0,14167.0,71194.0,Office,,0.0,0.0,264.0171241,0.0,21.0,40.24690114,0.046858928879950065,0.4,14167.0,0.10189247618605504,18043.88387659802,1443.5107101278418,1443.5107101278418
0,98200.0,123662.0,Office,0.0,,3.0,241.6422316,0.0,29.0,41.05065735,0.3551059453059414,0.4,98200.0,0.18381424292596615,225631.98319162347,18050.558655329878,18050.558655329878
0,100144.0,153751.0,ProfExe,4.0,0.0,0.0,93.66217049,0.0,16.0,34.89273362,0.1792985181531724,0.4,100144.0,0.17581134434370593,220080.6408494511,17606.451267956087,17606.451267956087
0,20915.0,40098.0,Office,2.0,0.0,0.0,213.4505369,0.0,16.0,40.25003373,0.07144811266781614,0.4,20915.0,0.12563766504962184,32846.39705641051,2627.711764512841,2627.711764512841
0,38674.0,63641.0,Other,23.0,0.0,0.0,245.049372,0.0,13.0,25.18098984,0.0417131069149633,0.4,38674.0,0.09576090539588489,46293.21569100565,3703.457255280452,3703.457255280452
0,50167.0,96312.0,ProfExe,5.0,0.0,0.0,128.3394339,1.0,21.0,36.3773222,0.16608728494698788,0.4,50167.0,0.17247867119569604,108159.21872343105,8652.737497874485,8652.737497874483
0,39783.0,59196.0,Other,17.0,0.0,0.0,279.8100665,0.0,21.0,29.77480684,0.04038097825834421,0.4,39783.0,0.09408912383567891,46789.345169435175,3743.147613554814,3743.147613554814
0,119741.0,212530.0,Other,4.0,1.0,0.0,202.2885776,0.0,17.0,27.07376116,0.10650155731511475,0.4,119741.0,0.1490071850788446,223028.36685657417,17842.269348525933,17842.269348525933
0,48711.0,69611.0,Office,2.0,0.0,0.0,130.2531337,0.0,17.0,33.69118802,0.07284388642210944,0.4,48711.0,0.12676725553742915,77186.9973060464,6174.959784483712,6174.959784483712
1,64248.0,82690.0,Mgr,0.0,1.0,0.0,89.18900547,0.0,23.0,53.84821989,0.5546720505951208,0.4,64248.0,0.14856686294424684,119314.04763052463,9545.12381044197,9545.123810441972
0,49385.0,70220.0,ProfExe,6.0,0.0,0.0,229.474919,2.0,32.0,30.73139653,0.061597897430452325,0.4,49385.0,0.11706679682169795,72266.79701299442,5781.343761039553,5781.343761039553
0,57300.0,8000.0,Other,6.0,,,68.0,1.0,17.0,,0.21948599081410333,0.4,57300.0,0.18291739050038014,131014.58094589728,10481.166475671782,10481.166475671782
0,132785.0,155644.0,Mgr,,0.0,0.0,225.7275062,0.0,20.0,37.32857399,0.09262725191843386,0.4,132785.0,0.14088108705433997,233836.18930638165,18706.895144510534,18706.895144510534
0,43438.0,69441.0,Office,1.0,0.0,0.0,229.2744494,0.0,11.0,35.80007142,0.05516091458800372,0.4,43438.0,0.1108282603336299,60176.974654652695,4814.157972372216,4814.157972372215
0,,95085.0,Other,,0.0,0.0,175.7879949,1.0,10.0,32.25091533,0.12663424061195672,0.4,0.0,0.15875588823310266,0.0,0.0,0.0
0,,20700.0,ProfExe,6.0,0.0,0.0,104.5333333,1.0,19.0,,0.17696473151126302,0.4,0.0,0.1752623873477549,0.0,0.0,0.0
0,80970.0,101244.0,ProfExe,0.0,0.0,0.0,272.882599,2.0,20.0,39.80899322,0.11466356875030405,0.4,80970.0,0.15322551435917672,155083.37372078173,12406.66989766254,12406.66989766254
0,15243.0,172611.0,Mgr,25.0,0.0,0.0,73.44153854,2.0,21.0,29.0958828,0.138778795119787,0.4,15243.0,0.1636579982889972,31182.9858489898,2494.638867919184,2494.638867919184
1,51936.0,75278.0,ProfExe,3.0,0.0,0.0,199.8017542,0.0,21.0,36.99564584,0.10787917759417748,0.4,51936.0,0.14974653481516528,97215.4504020053,7777.236032160424,7777.236032160424
0,96476.0,119780.0,Office,0.0,,2.0,264.1531247,0.0,29.0,40.80574336,0.17733584348803927,0.4,96476.0,0.17535078826220513,211464.28310480627,16917.142648384503,16917.142648384503
0,37883.0,64763.0,Other,25.0,0.0,0.0,236.9968365,0.0,13.0,23.62120308,0.038903484438532275,0.4,37883.0,0.09219096304211014,43655.87816155323,3492.470252924258,3492.470252924258
0,58498.0,90135.0,Office,30.0,0.0,0.0,199.1092723,0.0,21.0,33.18223949,0.03664365720389631,0.4,58498.0,0.08919337873213852,65220.42836340799,5217.63426907264,5217.634269072639
0,65458.0,84639.0,Other,0.0,1.0,2.0,97.14654403,2.0,25.0,33.6906879,0.6528767272745709,0.4,65458.0,0.1219269644470439,99763.6904846825,7981.095238774601,7981.095238774599
1,39441.0,71345.0,Other,11.0,0.0,4.0,132.8367575,0.0,13.0,27.69164816,0.7180660643750798,0.4,39441.0,0.10190557873943398,50240.724138275196,4019.257931062016,4019.257931062016
0,69954.0,104510.0,Office,10.0,0.0,0.0,211.2433112,2.0,13.0,33.54985877,0.06120117345822515,0.4,69954.0,0.11669790767667187,102043.56792017381,8163.485433613905,8163.485433613904
0,11886.0,63762.0,Sales,0.0,0.0,0.0,315.2604995,0.0,5.0,39.67583359,0.24435010937319823,0.4,11886.0,0.1854073281725889,27546.893783242394,2203.7515026593915,2203.7515026593915
0,47903.0,63933.0,Office,3.0,0.0,0.0,120.4180419,1.0,17.0,32.97759665,0.08250553318840655,0.4,47903.0,0.13407652849435817,80283.34930581549,6422.667944465239,6422.667944465239
0,136790.0,178135.0,Mgr,12.0,0.0,0.0,246.9544197,0.0,21.0,30.11861356,0.04939932945401944,0.4,136790.0,0.1047438984541797,179098.9733693405,14327.91786954724,14327.91786954724
0,99003.0,162566.0,Other,,1.0,,252.2637988,,23.0,39.20903917,0.1653451016237614,0.4,99003.0,0.1722747120646657,213196.41648172625,17055.7133185381,17055.7133185381
0,63990.0,94035.0,ProfExe,9.0,0.0,0.0,,0.0,14.0,25.78335659,0.06905186266937256,0.4,63990.0,0.12365153113428479,98905.76846603604,7912.461477282884,7912.461477282884
0,110292.0,132953.0,ProfExe,7.0,0.0,0.0,105.4248876,0.0,14.0,30.55275232,0.13448766074526175,0.4,110292.0,0.16200190808731196,223343.93058457263,17867.51444676581,17867.51444676581
0,50354.0,79011.0,Other,1.0,,1.0,290.8270296,1.0,10.0,35.13903436,0.1701402977905467,0.4,50354.0,0.17356029403377896,109243.18807221133,8739.455045776906,8739.455045776906
0,68196.0,89641.0,Other,0.0,2.0,1.0,112.9760412,1.0,26.0,34.41462163,0.5574564123663558,0.4,68196.0,0.14787886887317223,126059.34177093566,10084.747341674853,10084.747341674853
0,93210.0,109980.0,ProfExe,7.0,0.0,0.0,145.4859265,2.0,20.0,22.49623552,0.07436316159128764,0.4,93210.0,0.12797466825863554,149106.48535484273,11928.51882838742,11928.51882838742
1,70562.0,91223.0,Other,27.0,0.0,2.0,112.7103681,4.0,35.0,64.2724769,0.8690820639395807,0.4,70562.0,0.049987909788839824,44090.58613150145,3527.246890520116,3527.246890520116
0,66197.0,83151.0,ProfExe,12.0,0.0,2.0,157.9459818,0.0,14.0,29.3494858,0.32899748194707784,0.4,66197.0,0.18572956770683974,153684.25241862086,12294.74019348967,12294.74019348967
0,66891.0,94454.0,Office,0.0,0.0,0.0,160.711282,3.0,20.0,32.78419351,0.07992369708208617,0.4,66891.0,0.13220644705084075,110542.76812097235,8843.421449677788,8843.42144967779
1,66003.0,82410.0,Mgr,0.0,1.0,0.0,85.77380757,1.0,23.0,51.5173853,0.5530537187673765,0.4,66003.0,0.14896475808781193,122901.51160087313,9832.120928069851,9832.120928069851
0,45365.0,71853.0,Other,7.0,0.0,0.0,98.45648444,3.0,15.0,41.38874759,0.3319683915393909,0.4,45365.0,0.18555308073500174,105220.19384429193,8417.615507543354,8417.615507543354
0,59929.0,89526.0,Office,0.0,0.0,0.0,64.45472528,0.0,22.0,35.08734865,0.10337009281168041,0.4,59929.0,0.1472832873502552,110331.75159516805,8826.540127613445,8826.540127613443
0,87958.0,114696.0,Other,20.0,0.0,0.0,301.9122949,0.0,17.0,24.41521969,0.02675628974286884,0.4,87958.0,0.07449837803170915,81909.10418641342,6552.728334913074,6552.728334913074
0,118208.0,130216.0,,14.0,0.0,0.0,190.9573245,0.0,17.0,40.74823463,0.14416546962530913,0.4,118208.0,0.16562595668961708,244728.9136045782,19578.313088366256,19578.313088366256
0,39821.0,60672.0,Other,26.0,0.0,0.0,243.868763,0.0,14.0,23.35928056,0.03573371427646811,0.4,39821.0,0.08795246965218034,43779.44117524342,3502.3552940194736,3502.3552940194736
0,110098.0,120662.0,Other,0.0,0.0,0.0,122.1698211,1.0,21.0,39.32231541,0.20831756680618133,0.4,110098.0,0.1813553886790834,249585.81978487156,19966.865582789727,19966.865582789724
0,77025.0,103322.0,ProfExe,8.0,0.0,0.0,87.1337221,0.0,15.0,33.40589684,0.16958247122688094,0.4,77025.0,0.17341461897298716,166965.76282992918,13357.261026394335,13357.261026394335
0,70102.0,99841.0,ProfExe,10.0,0.0,0.0,68.16857287,0.0,16.0,32.85379436,0.1749683294279855,0.4,70102.0,0.17477956604885958,153154.96423946443,12252.397139157154,12252.397139157154
1,67666.0,167619.0,ProfExe,14.0,0.0,0.0,135.9518082,1.0,11.0,47.59052865,0.32625096068643206,0.4,67666.0,0.1858828417529406,157224.35462568098,12577.948370054479,12577.948370054479
0,166737.0,199303.0,ProfExe,9.0,0.0,0.0,270.8826875,1.0,38.0,25.53212879,0.026236434025728117,0.4,166737.0,0.0736419865509907,153485.5488944067,12278.843911552536,12278.843911552536
1,73396.0,137076.0,Office,18.0,0.0,1.0,163.5920452,4.0,20.0,40.37537241,0.24145554694954172,0.4,73396.0,0.18518285979813456,169896.01472179854,13591.681177743883,13591.681177743885
0,96272.0,163250.0,Mgr,2.0,0.0,0.0,204.4925859,1.0,19.0,37.86835539,0.12676171457809107,0.4,96272.0,0.15881089050575073,191113.02563462043,15289.042050769634,15289.042050769634
0,98582.0,122597.0,Mgr,1.0,0.0,0.0,307.5247903,1.0,20.0,39.39416893,0.07938118276391558,0.4,98582.0,0.13180605823262215,162421.31040860448,12993.704832688358,12993.704832688356
0,7739.0,65181.0,Sales,0.0,0.0,0.0,315.2308975,0.0,6.0,37.98355778,0.21971716152173232,0.4,7739.0,0.18294666421914996,17697.80292990002,1415.8242343920015,1415.8242343920015
0,66562.0,90325.0,Other,0.0,1.0,1.0,112.9032622,2.0,25.0,33.16227148,0.42909004379187815,0.4,66562.0,0.17447478456151388,145167.38262479356,11613.390609983486,11613.390609983488
1,63836.0,87000.0,Other,8.0,2.0,1.0,110.5666667,2.0,33.0,,0.5481730019848285,0.4,63836.0,0.15015586221009142,119816.87025054246,9585.349620043396,9585.349620043396
0,102120.0,165302.0,Other,,0.0,,274.1129261,,24.0,40.10502984,0.09141031243229249,0.4,102120.0,0.1401048671719774,178843.86294502913,14307.50903560233,14307.509035602332
0,91731.0,125902.0,Office,24.0,0.0,0.0,276.7274249,2.0,16.0,32.29430401,0.03331048628416866,0.4,91731.0,0.08454663673887566,96944.34418367254,7755.547534693804,7755.547534693804
0,22782.0,60590.0,ProfExe,8.0,0.0,0.0,198.8763955,0.0,13.0,30.32992999,0.08215389910975016,0.4,22782.0,0.13382522065010158,38110.07721063268,3048.806176850614,3048.806176850614
0,88828.0,116683.0,ProfExe,6.0,0.0,0.0,141.841398,1.0,20.0,21.67927834,0.06407897837328787,0.4,88828.0,0.11933015260858258,132498.23494893967,10599.858795915174,10599.858795915174
0,127269.0,203737.0,ProfExe,14.0,0.0,0.0,206.2000368,0.0,21.0,36.27285836,0.09319884066948768,0.4,127269.0,0.14124192216657633,224696.47740272502,17975.718192218003,17975.718192218003
0,,49442.0,Office,2.0,0.0,0.0,76.571848,1.0,9.0,38.8759867,0.17414817174750313,0.4,0.0,0.17457763279414049,0.0,0.0,0.0
0,87081.0,115165.0,Other,13.0,0.0,0.0,120.4621862,1.0,8.0,34.40037656,0.18962136721759804,0.4,87081.0,0.17804696760902844,193806.34982952254,15504.507986361803,15504.507986361805
0,83474.0,104133.0,ProfExe,4.0,0.0,0.0,109.9887849,1.0,24.0,38.86401954,0.1982683968757784,0.4,83474.0,0.17969038939771542,187493.44455731122,14999.475564584898,14999.475564584896
0,34583.0,59247.0,Other,15.0,0.0,0.0,89.34062711,0.0,17.0,39.99018836,0.22459912551464348,0.4,34583.0,0.18353692268762356,79340.71746632607,6347.257397306085,6347.257397306085
0,91784.0,117626.0,Other,21.0,0.0,0.0,280.1234728,0.0,16.0,25.67302186,0.03346932061598475,0.4,91784.0,0.08477455764322703,97261.84998407436,7780.947998725949,7780.947998725949
0,87657.0,117577.0,ProfExe,9.0,0.0,0.0,142.466495,2.0,19.0,39.96618165,0.21398433741900882,0.4,87657.0,0.1821845631801997,199621.90318358457,15969.752254686766,15969.752254686766
0,154563.0,198790.0,Other,7.0,0.0,0.0,,1.0,15.0,29.47261446,0.0980175966498824,0.4,154563.0,0.14419151705049835,278583.4181234522,22286.67344987618,22286.673449876176
1,51075.0,78045.0,Office,2.0,1.0,5.0,74.09119603,1.0,15.0,42.1982822,0.9558278213614633,0.4,51075.0,0.017338530268642984,11069.567918386756,885.5654334709405,885.5654334709404
0,39727.0,68477.0,Office,11.0,0.0,2.0,134.2798423,0.0,22.0,40.42119971,0.3300277059867598,0.4,39727.0,0.18566961838719076,92201.21162084909,7376.096929667928,7376.096929667928
1,17800.0,40798.0,Office,6.0,2.0,0.0,167.4666667,2.0,16.0,,0.2227725029876362,0.4,17800.0,0.18332227997260617,40789.207293904874,3263.13658351239,3263.1365835123897
0,68315.0,98175.0,Mgr,14.0,0.0,0.0,161.3333333,0.0,28.0,,0.09106420973833294,0.4,68315.0,0.13988210215526795,119450.57260921413,9556.04580873713,9556.04580873713
0,127559.0,154545.0,Mgr,,0.0,0.0,216.6695154,0.0,18.0,36.9158782,0.09878557741771599,0.4,127559.0,0.14464676367518722,230637.45659554008,18450.996527643205,18450.99652764321
0,55238.0,112776.0,ProfExe,16.0,0.0,0.0,251.5493924,0.0,19.0,25.7694999,0.03810186324532036,0.4,55238.0,0.0911410202492727,62930.59595661657,5034.447676529326,5034.447676529326
0,123206.0,205608.0,Other,4.0,0.0,0.0,201.3023718,0.0,17.0,27.52750202,0.06435343418223458,0.4,123206.0,0.11957599848793242,184156.00587130254,14732.480469704204,14732.480469704202
1,,75252.0,,,,,,,,42.91960497,0.19537907952482123,0.4,0.0,0.17916360736590664,0.0,0.0,0.0
0,100416.0,161147.0,Mgr,1.0,0.0,0.0,216.0970496,1.0,18.0,38.46049988,0.12694110819448054,0.4,100416.0,0.1588881622240372,199436.4212236115,15954.913697888922,15954.91369788892
0,44605.0,65489.0,ProfExe,15.0,0.0,0.0,189.0084559,0.0,23.0,38.57108327,0.11212188188302556,0.4,44605.0,0.15195302048066536,84723.30598175098,6777.864478540078,6777.864478540078
0,69325.0,102438.0,Other,,2.0,1.0,222.6522749,2.0,13.0,43.5240978,0.6427132099309767,0.4,69325.0,0.1248934430096394,108227.97420804063,8658.23793664325,8658.23793664325
1,61429.0,84990.0,ProfExe,8.0,3.0,1.0,166.1793992,2.0,64.0,40.43670481,0.5286622134273322,0.4,61429.0,0.15478018577633645,118849.90040068215,9507.992032054572,9507.992032054572
0,101289.0,127485.0,Mgr,0.0,0.0,0.0,319.2508159,0.0,19.0,42.72323221,0.0835236988351549,0.4,101289.0,0.13479828432517235,170669.79276265478,13653.583421012383,13653.583421012383
0,52640.0,113391.0,ProfExe,16.0,0.0,0.0,257.5237966,0.0,19.0,27.79232371,0.04205628078389021,0.4,52640.0,0.09618568498947744,63290.18072307615,5063.214457846092,5063.214457846092
0,103130.0,120119.0,Other,7.0,0.0,0.0,292.7517427,1.0,19.0,30.68168891,0.05040845051628891,0.4,103130.0,0.10584677671275443,136449.72602982956,10915.978082386366,10915.978082386364
0,64290.0,87837.0,Other,2.0,0.0,0.0,309.005458,3.0,15.0,42.16835848,0.1351242375579076,0.4,64290.0,0.16225268228961853,130390.31180499468,10431.224944399575,10431.224944399575
0,82537.0,117610.0,Mgr,16.0,0.0,0.0,233.8485347,5.0,30.0,39.06489297,0.13707956413902275,0.4,82537.0,0.1630117985832937,168181.3102458664,13454.504819669311,13454.504819669313
0,52157.0,157459.0,ProfExe,19.0,0.0,0.0,248.7235332,0.0,28.0,21.92019846,0.024087740179343058,0.4,52157.0,0.06999628853610639,45634.95526472126,3650.796421177701,3650.7964211777007
0,62356.0,92299.0,Office,0.0,0.0,0.0,60.29414318,0.0,23.0,34.8169595,0.10182436365525775,0.4,62356.0,0.14640961655110568,114118.97562075932,9129.518049660746,9129.518049660746
0,7524.0,28639.0,Other,,0.0,0.0,60.32825275,1.0,18.0,42.35846148,0.322704193747441,0.4,7524.0,0.18606652768580106,17499.55692884959,1399.9645543079673,1399.9645543079673
0,43479.0,78631.0,Other,1.0,,1.0,301.4036915,1.0,10.0,38.25309688,0.19240942320457802,0.4,43479.0,0.17859895870821188,97066.3015709293,7765.304125674344,7765.3041256743445
0,172108.0,195892.0,ProfExe,10.0,0.0,0.0,276.7633406,0.0,38.0,24.4756899,0.02062747694502537,0.4,172108.0,0.0637271820055187,137099.47300757267,10967.957840605814,10967.957840605814
0,130291.0,168187.0,Office,3.0,0.0,0.0,140.6893429,0.0,20.0,24.78815021,0.035941261440992175,0.4,130291.0,0.0882372774072303,143706.53888331802,11496.523110665441,11496.523110665443
0,167104.0,200184.0,ProfExe,9.0,0.0,0.0,256.6483436,0.0,38.0,23.66867849,0.022103778568672627,0.4,167104.0,0.06646636330299104,138834.9396672877,11106.795173383016,11106.795173383014
0,22236.0,169461.0,Self,7.0,0.0,0.0,296.0801937,0.0,27.0,27.64001806,0.05230573117591523,0.4,22236.0,0.1078765417441979,29984.284777799807,2398.7427822239847,2398.7427822239847
0,75673.0,100335.0,ProfExe,8.0,0.0,0.0,93.15954491,0.0,16.0,33.51848053,0.1625423883776703,0.4,75673.0,0.17148769815955478,162212.35728534986,12976.98858282799,12976.98858282799
0,107199.0,132723.0,ProfExe,7.0,0.0,0.0,91.37193169,0.0,13.0,31.44261162,0.15510928700391913,0.4,107199.0,0.16926772485275646,226816.635456133,18145.33083649064,18145.33083649064
0,57429.0,86250.0,Office,5.0,,,175.5,,16.0,,0.06939141207175017,0.4,57429.0,0.12393664487829943,88969.46973394822,7117.557578715858,7117.557578715858
0,47400.0,80000.0,Other,12.0,0.0,0.0,95.36666667,1.0,10.0,,0.21228995160515152,0.4,47400.0,0.18194467000810255,107802.21697980077,8624.177358384062,8624.17735838406
0,43074.0,75700.0,,,,,,,,,0.12287613667008887,0.4,43074.0,0.1570986157876793,84585.82220548124,6766.865776438499,6766.865776438499
0,122000.0,158000.0,Office,2.0,,1.0,374.0333333,,52.0,,0.02218440847041895,0.4,122000.0,0.06661310618319832,101584.98692937744,8126.798954350195,8126.798954350195
0,145800.0,190300.0,ProfExe,13.0,,,109.6666667,1.0,24.0,,0.15059532929173658,0.4,145800.0,0.16782141624476302,305854.5311060806,24468.36248848645,24468.362488486448
1,42000.0,64000.0,Mgr,9.0,0.0,0.0,30.46666667,3.0,8.0,,0.3458950556586825,0.4,42000.0,0.18458192656757821,96905.51144797856,7752.440915838284,7752.440915838285
1,64758.0,119780.0,ProfExe,19.0,0.0,4.0,349.0,0.0,20.0,,0.48137157532534947,0.4,64758.0,0.16500790078202124,133569.77048552662,10685.58163884213,10685.581638842132
1,46300.0,72000.0,ProfExe,5.0,1.0,1.0,215.0333333,6.0,24.0,,0.4351633470862456,0.4,46300.0,0.17348515520611474,100404.53357553891,8032.362686043113,8032.362686043112
1,171106.0,200000.0,Other,9.8,3.0,0.0,153.1666667,0.0,26.0,,0.40690004500885496,0.4,171106.0,0.17782186663018185,380329.8538952987,30426.388311623894,30426.388311623894
1,93050.0,118000.0,Office,1.0,0.0,0.0,40.56666667,0.0,10.0,,0.14603675247800968,0.4,93050.0,0.1662817585796764,193406.47044798612,15472.51763583889,15472.517635838889
0,104176.0,165086.0,Other,,0.0,,254.7424804,,24.0,39.61320557,0.0983559018994709,0.4,104176.0,0.1443925500754277,188027.97870822196,15042.238296657757,15042.238296657755
1,105200.0,130000.0,Self,5.0,1.0,0.0,237.4333333,1.0,27.0,,0.21021401380900837,0.4,105200.0,0.18164145428523285,238858.51238508118,19108.680990806493,19108.680990806497
0,165988.0,217000.0,Office,13.0,0.0,0.0,214.0333333,1.0,32.0,,0.03749617823433108,0.4,165988.0,0.09033804413336348,187437.89087010923,14995.031269608739,14995.031269608737
1,100670.0,122581.0,Mgr,10.0,0.0,,81.25254742,0.0,27.0,41.86363105,0.2143186655211616,0.4,100670.0,0.18223109896481302,229315.05915984657,18345.204732787726,18345.204732787726
1,24658.0,47027.0,Mgr,19.0,0.0,0.0,159.1052252,4.0,31.0,53.54819585,0.35789409885782825,0.4,24658.0,0.18356290735978986,56578.67712097123,4526.294169677699,4526.294169677699
1,15100.0,23200.0,Other,3.2,1.0,1.0,64.9,3.0,21.0,,0.5785670123816524,0.4,15100.0,0.14252572886063955,26901.731322445714,2152.1385057956572,2152.1385057956572
0,105729.0,172555.0,Office,6.0,0.0,0.0,216.4390359,4.0,23.0,41.04674812,0.1010361241599101,0.4,105729.0,0.1459581697045846,192900.14155870033,15432.011324696026,15432.011324696026
0,42488.0,65636.0,Other,7.0,0.0,0.0,90.67644435,3.0,14.0,42.22671648,0.3605103224477117,0.4,42488.0,0.183319223507187,97360.83960466701,7788.867168373361,7788.867168373361
0,51994.0,66467.0,Other,7.0,0.0,0.0,100.1818877,3.0,15.0,41.15508261,0.32619241957113015,0.4,51994.0,0.18588600447672857,120811.96145953781,9664.956916763025,9664.956916763025
0,31442.0,57151.0,Other,16.0,0.0,0.0,100.0326359,1.0,17.0,39.90704163,0.23463587473379774,0.4,31442.0,0.18458796708922823,72547.68576524392,5803.814861219514,5803.814861219514
0,105111.0,176829.0,Office,6.0,0.0,0.0,211.4003375,4.0,24.0,41.41312385,0.10397066424466853,0.4,105111.0,0.14761864310917244,193954.2899481028,15516.343195848225,15516.343195848225
0,46406.0,64413.0,Other,16.0,0.0,0.0,285.7252577,0.0,22.0,30.77453617,0.04105546214241158,0.4,46406.0,0.09494017385266734,55072.421347586,4405.79370780688,4405.793707806881
0,129111.0,197592.0,ProfExe,12.0,0.0,0.0,207.1551738,0.0,21.0,36.14177784,0.09312355895074428,0.4,129111.0,0.1411945339494006,227872.09340926324,18229.76747274106,18229.76747274106
0,48730.0,115967.0,ProfExe,15.0,0.0,0.0,264.9150843,0.0,19.0,25.40820478,0.034707334083238936,0.4,48730.0,0.08652827762734655,52706.53710975746,4216.522968780597,4216.522968780598
0,58453.0,76731.0,Other,15.0,1.0,0.0,203.1410764,1.0,21.0,36.22872963,0.17636037377050828,0.4,58453.0,0.17511752285962384,127951.8070464199,10236.144563713591,10236.144563713593
0,22094.0,61820.0,ProfExe,5.0,0.0,0.0,201.1354777,0.0,13.0,28.8888762,0.07553172803931006,0.4,22094.0,0.128888040824049,35595.65467458173,2847.6523739665386,2847.6523739665386
0,73217.0,93033.0,Other,1.0,2.0,1.0,113.6945661,2.0,26.0,36.38416382,0.6193452285533312,0.4,73217.0,0.13154135942589784,120388.29641357453,9631.063713085963,9631.063713085961
0,68902.0,98737.0,Office,1.0,0.0,0.0,166.8165741,4.0,19.0,33.03507598,0.08998698864304086,0.4,68902.0,0.139183006856029,119874.84422992637,9589.987538394109,9589.98753839411
0,54483.0,81690.0,Other,16.0,0.0,0.0,198.7025164,0.0,21.0,37.74942653,0.10554168708395296,0.4,54483.0,0.1484852205028101,101124.00335818254,8089.920268654603,8089.920268654602
1,62334.0,91300.0,Mgr,8.0,0.0,1.0,92.33333333,4.0,13.0,,0.4526330179172931,0.4,62334.0,0.17047177489840934,132827.3452064681,10626.187616517449,10626.187616517447
0,73339.0,95426.0,Office,1.0,0.0,0.0,169.9797497,4.0,19.0,33.29929576,0.08993382548559276,0.4,73339.0,0.13914827786324704,127562.44437765844,10204.995550212676,10204.995550212674
0,101641.0,160839.0,Other,,1.0,,260.8349929,,23.0,37.12360431,0.1403833630652732,0.4,101641.0,0.16425687700919409,208690.4154511437,16695.233236091495,16695.233236091495
0,83591.0,109772.0,ProfExe,4.0,0.0,0.0,101.498812,1.0,25.0,37.07704153,0.1836294195386323,0.4,83591.0,0.1767868863170227,184722.40767657803,14777.792614126243,14777.792614126243
0,96401.0,115545.0,ProfExe,7.0,0.0,0.0,128.7145138,1.0,20.0,22.18728999,0.07070111545029016,0.4,96401.0,0.12502495228420768,150656.63031437382,12052.530425149906,12052.530425149904
0,153722.0,199812.0,ProfExe,13.0,,,121.9429162,0.0,24.0,29.80285908,0.09271102458313046,0.4,153722.0,0.14093412043798273,270808.4357745948,21664.674861967582,21664.674861967582
0,65206.0,13933.0,Other,7.0,,,57.59183135,0.0,16.0,42.50243535,0.30959349575827216,0.4,65206.0,0.18660188495730323,152094.53138157394,12167.562510525915,12167.562510525915
0,62215.0,76573.0,Other,18.0,0.0,0.0,199.8756458,1.0,21.0,36.02366277,0.10497204437483838,0.4,62215.0,0.1481727776604921,115232.11702684396,9218.569362147517,9218.569362147517
0,32417.0,97000.0,Other,6.0,0.0,0.0,130.8666667,0.0,15.0,,0.15097819789660916,0.4,32417.0,0.1679470686872805,68054.25157044464,5444.340125635571,5444.340125635572
0,57728.0,96552.0,Office,0.0,0.0,0.0,80.60236311,0.0,23.0,37.50810314,0.10780801932069747,0.4,57728.0,0.14970862491616121,108029.74373950192,8642.379499160154,8642.379499160155
0,24430.0,128837.0,Other,9.0,0.0,0.0,355.7984125,1.0,10.0,41.14774922,0.08308826074434347,0.4,24430.0,0.13449068203361578,41070.092026015416,3285.6073620812335,3285.6073620812335
0,31307.0,60202.0,ProfExe,18.0,0.0,0.0,170.5812991,1.0,20.0,35.60054495,0.12104390670022325,0.4,31307.0,0.15626504242683315,61152.371040710816,4892.1896832568655,4892.1896832568655
1,109000.0,135000.0,Office,3.0,0.0,0.0,98.43333333,13.0,14.0,,0.37962081931494684,0.4,109000.0,0.1813164581351149,247043.67420909405,19763.493936727526,19763.493936727526
0,83141.0,112096.0,Mgr,15.0,0.0,0.0,255.788289,5.0,31.0,35.514488,0.09726015208715934,0.4,83141.0,0.1437385931422898,149382.12965553894,11950.570372443115,11950.570372443115
0,84425.0,119351.0,Mgr,15.0,0.0,0.0,238.6686971,4.0,31.0,38.29827816,0.11213006847276936,0.4,84425.0,0.15195717745067217,160362.30882841247,12828.984706272997,12828.984706272997
0,50554.0,76140.0,Mgr,9.0,2.0,0.0,78.27662528,3.0,27.0,36.02690437,0.4743910493525993,0.4,50554.0,0.16639045457668636,105146.28800837253,8411.703040669803,8411.703040669801
0,53710.0,78082.0,Other,5.0,,,114.1426962,0.0,7.0,36.99134349,0.215369449203037,0.4,53710.0,0.1823756570760947,122442.45676946308,9795.396541557047,9795.396541557047
0,148542.0,195791.0,ProfExe,12.0,,,110.3276351,0.0,23.0,30.53661059,0.10598538174567787,0.4,148542.0,0.14872719688526775,276152.94099664304,22092.235279731445,22092.23527973144
0,73668.0,89061.0,Other,0.0,2.0,1.0,113.4535612,2.0,25.0,33.49881538,0.5795338258574089,0.4,73668.0,0.14227491468157502,131013.85518452837,10481.10841476227,10481.108414762268
0,31950.0,53814.0,ProfExe,17.0,0.0,0.0,178.4596372,1.0,20.0,37.13471233,0.12814089751620264,0.4,31950.0,0.1594009878922853,63660.76953948144,5092.861563158515,5092.861563158515
1,27747.0,43740.0,Office,7.0,1.0,0.0,167.6579808,1.0,16.0,35.08607055,0.1232704800925722,0.4,27747.0,0.1572758024836151,54549.14614391085,4363.931691512868,4363.931691512868
0,76807.0,103026.0,Mgr,13.0,0.0,0.0,169.2487527,0.0,27.0,34.87635872,0.08971367674784027,0.4,76807.0,0.13900423611649576,133456.22954249612,10676.498363399689,10676.49836339969
0,99714.0,126965.0,Mgr,0.0,0.0,1.0,301.753574,1.0,20.0,43.29094169,0.20495834847648328,0.4,99714.0,0.18082707320249633,225387.38471642148,18030.99077731372,18030.99077731372
1,152000.0,182000.0,Self,1.0,,,,,,,0.20715603987290002,0.4,152000.0,0.18117585630556407,344234.1269805717,27538.73015844574,27538.73015844574
0,39926.0,101208.0,Other,4.0,0.0,0.0,140.0516383,0.0,14.0,31.54569415,0.12222271472039639,0.4,39926.0,0.15680329622878308,78256.60506537992,6260.528405230393,6260.528405230393
0,33970.0,102792.0,Other,6.0,0.0,0.0,145.0202453,0.0,14.0,31.87421747,0.1200257295480028,0.4,33970.0,0.15579439713569848,66154.19588374597,5292.335670699677,5292.335670699677
0,98769.0,121140.0,Mgr,0.0,0.0,1.0,313.9245154,0.0,20.0,43.08554305,0.17163980463888362,0.4,98769.0,0.17394691239351526,214757.03237743888,17180.56259019511,17180.56259019511
0,146465.0,192854.0,ProfExe,13.0,,,110.6488068,1.0,23.0,29.97557603,0.11435439869454767,0.4,146465.0,0.15307265385175214,280247.32807996095,22419.786246396878,22419.786246396878
0,91004.0,116827.0,ProfExe,6.0,0.0,0.0,163.2821181,1.0,20.0,20.20603258,0.05172038866953876,0.4,91004.0,0.10725630783465508,122009.41297731189,9760.753038184952,9760.75303818495
0,51580.0,83518.0,Other,13.0,0.0,0.0,89.525932,0.0,9.0,7.148413213,0.0360333108821344,0.4,51580.0,0.08836325536599302,56972.208897224,4557.77671177792,4557.776711777919
1,96454.0,157809.0,Other,3.0,0.0,0.0,1168.233561,0.0,0.0,40.20613826,0.0007998908408055848,0.4,96454.0,0.006398243519146467,7714.202254946917,617.1361803957533,617.1361803957533
0,72752.0,106084.0,Office,11.0,0.0,0.0,193.7070998,1.0,13.0,30.68610563,0.04918463601121588,0.4,72752.0,0.10450711628125958,95038.77154617746,7603.101723694197,7603.101723694197
0,39928.0,106271.0,Other,6.0,0.0,0.0,129.1782772,0.0,14.0,31.92215492,0.13064535402213198,0.4,39928.0,0.1604495111402815,80080.35101011451,6406.428080809161,6406.42808080916
0,45036.0,78900.0,,,,,,,,40.02396798,0.1661400446867358,0.4,45036.0,0.1724930998618997,97104.99056725643,7768.399245380515,7768.399245380515
0,63508.0,12414.0,Other,5.0,,,64.40760462,1.0,16.0,40.57016916,0.3040443445524159,0.4,63508.0,0.1867579597453659,148257.8063438587,11860.624507508697,11860.624507508699
0,167450.0,200902.0,ProfExe,9.0,0.0,0.0,264.6979824,1.0,37.0,25.63079874,0.027982168635006893,0.4,167450.0,0.07648061122802198,160083.4793766535,12806.67835013228,12806.67835013228
0,51360.0,76100.0,Office,1.0,0.0,0.0,222.8321181,0.0,11.0,36.2633362,0.058909829177054174,0.4,51360.0,0.11452830208837926,73527.16994073948,5882.173595259158,5882.173595259159
0,39334.0,103578.0,Other,6.0,0.0,0.0,127.5305161,0.0,15.0,31.36762719,0.1249554582642048,0.4,39334.0,0.15802416497659338,77696.53131486656,6215.722505189325,6215.722505189324
0,53000.0,82800.0,Other,18.0,0.0,0.0,206.9666667,1.0,22.0,,0.09220855274299357,0.4,53000.0,0.14061525338009573,93157.60536431342,7452.608429145074,7452.608429145073
0,109812.0,172705.0,Office,5.0,0.0,0.0,204.1054149,3.0,23.0,43.33840721,0.11086455440680335,0.4,109812.0,0.1513100326433947,207695.71630795574,16615.657304636457,16615.65730463646
0,110745.0,173474.0,Office,6.0,0.0,0.0,217.4067053,4.0,23.0,42.22040715,0.10800232758916659,0.4,110745.0,0.14981207197750082,207386.72388935412,16590.93791114833,16590.93791114833
1,86219.0,126904.0,Other,0.0,0.0,0.0,,0.0,0.0,34.48084978,0.16546143510905204,0.4,86219.0,0.1723068037527241,185701.50390945148,14856.120312756118,14856.12031275612
1,178000.0,219300.0,ProfExe,12.0,0.0,0.0,214.3666667,0.0,26.0,,0.07444648994499861,0.4,178000.0,0.12804023623230562,284889.52561688,22791.162049350398,22791.1620493504
0,52677.0,80424.0,Mgr,9.0,2.0,0.0,65.84753037,2.0,28.0,34.9508231,0.435865521584289,0.4,52677.0,0.17336877024185146,114156.83387537512,9132.54671003001,9132.54671003001
0,71515.0,100771.0,Other,,1.0,1.0,223.1710844,2.0,13.0,40.70504371,0.4513622100977791,0.4,71515.0,0.17069910747110342,152594.3333849495,12207.54667079596,12207.54667079596
0,94543.0,127718.0,ProfExe,11.0,,,132.4078556,,24.0,30.85706709,0.10672614978054074,0.4,94543.0,0.14912850352028428,176238.20135397796,14099.056108318237,14099.056108318237
1,100077.0,122352.0,Office,3.0,0.0,0.0,58.86102746,0.0,9.0,38.12151833,0.16209903914280607,0.4,100077.0,0.17136074287382763,214365.86330730058,17149.269064584045,17149.26906458405
0,51333.0,77732.0,,,,,,,,37.39831656,0.14275472598677724,0.4,51333.0,0.16512217886654956,105952.71009695735,8476.216807756588,8476.21680775659
0,92663.0,152627.0,ProfExe,3.0,0.0,0.0,106.7126279,0.0,16.0,35.3676568,0.173796558550522,0.4,92663.0,0.1744904169959475,202110.06887619355,16168.805510095484,16168.805510095483
0,98718.0,122659.0,Mgr,0.0,0.0,1.0,324.2570838,0.0,20.0,42.54602091,0.15815974882889386,0.4,98718.0,0.1702025797644031,210025.7283647793,16802.058269182344,16802.058269182344
0,88909.0,140092.0,Mgr,13.0,0.0,0.0,163.5625044,1.0,25.0,33.00501666,0.09682190682062922,0.4,88909.0,0.1434747437491335,159452.44989989637,12756.19599199171,12756.19599199171
0,9475.0,30000.0,Other,0.0,1.0,0.0,33.46666667,2.0,4.0,,0.4984097724799496,0.4,9475.0,0.16149151518139554,19126.651329296536,1530.1321063437229,1530.1321063437226
0,105000.0,138375.0,Office,12.0,0.0,2.0,219.1333333,0.0,25.0,,0.15914251419923606,0.4,105000.0,0.17049663536615944,223776.83391808427,17902.146713446742,17902.146713446742
1,50000.0,89100.0,ProfExe,7.0,2.0,1.0,86.23333333,4.0,25.0,,0.686898933614182,0.4,50000.0,0.11168449443191847,69802.80901994904,5584.224721595923,5584.224721595923
1,47000.0,70000.0,Mgr,15.0,0.0,0.0,220.1666667,5.0,21.0,,0.1379364982756752,0.4,47000.0,0.1633392354644504,95961.8008353646,7676.944066829168,7676.944066829168
0,8861.0,170687.0,Mgr,23.0,0.0,0.0,76.78849548,2.0,20.0,31.58400286,0.16264661716782391,0.4,8861.0,0.17151744626360366,18997.7011417724,1519.816091341792,1519.816091341792
0,58474.0,89240.0,Office,6.0,,,172.8721456,,15.0,38.82378279,0.09160172831452773,0.4,58474.0,0.1402276866331336,102495.92185232317,8199.673748185854,8199.673748185854
0,52080.0,89913.0,Other,12.0,0.0,0.0,110.7603066,0.0,9.0,4.337283357,0.02666662854321364,0.4,52080.0,0.07435135799002769,48402.73405150803,3872.2187241206425,3872.218724120642
0,58638.0,13930.0,Other,4.0,,,69.00502714,0.0,16.0,42.50002486,0.2996241405078931,0.4,58638.0,0.18685115041126893,136957.22197269983,10956.577757815987,10956.577757815987
0,48835.0,72566.0,ProfExe,9.0,0.0,0.0,191.2753966,1.0,42.0,39.61242564,0.09336349217887494,0.4,48835.0,0.14134542347393195,86282.54694186834,6902.603755349467,6902.603755349467
0,10506.0,70945.0,Office,,0.0,0.0,247.7919915,0.0,22.0,39.75560513,0.04865218833100501,0.4,10506.0,0.10391659638639472,13646.847020443287,1091.747761635463,1091.747761635463
0,100446.0,121516.0,Mgr,0.0,0.0,0.0,306.1111041,1.0,20.0,43.02182338,0.10085473355352378,0.4,100446.0,0.14585370995044045,183130.27187102428,14650.421749681942,14650.421749681942
0,64000.0,90000.0,Mgr,9.0,0.0,0.0,195.8,2.0,19.0,,0.11930829066130039,0.4,64000.0,0.1554595379494918,124367.63035959343,9949.410428767475,9949.410428767475
1,117646.0,149975.0,Other,4.0,0.0,0.0,114.2136149,1.0,12.0,31.22280265,0.1594189218975695,0.4,117646.0,0.17057872201793742,250848.80413152833,20067.904330522266,20067.904330522266
1,94419.0,123705.0,Self,19.0,,2.0,92.7393804,0.0,22.0,84.37903408,0.9778902802693181,0.4,94419.0,0.008743785682030936,10319.743753895986,825.5795003116789,825.5795003116789
0,55169.0,86203.0,Other,18.0,0.0,0.0,223.6033292,1.0,22.0,33.7552728,0.07861666155180375,0.4,55169.0,0.131237347723925,90502.91545726523,7240.233236581219,7240.233236581219
1,109500.0,136000.0,ProfExe,12.0,2.0,0.0,183.9666667,3.0,32.0,,0.2875623157887216,0.4,109500.0,0.18695983646347425,255901.2761593804,20472.102092750432,20472.10209275043
0,33284.0,61824.0,Other,14.0,0.0,0.0,119.4730729,1.0,17.0,37.78452367,0.1933296323586798,0.4,33284.0,0.17877647330081722,74379.95171680501,5950.396137344401,5950.396137344401
0,53662.0,80055.0,Other,6.0,,,99.08554237,0.0,8.0,37.51829781,0.231898771779245,0.4,53662.0,0.1843224716242461,123638.90590375368,9891.112472300294,9891.112472300294
0,49984.0,84519.0,Other,12.0,0.0,0.0,92.81133323,0.0,10.0,7.614065422,0.03590605785561534,0.4,49984.0,0.08818904342794663,55100.51433378106,4408.041146702485,4408.041146702484
0,85984.0,112721.0,Mgr,18.0,0.0,0.0,239.1377941,4.0,31.0,36.03118029,0.09557646394116578,0.4,85984.0,0.14271765145735493,153392.93178636508,12271.434542909206,12271.434542909206
0,128876.0,162994.0,Office,2.0,,1.0,382.312217,,52.0,36.06796344,0.022912949154008953,0.4,128876.0,0.0679261413875575,109425.61746828575,8754.04939746286,8754.049397462859
0,33529.0,61209.0,Other,17.0,0.0,0.0,112.1587412,0.0,18.0,40.72529612,0.2041827290383592,0.4,33529.0,0.18070111109896586,75734.09442546533,6058.727554037227,6058.727554037227
0,49793.0,113200.0,ProfExe,16.0,0.0,0.0,251.1041979,0.0,19.0,25.03374576,0.03639415957880864,0.4,49793.0,0.08885512498586859,55304.540480266936,4424.363238421355,4424.363238421354
1,62351.0,84624.0,Mgr,0.0,1.0,0.0,88.12651678,1.0,22.0,54.24133474,0.6006318107508286,0.4,62351.0,0.13668328467196839,106529.24353227376,8522.339482581901,8522.339482581901
0,93040.0,113362.0,ProfExe,6.0,0.0,0.0,135.8138569,3.0,21.0,19.70439447,0.07319377356704385,0.4,93040.0,0.12704734432296125,147756.06144760392,11820.484915808314,11820.484915808314
0,32989.0,75950.0,ProfExe,9.0,0.0,0.0,283.1,0.0,19.0,,0.06033198339954272,0.4,32989.0,0.11588279952875502,47785.72092067625,3822.8576736541,3822.8576736540995
0,23921.0,134867.0,Other,9.0,0.0,0.0,374.1271833,0.0,10.0,38.8656552,0.057441398704331924,0.4,23921.0,0.11310185592039201,33818.868693396216,2705.5094954716974,2705.5094954716974
0,60999.0,89841.0,Office,0.0,0.0,0.0,82.10388101,0.0,22.0,36.27999035,0.10127053112480948,0.4,60999.0,0.1460928427844966,111393.96646264386,8911.517317011509,8911.517317011509
0,5700.0,24457.0,Other,,0.0,0.0,60.15632991,1.0,19.0,41.36387828,0.30338934750225316,0.4,5700.0,0.186773528748453,13307.613923327275,1064.609113866182,1064.609113866182
0,105135.0,147353.0,Office,11.0,0.0,2.0,225.6961276,0.0,24.0,43.00965053,0.24648334936344662,0.4,105135.0,0.18556231331635656,243863.67263143932,19509.093810515147,19509.093810515147
0,70709.0,97394.0,Mgr,0.0,0.0,0.0,94.86046638,0.0,17.0,25.55670764,0.1001280621436501,0.4,70709.0,0.14543306935228914,128542.83626038766,10283.426900831013,10283.426900831013
1,139534.0,172125.0,Other,0.0,0.0,0.0,101.9435185,6.0,17.0,32.76108398,0.28706848937007307,0.4,139534.0,0.1869596151330155,326090.2867246273,26087.222937970186,26087.222937970186
0,19349.0,133226.0,Other,9.0,0.0,0.0,342.3163573,1.0,9.0,40.14790835,0.08573975473773876,0.4,19349.0,0.1363393743475813,32975.381928141884,2638.0305542513506,2638.0305542513506
0,73557.0,95770.0,Mgr,0.0,0.0,0.0,70.02915918,0.0,17.0,25.59661737,0.11442778658357232,0.4,73557.0,0.15310898627848088,140777.97129607774,11262.23770368622,11262.237703686218
0,56745.0,83146.0,Other,11.0,0.0,0.0,85.25361922,0.0,10.0,7.862193632,0.03835347068813012,0.4,56745.0,0.09147212382945283,64882.32083377876,5190.585666702301,5190.585666702301
0,51454.0,68073.0,Office,1.0,0.0,0.0,130.9747908,0.0,17.0,32.30494412,0.06686271767482088,0.4,51454.0,0.12178334908208953,78328.00554587293,6266.240443669834,6266.240443669834
0,47488.0,77916.0,,,,,,,,37.3082467,0.14200342687662998,0.4,47488.0,0.1648505584954892,97855.2915229224,7828.423321833792,7828.423321833792
0,99137.0,121781.0,Mgr,4.0,0.0,1.0,302.1278732,1.0,20.0,39.51062834,0.1619951907128061,0.4,99137.0,0.17133090726521313,212315.40191939293,16985.232153551435,16985.232153551435
0,13830.0,85587.0,Other,20.0,0.0,0.0,229.5182951,3.0,40.0,35.31106586,0.07234942892141025,0.4,13830.0,0.1263693475101849,21846.100950823213,1747.688076065857,1747.688076065857
0,63701.0,14609.0,Other,4.0,,,62.3597382,1.0,17.0,41.87419791,0.32235178640146983,0.4,63701.0,0.18608389274394996,148171.62564602945,11853.730051682356,11853.730051682356
0,65021.0,95188.0,Mgr,1.0,0.0,0.0,73.0813375,0.0,16.0,27.44254252,0.12761900994769856,0.4,65021.0,0.15917876378614695,129374.53000173825,10349.96240013906,10349.96240013906
0,69174.0,95154.0,ProfExe,6.0,0.0,0.0,59.45925619,0.0,16.0,31.25482163,0.1706337473539154,0.4,69174.0,0.17368831849317265,150183.94679308406,12014.715743446724,12014.715743446724
0,90966.0,154351.0,ProfExe,4.0,0.0,0.0,103.9754422,0.0,17.0,35.40591994,0.17222655087981234,0.4,90966.0,0.17409623361945978,197960.47484284724,15836.83798742778,15836.837987427778
0,128219.0,162012.0,Office,1.0,,0.0,374.0237669,,52.0,37.88816696,0.012608248709049353,0.4,128219.0,0.04670502248729583,74855.89097873229,5988.4712782985835,5988.4712782985835
0,168732.0,224270.0,Office,12.0,0.0,0.0,217.6372546,0.0,32.0,41.5493313,0.05041212049618206,0.4,168732.0,0.10585075768573693,223255.12557287206,17860.410045829765,17860.410045829765
0,64620.0,91504.0,Office,6.0,,,178.574866,,16.0,37.72580119,0.08122182716787174,0.4,64620.0,0.13315394787342627,107555.10139476006,8604.408111580804,8604.408111580806
0,45748.0,82516.0,,,,,,,,39.31387802,0.15952834901601814,0.4,45748.0,0.17061114465459995,97563.98307073298,7805.118645658638,7805.118645658638
0,96435.0,130019.0,Office,27.0,0.0,0.0,274.2825562,3.0,16.0,32.46920265,0.03806380072141996,0.4,96435.0,0.09109080676543452,109804.27438030846,8784.341950424678,8784.341950424678
0,132878.0,199172.0,ProfExe,14.0,0.0,0.0,197.923806,0.0,22.0,35.33060397,0.09000747382883016,0.4,132878.0,0.13919638313353286,231201.71247521974,18496.13699801758,18496.13699801758
0,25589.0,90051.0,ProfExe,8.0,0.0,0.0,138.9905144,0.0,20.0,30.27109245,0.0976301585829067,0.4,25589.0,0.1439603326289383,46047.51189552377,3683.8009516419015,3683.800951641902
1,93619.0,130000.0,Office,9.0,2.0,5.0,210.9666667,2.0,18.0,,0.9142800163408737,0.4,93619.0,0.033205888579862335,38858.77603697665,3108.702082958132,3108.702082958132
0,170947.0,222227.0,Office,13.0,0.0,0.0,220.0164639,1.0,31.0,42.23579636,0.059837245367370256,0.4,170947.0,0.11541455935447367,246622.15847461513,19729.772677969213,19729.77267796921
0,68830.0,107598.0,Office,10.0,0.0,0.0,202.9341954,2.0,13.0,30.95751627,0.054248564245955304,0.4,68830.0,0.10989808980512768,94553.56901608672,7564.285521286938,7564.285521286938
0,4641.0,23636.0,Other,,0.0,0.0,63.53525475,1.0,19.0,40.44237823,0.2861549379395578,0.4,4641.0,0.18695821496912046,10845.913445896102,867.6730756716881,867.673075671688
0,16232.0,70592.0,Office,,0.0,0.0,242.3654026,0.0,22.0,39.44625142,0.04916133646518605,0.4,16232.0,0.10448137388377697,21199.270761018346,1695.9416608814677,1695.941660881468
0,74193.0,94078.0,ProfExe,7.0,0.0,0.0,81.4143517,0.0,15.0,32.03355046,0.16223764154763812,0.4,74193.0,0.17140050522943293,158958.97105609145,12716.717684487317,12716.717684487317
0,78142.0,102085.0,Mgr,12.0,0.0,0.0,160.3670328,0.0,27.0,34.09975711,0.09023005501059256,0.4,78142.0,0.1393415174331882,136105.3106908024,10888.424855264193,10888.424855264193
0,59936.0,12737.0,Other,5.0,,,63.39540036,0.0,17.0,40.44657932,0.27170903886230485,0.4,59936.0,0.18676034888080068,139920.85338149586,11193.668270519669,11193.668270519669
0,38955.0,80680.0,ProfExe,8.0,0.0,0.0,295.3007793,0.0,18.0,40.39095601,0.08235938791267124,0.4,38955.0,0.13397220864995724,65236.09234948855,5218.887387959084,5218.887387959084
0,9647.0,31920.0,Other,0.0,1.0,0.0,24.68623145,1.0,3.0,28.94036033,0.3848700458642026,0.4,9647.0,0.18070022569682817,21790.188466216267,1743.2150772973014,1743.2150772973014
0,43087.0,61438.0,Other,14.0,0.0,0.0,276.5624153,0.0,20.0,29.29517878,0.041556090689327536,0.4,43087.0,0.09556575561717087,51470.52140346302,4117.641712277042,4117.641712277042
0,99000.0,140000.0,,,,,,,,,0.12287613667008887,0.4,99000.0,0.1570986157876793,194409.53703725315,15552.762962980252,15552.762962980252
1,72000.0,103000.0,ProfExe,0.5,0.0,0.0,174.3,3.0,23.0,,0.149510778877702,0.4,72000.0,0.16746243368616298,150716.1903175467,12057.295225403735,12057.295225403735
0,170706.0,224233.0,Office,11.0,0.0,0.0,207.0346845,0.0,32.0,41.10248922,0.05231243145460095,0.4,170706.0,0.10788361099233684,230204.74622572318,18416.379698057855,18416.37969805785
0,46775.0,70236.0,ProfExe,9.0,0.0,0.0,179.0823743,1.0,41.0,40.43069541,0.10694299895032348,0.4,46775.0,0.14924534877991505,87261.88986475658,6980.951189180527,6980.951189180527
1,68958.0,99875.0,ProfExe,11.0,1.0,1.0,117.6666667,0.0,23.0,,0.3779233817633537,0.4,68958.0,0.1815097746854972,156456.88803453144,12516.551042762516,12516.551042762516
1,,115750.0,Other,,0.0,2.0,132.5333333,0.0,10.0,,0.4867463891361344,0.4,0.0,0.1639200642057328,0.0,0.0,0.0
1,71254.0,109200.0,Other,10.0,,,,,,,0.1206769329503639,0.4,71254.0,0.1560960277507436,139030.82951689357,11122.466361351486,11122.466361351484
1,27900.0,,Mgr,21.0,,,,,,,0.10886414128681779,0.4,27900.0,0.15026817856882257,52406.02727587687,4192.48218207015,4192.48218207015
1,145500.0,194000.0,Self,4.5,0.0,0.0,67.9,5.0,5.0,,0.5322772958289693,0.4,145500.0,0.15394027185848708,279978.8694426234,22398.309555409873,22398.30955540987
1,125000.0,165000.0,ProfExe,2.0,0.0,0.0,314.5,0.0,30.0,,0.04167294989917903,0.4,125000.0,0.09571104341342168,149548.50533347137,11963.88042667771,11963.88042667771
1,73400.0,94000.0,Mgr,9.0,0.0,0.0,270.0,2.0,14.0,,0.08923152253978821,0.4,73400.0,0.13868747300868456,127245.75648546808,10179.660518837447,10179.660518837447
0,99300.0,139150.0,ProfExe,10.0,0.0,0.0,162.3666667,1.0,23.0,,0.11941412029275607,0.4,99300.0,0.15550910194654535,193025.67279114944,15442.053823291955,15442.053823291953
0,69742.61,180000.0,Other,11.0,0.0,0.0,366.3,1.0,17.0,,0.044519452877346107,0.4,69742.61,0.09916657014625106,86451.69283434538,6916.13542674763,6916.135426747631
0,59964.0,100000.0,Office,8.0,,1.0,106.8333333,2.0,18.0,,0.20816273927260498,0.4,59964.0,0.18133164826583867,135917.13695765936,10873.370956612749,10873.370956612749
0,,90000.0,Other,8.0,0.0,0.0,181.7,1.0,16.0,,0.1265758591771236,0.4,0.0,0.15873067169830504,0.0,0.0,0.0
0,30000.0,46500.0,Self,5.0,1.0,,127.6,,11.0,,0.4236587189819809,0.4,30000.0,0.1753335811895587,65750.09294608452,5260.007435686762,5260.007435686761
0,79741.0,117600.0,Other,10.0,0.0,0.0,291.1666667,2.0,17.0,,0.0770720355996795,0.4,79741.0,0.13007210820248571,129650.99975218017,10372.079980174414,10372.079980174414
0,55746.0,105230.0,ProfExe,16.0,0.0,3.0,282.0666667,1.0,36.0,,0.3361563913527198,0.4,55746.0,0.18528570173458048,129111.70911119903,10328.936728895922,10328.936728895924
0,85704.0,94200.0,ProfExe,2.0,1.0,0.0,123.9,0.0,20.0,,0.23275457113523487,0.4,85704.0,0.18440715756051476,197555.38789457944,15804.431031566355,15804.431031566357
0,,73800.0,Sales,4.0,0.0,0.0,404.7666667,0.0,24.0,,0.07949036207218317,0.4,0.0,0.13188684610421783,0.0,0.0,0.0
0,125000.0,162975.0,ProfExe,7.0,0.0,0.0,178.5333333,0.0,38.0,,0.07248244555429609,0.4,125000.0,0.12647663243273155,197619.73817614303,15809.579054091442,15809.579054091444
0,13316.0,50150.0,Other,26.0,0.0,2.0,214.0333333,0.0,25.0,,0.2672286420240342,0.4,13316.0,0.1866294508683365,31064.472097034606,2485.1577677627683,2485.157767762769
0,32000.0,56373.0,Other,1.0,0.0,0.0,113.5666667,1.0,17.0,,0.18186678465477554,0.4,32000.0,0.17639653756533036,70558.61502613215,5644.689202090572,5644.689202090572
0,126324.0,171450.0,Mgr,26.0,,5.0,329.5666667,1.0,28.0,,0.6671229513082395,0.4,126324.0,0.11769539376053749,185846.91151757672,14867.752921406138,14867.752921406138
0,,64928.84,Office,8.0,0.0,0.0,122.6666667,2.0,5.0,,0.12788385388785906,0.4,0.0,0.1592916988422556,0.0,0.0,0.0
0,66820.0,100000.0,Other,5.0,0.0,0.0,217.2666667,1.0,13.0,,0.11379760488924094,0.4,66820.0,0.15279602656420904,127622.8811877556,10209.830495020447,10209.830495020447
0,56135.0,93234.0,ProfExe,18.0,0.0,0.0,630.0333333,1.0,24.0,,0.007842896255561692,0.4,56135.0,0.03406181854674241,23900.752301517314,1912.0601841213852,1912.0601841213852
0,81800.0,106600.0,Mgr,24.0,,1.0,313.7666667,1.0,43.0,,0.06335724451786025,0.4,81800.0,0.11867940282120332,121349.68938468039,9707.975150774431,9707.975150774431
0,61843.0,95595.0,Office,14.0,0.0,0.0,135.9666667,0.0,14.0,,0.07510922522197878,0.4,61843.0,0.1285593225716367,99381.17732247162,7950.494185797729,7950.494185797729
0,49034.0,98250.0,Office,2.0,0.0,4.0,167.3666667,0.0,47.0,,0.4456955148078513,0.4,49034.0,0.1716974819652633,105237.67913355902,8419.014330684722,8419.01433068472
0,74368.0,105000.0,Other,,0.0,0.0,180.6,2.0,25.0,,0.12005053615518396,0.4,74368.0,0.15580592752346456,144837.19022581266,11586.975218065014,11586.975218065012
0,145000.0,117500.0,ProfExe,5.0,0.0,0.0,96.4,3.0,34.0,,0.17352675244337934,0.4,145000.0,0.17442322988203657,316142.10416119127,25291.3683328953,25291.3683328953
0,56683.0,90600.0,Office,2.0,0.0,0.0,155.2,1.0,22.0,,0.06959108986849302,0.4,56683.0,0.12410373732045162,87932.15178168949,7034.572142535159,7034.5721425351585
0,135631.66,177000.0,Mgr,8.0,0.0,0.0,321.6333333,0.0,17.0,,0.049494664025653355,0.4,135631.66,0.1048487987405852,177760.2077773935,14220.81662219148,14220.81662219148
0,,128042.0,Other,0.0,0.0,0.0,314.5333333,3.0,21.0,,0.075051868891422,0.4,0.0,0.12851456586383922,0.0,0.0,0.0
0,29400.0,52000.0,Other,,0.0,0.0,219.1333333,0.0,13.0,,0.09887813353001167,0.4,29400.0,0.14470136097080874,53177.75015677221,4254.220012541777,4254.220012541777
0,132436.0,180000.0,ProfExe,22.0,0.0,0.0,221.1666667,1.0,24.0,,0.07938408793958955,0.4,132436.0,0.13180820931463624,218201.90010991457,17456.152008793164,17456.152008793164
0,83205.0,132000.0,Other,11.0,0.0,0.0,97.4,3.0,15.0,,0.23759034897392028,0.4,83205.0,0.18485722865507703,192263.07137807106,15381.045710245686,15381.045710245684
0,127826.0,277500.0,Mgr,3.0,0.0,0.0,193.8,0.0,15.0,,0.10722885532257481,0.4,127826.0,0.14939894258134648,238713.36543003994,19097.069234403196,19097.069234403196
0,39000.0,62000.0,Office,6.0,0.0,0.0,170.4333333,2.0,27.0,,0.0634153333174175,0.4,39000.0,0.11873200783693519,57881.85382050591,4630.548305640473,4630.548305640473
1,161000.0,204000.0,ProfExe,5.0,3.0,7.0,205.9333333,5.0,25.0,,0.9960855363968907,0.4,161000.0,0.0015600225231735987,3139.545327886867,251.16362623094938,251.1636262309494
1,117820.0,154000.0,Mgr,3.0,0.0,0.0,70.99812734,0.0,29.0,,0.15261722388442775,0.4,117820.0,0.1684786890093574,248126.98923853113,19850.15913908249,19850.159139082487
1,60336.0,132430.0,Other,25.0,1.0,0.0,258.6666667,1.0,21.0,,0.1159904824858107,0.4,60336.0,0.15387560473860368,116052.9810938549,9284.238487508394,9284.238487508392
1,151982.0,,Self,,2.0,5.0,146.5,1.0,43.0,,0.9664451276126388,0.4,151982.0,0.013217323525298186,25109.94080027336,2008.795264021869,2008.795264021869
1,78500.0,109725.0,ProfExe,9.8,,1.0,117.6666667,2.0,30.0,,0.2744315696385895,0.4,78500.0,0.18682347735847493,183320.5371580035,14665.642972640282,14665.642972640282
1,104000.0,139900.0,Other,15.0,1.0,1.0,95.36666667,4.0,49.0,,0.38860969144306357,0.4,104000.0,0.1802444763810002,234317.81929530023,18745.42554362402,18745.42554362402
1,16000.0,87300.0,Other,28.0,1.0,6.0,232.3333333,1.0,21.0,,0.9443985868985199,0.4,16000.0,0.02174461633358136,4348.923266716271,347.91386133730174,347.91386133730174
1,122000.0,166100.0,ProfExe,2.6,0.0,2.0,206.9666667,1.0,18.0,,0.3727864072818172,0.4,122000.0,0.1820767934674394,277667.1100378451,22213.368803027606,22213.368803027606
1,47696.03,112700.0,Other,16.0,0.0,3.0,123.7666667,0.0,23.0,,0.6052221077876251,0.4,47696.03,0.1354374838471098,80747.87865870331,6459.830292696265,6459.830292696264
1,14361.0,50000.0,Other,,0.0,1.0,216.0666667,1.0,10.0,,0.2310541321226925,0.4,14361.0,0.18423738526113004,33072.9136216886,2645.8330897350884,2645.8330897350884
1,143000.0,185625.0,Office,1.5,2.0,3.0,73.03333333,2.0,11.0,,0.8603443911983644,0.4,143000.0,0.05317210332516256,95045.13469372809,7603.610775498248,7603.610775498247
1,21300.0,308600.0,ProfExe,2.0,1.0,0.0,274.9,0.0,30.0,,0.08992425381653305,0.4,21300.0,0.13914202285934893,37046.56358630165,2963.7250869041322,2963.7250869041322
1,11000.0,75000.0,Other,7.0,1.0,3.0,267.8333333,1.0,23.0,,0.588195529448736,0.4,11000.0,0.14000641918881063,19250.88263846146,1540.0706110769167,1540.070611076917
1,116932.0,138072.0,Other,19.0,0.0,0.0,171.4666667,2.0,23.0,,0.12191791366941401,0.4,116932.0,0.15666479994273996,228989.10483630587,18319.12838690447,18319.12838690447
1,70862.0,201500.0,Mgr,9.3,0.0,1.0,290.1667057,1.0,25.0,,0.11498388293371778,0.4,70862.0,0.15338332858964554,135863.11788149326,10869.04943051946,10869.049430519462
1,87800.0,163800.0,Mgr,14.0,2.0,6.0,244.0666667,,25.0,,0.9648728842741499,0.4,87800.0,0.013829329194974172,15177.688791484154,1214.2151033187324,1214.2151033187322
1,86019.0,94350.0,Other,3.7,0.0,1.0,119.7,0.0,16.0,,0.2931667033406382,0.4,86019.0,0.18693632305482388,201000.9446606612,16080.075572852895,16080.075572852895
1,142500.0,190000.0,Mgr,0.2,2.0,4.0,313.5333333,3.0,18.0,,0.8636884130728021,0.4,142500.0,0.05195583681786001,92546.33433181314,7403.706746545051,7403.706746545051
1,107000.0,146400.0,Office,0.1,0.0,2.0,234.3333333,2.0,32.0,,0.1724555674464022,0.4,107000.0,0.1741542188656302,232931.2677327804,18634.501418622433,18634.501418622433
1,77900.0,105400.0,Mgr,4.0,0.0,0.0,110.6,0.0,17.0,,0.15706607522796853,0.4,77900.0,0.16987127948108138,165412.158394703,13232.97267157624,13232.972671576239
0,23140.0,47548.0,Other,1.0,,,322.0045958,,24.0,35.45950962,0.05437957687626762,0.4,23140.0,0.11003240152674432,31826.87214161079,2546.149771328863,2546.1497713288636
0,27782.0,58313.0,ProfExe,16.0,0.0,0.0,185.1706372,1.0,20.0,38.68480699,0.1365288329819037,0.4,27782.0,0.162799681464297,56536.25938051374,4522.900750441099,4522.900750441099
0,,78232.0,Sales,2.0,0.0,0.0,399.7418818,0.0,23.0,23.94885433,0.04193311055565329,0.4,0.0,0.09603349870884902,0.0,0.0,0.0
0,22036.0,51068.0,Other,25.0,0.0,2.0,210.7198667,0.0,25.0,29.16004451,0.202267950767948,0.4,22036.0,0.18038366890173943,49686.68159898413,3974.93452791873,3974.93452791873
0,28440.0,91704.0,ProfExe,10.0,0.0,0.0,143.6374388,0.0,20.0,30.20689334,0.093688944931745,0.4,28440.0,0.1415494288698714,50320.82196323928,4025.6657570591424,4025.665757059143
0,9722.0,173518.0,Mgr,21.0,0.0,0.0,89.21195484,2.0,20.0,31.12087741,0.15058336841179196,0.4,9722.0,0.1678174818278707,20394.019479131985,1631.5215583305587,1631.521558330559
0,105422.0,146613.0,,,,,,,,38.03985503,0.14820217943250194,0.4,105422.0,0.1670232444457562,220099.05594950638,17607.92447596051,17607.92447596051
0,,26507.0,ProfExe,7.0,0.0,0.0,92.42667382,1.0,19.0,20.68374038,0.08008031037848963,0.4,0.0,0.1323215450186603,0.0,0.0,0.0
0,,130063.0,Other,2.0,0.0,0.0,323.9019547,2.0,21.0,32.31441938,0.05277266634269891,0.4,0.0,0.10836755573394935,0.0,0.0,0.0
0,129682.0,180746.0,Mgr,24.0,,4.0,322.2002586,0.0,27.0,30.89117139,0.39728614956518415,0.4,129682.0,0.17913468344767247,290381.80023576325,23230.54401886106,23230.544018861063
0,78915.0,119400.0,Mgr,18.0,0.0,0.0,232.8267062,4.0,30.0,36.64867972,0.10480225483278592,0.4,78915.0,0.14807926118660172,146070.93620675843,11685.674896540675,11685.674896540675
0,74013.0,106578.0,Mgr,13.0,1.0,0.0,164.4458113,0.0,27.0,33.91624415,0.14583569927044618,0.4,74013.0,0.16621197169591354,153773.08326412062,12301.84666112965,12301.846661129648
0,14749.0,74584.0,Office,,0.0,0.0,252.6059316,0.0,22.0,38.80187707,0.04449810384616464,0.4,14749.0,0.09914123328431215,18277.925621379,1462.23404971032,1462.2340497103198
0,38614.0,56295.0,Self,3.0,1.0,,132.6165215,,11.0,25.7926535,0.28016571899612225,0.4,38614.0,0.18691677299731077,90220.05340647697,7217.604272518158,7217.604272518158
0,20153.0,94279.0,Other,21.0,0.0,0.0,227.1825172,2.0,40.0,36.6966301,0.07030395622691514,0.4,20153.0,0.12469683271221164,31412.690870615017,2513.0152696492014,2513.0152696492014
0,,22971.0,ProfExe,5.0,0.0,0.0,102.7266545,1.0,18.0,18.50780264,0.06823250972230621,0.4,0.0,0.12295843376882609,0.0,0.0,0.0
0,70491.0,100797.0,Other,,2.0,0.0,247.0372719,2.0,14.0,40.27214938,0.35661681008347473,0.4,70491.0,0.18367912426409275,161846.56435625203,12947.725148500162,12947.725148500162
1,16755.0,29412.0,Other,3.0,1.0,0.0,62.0501108,2.0,21.0,58.1321829,0.7318102692913033,0.4,16755.0,0.09748055749949272,20416.084261300006,1633.2867409040005,1633.2867409040005
1,54098.0,88939.0,,,,,,,,,0.12287613667008887,0.4,54098.0,0.1570986157876793,106234.01146102345,8498.720916881875,8498.720916881875
0,62661.0,87329.0,Other,18.0,0.0,0.0,198.3413433,0.0,22.0,32.83817817,0.07536241744285599,0.4,62661.0,0.1287565179481561,100850.15213936762,8068.01217114941,8068.012171149409
0,36486.0,46883.0,Self,3.0,0.0,,117.783379,,10.0,24.85145676,0.18482011974688145,0.4,36486.0,0.17704545333829178,80746.00513126142,6459.680410500914,6459.680410500914
0,54257.0,68830.0,ProfExe,10.0,0.0,0.0,201.0564204,0.0,41.0,37.18018131,0.06826593056701984,0.4,54257.0,0.12298684682996303,83411.2168556663,6672.8973484533035,6672.8973484533035
0,45764.0,79967.0,,,,,,,,38.64772791,0.15352111047415962,0.4,45764.0,0.1687675436474442,96543.47334352047,7723.477867481638,7723.477867481636
0,59726.0,79982.0,Mgr,8.0,1.0,0.0,74.21075866,2.0,28.0,36.84692179,0.3191447423791292,0.4,59726.0,0.1862344802256054,139038.00707443137,11123.04056595451,11123.040565954509
0,57192.0,82870.0,Other,5.0,,,91.70143677,0.0,7.0,36.6352308,0.2342392373616163,0.4,57192.0,0.18455045635688605,131935.12124953786,10554.809699963029,10554.809699963027
0,104183.0,139637.0,ProfExe,10.0,0.0,0.0,162.0041808,1.0,23.0,34.62420281,0.11789929986293986,0.4,104183.0,0.15479404338318614,201586.34777238104,16126.907821790483,16126.907821790483
0,72775.0,102308.0,Office,8.0,0.0,0.0,206.4788452,2.0,13.0,32.78297142,0.060599897734781,0.4,72775.0,0.11613506148176206,105646.61374169042,8451.729099335234,8451.729099335234
0,171132.0,201214.0,ProfExe,11.0,0.0,0.0,250.9230696,0.0,38.0,25.96553266,0.026272233361334902,0.4,171132.0,0.07370127050898724,157658.07280930007,12612.645824744006,12612.645824744004
0,137009.0,286955.0,Mgr,3.0,0.0,0.0,196.9841162,0.0,14.0,30.08535009,0.08002865553819444,0.4,137009.0,0.13228360693795024,226550.5587870203,18124.044702961626,18124.044702961626
0,84965.0,110676.0,Mgr,18.0,0.0,0.0,244.02973,5.0,30.0,38.62783022,0.12526263589744513,0.4,84965.0,0.1581590818708739,167974.82988948503,13437.986391158804,13437.986391158802
0,105278.0,180304.0,Office,6.0,0.0,0.0,218.6578187,3.0,24.0,41.80676309,0.09092765983911372,0.4,105278.0,0.13979396715102074,183965.36592156452,14717.229273725161,14717.229273725161
0,9297.0,26699.0,Other,,0.0,0.0,55.70549729,2.0,18.0,41.71895839,0.34858927630710973,0.4,9297.0,0.18436745724183468,21425.803124716713,1714.064249977337,1714.0642499773369
0,88020.0,139200.0,Other,10.0,0.0,0.0,99.04640244,3.0,15.0,39.91695729,0.3049392103403578,0.4,88020.0,0.1867357080198232,205455.96274881047,16436.47701990484,16436.477019904836
0,25956.0,92553.0,ProfExe,7.0,0.0,0.0,156.2693203,0.0,21.0,28.2904395,0.07746223224517616,0.4,25956.0,0.13036853698888032,42298.07182604222,3383.845746083378,3383.8457460833774
0,125647.0,166423.0,Office,1.0,,0.0,395.1487613,,51.0,36.13250999,0.01012459899656343,0.4,125647.0,0.04043722801779353,63510.2048593963,5080.816388751704,5080.816388751704
0,61303.0,97780.0,ProfExe,17.0,0.0,1.0,632.1031857,1.0,24.0,20.73703901,0.006542318465421286,0.4,61303.0,0.030085193244132863,23053.90751806346,1844.312601445077,1844.312601445077
0,,72469.0,Office,8.0,0.0,0.0,120.303257,2.0,5.0,20.50577116,0.05280464705960749,0.4,0.0,0.10840106476610292,0.0,0.0,0.0
0,137000.0,174685.0,ProfExe,6.0,,,183.6666667,5.0,43.0,,0.11662384105914703,0.4,137000.0,0.15418252221973539,264037.56930129684,21123.005544103748,21123.005544103748
0,35819.0,49843.0,Self,4.0,0.0,,121.1022295,,11.0,27.0375129,0.2003546065632591,0.4,35819.0,0.1800571549062422,80618.3403948336,6449.467231586688,6449.467231586689
0,51588.0,121752.0,ProfExe,14.0,0.0,0.0,253.2489667,0.0,20.0,26.43068063,0.03906314201232106,0.4,51588.0,0.09239836739310314,59583.087213442566,4766.646977075406,4766.646977075405
0,153084.0,196968.0,Other,6.0,0.0,0.0,,1.0,16.0,32.01179994,0.11284035930202428,0.4,153084.0,0.15231640127361631,291465.0496571285,23317.20397257028,23317.20397257028
0,45088.0,65211.0,Office,10.0,0.0,2.0,118.5696695,1.0,22.0,43.45451215,0.43324033006906965,0.4,45088.0,0.17380181680004447,97954.70394850506,7836.376315880405,7836.376315880405
1,33000.0,62400.0,Other,1.0,0.0,0.0,123.8,2.0,2.0,,0.25198214776729355,0.4,33000.0,0.1859217754509063,76692.73237349885,6135.418589879908,6135.418589879908
0,61477.0,98143.0,Office,1.0,0.0,0.0,156.9290889,0.0,21.0,36.09986835,0.06775169812764009,0.4,61477.0,0.12254831854497128,94173.78723986499,7533.9029791892,7533.902979189199
0,51449.0,69060.0,Office,2.0,0.0,0.0,216.218081,0.0,12.0,33.33358202,0.04918008326313317,0.4,51449.0,0.10450208690262908,67206.59836316704,5376.527869053363,5376.527869053363
0,,68031.0,Office,6.0,0.0,0.0,120.593465,1.0,4.0,18.32048799,0.04173581128765553,0.4,0.0,0.09578908237245701,0.0,0.0,0.0
0,34676.0,62987.0,Other,1.0,0.0,0.0,112.7990866,0.0,17.0,22.09304595,0.07555406698659213,0.4,34676.0,0.1289053735942339,55874.034184420685,4469.922734753655,4469.922734753654
0,59347.0,97816.0,ProfExe,18.0,0.0,0.0,618.7358902,1.0,24.0,21.66864227,0.003418496895003706,0.4,59347.0,0.019022227125163882,14111.40141496376,1128.9121131971008,1128.912113197101
0,41479.0,70102.0,Office,5.0,0.0,0.0,172.9117149,2.0,26.0,33.83467117,0.06020086036565736,0.4,41479.0,0.11575900428109825,60019.59673219593,4801.567738575674,4801.567738575674
1,82181.0,119535.0,Office,41.0,0.0,0.0,105.2192968,3.0,28.0,52.73486061,0.2284932874189056,0.4,82181.0,0.18397019664414144,188985.68413015237,15118.85473041219,15118.854730412188
0,130401.0,171686.0,ProfExe,7.0,0.0,0.0,178.9425448,0.0,38.0,20.32713791,0.02806226674127531,0.4,130401.0,0.07660835819940062,124872.58146950051,9989.80651756004,9989.80651756004
0,59809.0,107994.0,ProfExe,15.0,0.0,3.0,263.9912932,0.0,36.0,26.50856379,0.2192112482629653,0.4,59809.0,0.18288244170128598,136725.19944640266,10938.015955712213,10938.015955712213
0,90048.0,129230.0,ProfExe,13.0,,,134.9425973,,25.0,30.23655406,0.09809075728074741,0.4,90048.0,0.14423505744519657,162350.98066031325,12988.07845282506,12988.07845282506
0,71387.0,107363.0,Other,4.0,0.0,0.0,219.8747302,0.0,13.0,29.5672214,0.07204794412963235,0.4,71387.0,0.12612552281157582,112546.53371187454,9003.722696949962,9003.722696949962
0,37056.0,55027.0,Other,,0.0,0.0,223.5536916,0.0,13.0,40.32604931,0.13435259454921092,0.4,37056.0,0.16194846810041344,75014.53042411151,6001.162433928921,6001.16243392892
0,82996.0,118224.0,Other,11.0,0.0,0.0,287.6116049,1.0,16.0,34.18708305,0.06756492367902073,0.4,82996.0,0.12238832350693439,126971.76622226909,10157.741297781527,10157.741297781527
0,36360.0,57905.0,Other,,0.0,0.0,214.9704843,0.0,12.0,39.26309424,0.1344734776635116,0.4,36360.0,0.1619963002620975,73627.31846912332,5890.185477529865,5890.185477529865
0,153896.0,200279.0,Other,7.0,0.0,0.0,,2.0,16.0,29.07518765,0.10554995361035117,0.4,153896.0,0.14848973985642075,285649.7125617966,22851.97700494373,22851.97700494373
0,21281.0,90551.0,Other,22.0,0.0,0.0,219.0882238,2.0,41.0,37.15549756,0.07360395693515481,0.4,21281.0,0.1273741524764487,33883.11673564131,2710.649338851305,2710.649338851305
1,63803.0,89079.0,ProfExe,21.0,0.0,4.0,323.8085733,4.0,28.0,45.8759169,0.7612029849101035,0.4,63803.0,0.08779931592384448,70023.2469236131,5601.859753889048,5601.859753889049
0,37388.0,55703.0,Other,,0.0,0.0,222.733567,0.0,12.0,39.81473684,0.13352115570428572,0.4,37388.0,0.1616177062521562,75532.0350169452,6042.562801355616,6042.562801355616
1,77325.0,133075.0,Office,19.0,1.0,0.0,166.1260891,4.0,21.0,40.73602194,0.20323909095921566,0.4,77325.0,0.1805458267406814,174508.82565903987,13960.70605272319,13960.70605272319
1,180254.0,220843.0,ProfExe,11.0,0.0,0.0,217.1281672,0.0,25.0,41.56310065,0.11410382651222985,0.4,180254.0,0.15294837722655627,344619.4598574459,27569.556788595673,27569.556788595673
1,66667.0,92158.0,ProfExe,9.0,3.0,1.0,174.8921056,2.0,64.0,40.545681,0.5159597325203977,0.4,66667.0,0.1576683954469493,131390.9864907721,10511.27891926177,10511.27891926177
0,94781.0,125948.0,ProfExe,12.0,,,148.6556875,,24.0,33.18367731,0.11218698493062537,0.4,94781.0,0.15198606784675658,180067.39370729294,14405.391496583436,14405.391496583436
0,13838.0,30813.0,Other,0.0,0.0,0.0,39.64588729,1.0,3.0,29.98518301,0.2548948860793764,0.4,13838.0,0.18608927742292136,32188.79276222982,2575.1034209783857,2575.1034209783857
0,173975.0,219297.0,Office,12.0,0.0,0.0,198.5572405,0.0,32.0,40.7848993,0.05339183067341646,0.4,173975.0,0.1090135789930648,237070.4675664806,18965.637405318448,18965.637405318448
0,29985.0,54038.0,ProfExe,15.0,0.0,0.0,177.5936728,1.0,20.0,35.55430368,0.11850868540398755,0.4,29985.0,0.15508315373861106,58127.10456065316,4650.168364852253,4650.168364852253
0,86559.0,123114.0,Other,9.0,0.0,0.0,280.7932257,2.0,16.0,34.43917111,0.08158601685883564,0.4,86559.0,0.13341712695884494,144355.66365538325,11548.45309243066,11548.45309243066
0,99781.0,128452.0,Office,23.0,0.0,0.0,265.9508455,2.0,16.0,33.79937887,0.03936819870057272,0.4,99781.0,0.09279309435902912,115737.34685297855,9258.987748238284,9258.987748238285
0,,94446.0,Other,6.0,0.0,0.0,184.82429,1.0,16.0,40.77586435,0.17759331431570016,0.4,0.0,0.17541187208737355,0.0,0.0,0.0
0,153958.0,195834.0,Other,9.0,0.0,0.0,,1.0,15.0,31.13462438,0.10720412816896147,0.4,153958.0,0.1493856759031982,287488.99863380735,22999.119890704587,22999.11989070459
0,44746.0,63433.0,Office,5.0,0.0,0.0,176.3284966,2.0,26.0,36.67687831,0.07082912812435742,0.4,44746.0,0.12513036218211068,69988.53982750906,5599.083186200724,5599.083186200724
1,19265.0,43962.0,Office,5.0,2.0,0.0,177.9047071,1.0,15.0,35.40463887,0.20144014952361208,0.4,19265.0,0.18024355324394248,43404.900665556896,3472.392053244552,3472.392053244552
0,68928.0,98587.0,Office,13.0,0.0,0.0,153.5781354,0.0,13.0,36.17609184,0.0761609708798414,0.4,68928.0,0.12937445470709694,111469.03017563472,8917.522414050778,8917.522414050778
0,38267.0,68684.0,Office,12.0,0.0,1.0,121.4533629,0.0,22.0,42.20643322,0.2132954957649108,0.4,38267.0,0.18208785374640157,87099.44874141937,6967.95589931355,6967.955899313549
0,81823.0,114832.0,Mgr,18.0,0.0,0.0,234.3920415,4.0,31.0,35.20581884,0.09315565814053102,0.4,81823.0,0.14121474472819992,144432.67572369377,11554.614057895502,11554.614057895502
0,132443.0,204082.0,ProfExe,13.0,0.0,0.0,187.0186916,0.0,22.0,36.82188744,0.10523607954451784,0.4,132443.0,0.14831784748665772,245545.7584334426,19643.660674675408,19643.660674675408
0,76305.0,103430.0,ProfExe,8.0,0.0,0.0,68.44158303,0.0,16.0,31.51559341,0.1638117854776089,0.4,76305.0,0.17184746267390838,163910.25799165724,13112.82063933258,13112.820639332578
0,83188.0,113181.0,Mgr,25.0,,0.0,321.5609396,1.0,42.0,37.69667921,0.034948515787863364,0.4,83188.0,0.08686531874617784,90326.90169821301,7226.152135857041,7226.152135857042
0,52109.0,100316.0,Office,0.0,0.0,4.0,166.9381999,0.0,46.0,35.52622751,0.4665667247431813,0.4,52109.0,0.1678985493484312,109362.81884996752,8749.025507997401,8749.025507997401
0,41985.0,100096.0,Other,4.0,0.0,0.0,141.0330881,0.0,14.0,32.93078188,0.13207532971168934,0.4,41985.0,0.16103510841992807,84513.23783763351,6761.059027010681,6761.05902701068
0,60393.0,98247.0,Office,3.0,0.0,0.0,149.5711997,0.0,22.0,34.34224939,0.060942723267319907,0.4,60393.0,0.11645653316767474,87914.49259494226,7033.159407595381,7033.15940759538
0,82638.0,109915.0,Other,,0.0,0.0,176.3666652,1.0,25.0,37.86483283,0.13071312884926908,0.4,82638.0,0.16047747873622376,165769.22359755076,13261.537887804061,13261.53788780406
0,93761.0,94895.0,ProfExe,1.0,1.0,0.0,118.276051,0.0,20.0,33.70161545,0.22576622970437846,0.4,93761.0,0.18367023043356123,215263.80594601418,17221.104475681135,17221.104475681135
0,64123.0,103728.0,Office,8.0,,1.0,112.5822669,1.0,17.0,35.84627282,0.19580248219026392,0.4,64123.0,0.17924218444886553,143669.33241768254,11493.546593414603,11493.546593414605
1,25984.0,95541.0,Other,28.0,1.0,5.0,248.4048782,0.0,21.0,17.80584889,0.6573045991860068,0.4,25984.0,0.12062081559633087,39177.64090568826,3134.211272455061,3134.211272455061
0,37437.0,65004.0,Other,1.0,0.0,0.0,120.4267161,0.0,17.0,22.52545512,0.07447504031204022,0.4,37437.0,0.1280626859203452,59928.53465999954,4794.282772799963,4794.282772799963
0,86236.0,138729.0,Other,11.0,0.0,0.0,97.86217257,3.0,14.0,38.6994411,0.292349852192079,0.4,86236.0,0.18694270176956518,201514.8853725028,16121.190829800224,16121.190829800224
1,113963.0,131135.0,Self,3.0,1.0,0.0,243.6806039,1.0,26.0,143.949605,0.9978229203956529,0.4,113963.0,0.0008685733676969676,1237.315333785619,98.98522670284953,98.98522670284952
0,,130396.0,Other,0.0,0.0,0.0,305.6564224,3.0,21.0,31.58225278,0.06395333880304037,0.4,0.0,0.11921731396753138,0.0,0.0,0.0
0,173061.0,220886.0,Office,13.0,0.0,0.0,213.9143599,1.0,32.0,43.79573429,0.06693802839481311,0.4,173061.0,0.12184849408024297,263590.2779252616,21087.222234020926,21087.222234020926
0,47130.0,66415.0,Office,4.0,0.0,0.0,170.9255245,2.0,26.0,33.58241575,0.060278065468418254,0.4,47130.0,0.11583192133037111,68239.48065375487,5459.15845230039,5459.15845230039
0,41899.0,65418.0,Office,12.0,0.0,2.0,113.4824598,1.0,22.0,43.20659883,0.43309978188925796,0.4,41899.0,0.17382484101515958,91038.58767117713,7283.08701369417,7283.087013694171
0,169689.0,198931.0,ProfExe,9.0,0.0,0.0,258.6200419,1.0,37.0,26.36612627,0.030423420163350968,0.4,169689.0,0.0802815637684819,170286.22842887408,13622.898274309926,13622.898274309926
0,67852.0,97944.0,Office,14.0,0.0,0.0,141.0053448,0.0,14.0,36.6093894,0.08154522003618993,0.4,67852.0,0.13338770249949197,113132.77987494411,9050.62238999553,9050.62238999553
0,59969.0,90311.0,Office,5.0,,,151.5753417,,15.0,36.50493346,0.08948908015680974,0.4,59969.0,0.13885690321464725,104088.87036098976,8327.109628879181,8327.109628879181
0,53438.0,118731.0,ProfExe,14.0,0.0,0.0,258.5210694,0.0,20.0,26.14692719,0.037209273114868234,0.4,53438.0,0.08995472663764027,60087.50852577777,4807.000682062221,4807.000682062221
0,183000.0,230000.0,ProfExe,2.0,0.0,0.0,288.8666667,1.0,27.0,,0.05827242679800525,0.4,183000.0,0.11391265431914573,260575.19675504585,20846.01574040367,20846.01574040367
0,89269.0,132500.0,ProfExe,,0.0,0.0,203.9,0.0,21.0,,0.09033078344376837,0.4,89269.0,0.139407074173401,155559.1263048167,12444.730104385335,12444.730104385335
1,52031.0,64975.0,Other,2.5,1.0,3.0,105.5333333,2.0,33.0,,0.7773213348166437,0.4,52031.0,0.08236981225295836,53572.29626667095,4285.783701333676,4285.783701333677
0,87892.0,136867.0,Other,10.0,0.0,0.0,96.92964469,3.0,15.0,40.16291939,0.3111878151651502,0.4,87892.0,0.18654914573941128,204952.21896660418,16396.177517328335,16396.177517328335
0,80441.0,100505.0,Mgr,7.0,0.0,0.0,87.44666334,7.0,23.0,38.49506596,0.37140211847586474,0.4,80441.0,0.18222490661339114,183229.42141109743,14658.353712887794,14658.353712887796
0,76620.0,185666.0,Other,8.0,0.0,0.0,360.6400541,1.0,16.0,33.75431861,0.04455704599604881,0.4,76620.0,0.09921116464104612,95019.49293496192,7601.559434796954,7601.559434796954
0,39147.0,58049.0,Other,,0.0,0.0,202.9030543,0.0,12.0,38.64601873,0.1379062779649868,0.4,39147.0,0.16332774213711856,79922.38901802227,6393.791121441782,6393.791121441781
1,106839.0,144460.0,Other,13.0,1.0,1.0,107.6713817,4.0,49.0,39.68708944,0.45438626211837624,0.4,106839.0,0.17015609339351945,227241.3357758778,18179.30686207022,18179.306862070225
1,85884.0,103546.0,Other,5.0,9.0,0.0,39.98582958,5.0,16.0,34.06826893,0.9908265837331461,0.4,85884.0,0.0036463485685284793,3914.5375057437486,313.16300045949987,313.1630004594999
0,64113.0,98322.0,ProfExe,16.0,0.0,0.0,634.4618926,1.0,23.0,19.57431626,0.002802223800591533,0.4,64113.0,0.01646568425948045,13195.805186600875,1055.66441492807,1055.66441492807
0,67086.0,108006.0,Office,6.0,,1.0,116.3286575,2.0,18.0,36.96632523,0.2252916145706061,0.4,67086.0,0.18361637839777895,153976.10451491748,12318.088361193399,12318.088361193399
0,91180.0,98088.0,ProfExe,2.0,1.0,0.0,125.6768499,0.0,20.0,36.53740053,0.2517575035652591,0.4,91180.0,0.1859082045821896,211888.8761725506,16951.110093804047,16951.110093804047
0,69949.0,101807.0,Other,3.0,0.0,0.0,218.390939,0.0,13.0,30.2712393,0.07642585423946313,0.4,69949.0,0.1295780932800424,113298.22558557108,9063.858046845688,9063.858046845686
0,74828.0,106493.0,Other,5.0,1.0,0.0,204.0744093,1.0,12.0,30.22295994,0.15680142383391005,0.4,74828.0,0.16979046317341984,158813.50972925822,12705.080778340658,12705.08077834066
0,,24894.0,ProfExe,3.0,0.0,0.0,90.91493176,0.0,18.0,22.03357993,0.08149063449844392,0.4,0.0,0.13334831052273066,0.0,0.0,0.0
0,16779.0,56481.0,Other,24.0,0.0,1.0,228.0570024,0.0,24.0,27.17664772,0.08561280754552404,0.4,16779.0,0.13625217875117476,28577.191340824516,2286.1753072659612,2286.1753072659612
0,44826.0,66226.0,Office,13.0,0.0,1.0,120.4332624,0.0,22.0,40.91194986,0.1987020187440141,0.4,44826.0,0.1797675532814399,100728.25429242282,8058.260343393826,8058.260343393825
0,124323.0,166781.0,Office,4.0,,1.0,381.0256475,,51.0,37.16904808,0.02506622335261182,0.4,124323.0,0.07167823196136573,111390.66040166089,8911.252832132872,8911.252832132872
0,35530.0,105838.0,Other,7.0,0.0,0.0,106.162918,0.0,15.0,32.09386652,0.14464294226220709,0.4,35530.0,0.16579462921719862,73633.53970108835,5890.683176087068,5890.683176087067
0,91183.0,138268.0,Other,12.0,0.0,0.0,113.1666358,3.0,15.0,41.20785574,0.3030359052488325,0.4,91183.0,0.18678167699952059,212891.42067309108,17031.313653847286,17031.313653847286
1,52946.0,83558.0,Other,0.0,0.0,0.0,65.88287939,0.0,10.0,65.14359346,0.7070448564157454,0.4,52946.0,0.10540491109433524,69759.60528500841,5580.768422800673,5580.768422800674
0,62531.0,96584.0,Office,1.0,0.0,0.0,146.839968,0.0,21.0,33.94558615,0.06242848386132638,0.4,62531.0,0.11783280594357476,92102.53985572093,7368.2031884576745,7368.203188457674
1,48500.0,72000.0,Other,17.0,0.0,0.0,,0.0,0.0,,0.1533909303735262,0.4,48500.0,0.1687261300923462,102290.21636848488,8183.21730947879,8183.21730947879
0,32439.0,55024.0,Other,0.0,,,302.7839495,,24.0,35.38837972,0.06064038649745412,0.4,32439.0,0.11617310558255277,47106.74214990537,3768.5393719924296,3768.539371992429
0,79590.0,106014.0,Other,,0.0,0.0,180.0541538,2.0,25.0,40.69308168,0.16927418864303903,0.4,79590.0,0.17333367844241776,172445.34334040037,13795.62746723203,13795.627467232029
0,138918.0,175989.0,ProfExe,5.0,,,189.9559195,4.0,42.0,40.86267837,0.1473972755534717,0.4,138918.0,0.1667497873106379,289556.8369202399,23164.546953619192,23164.546953619192
0,,28635.0,ProfExe,5.0,0.0,0.0,102.9868632,0.0,18.0,19.44718515,0.06392323454738934,0.4,0.0,0.11919024922659763,0.0,0.0,0.0
0,147855.0,125839.0,ProfExe,4.0,1.0,0.0,97.10958363,3.0,34.0,29.69750665,0.21004320401144982,0.4,147855.0,0.18161604536379997,335660.50484080805,26852.840387264645,26852.840387264645
0,185050.0,234004.0,ProfExe,3.0,0.0,0.0,313.6044894,0.0,27.0,40.04911263,0.062140325096345546,0.4,185050.0,0.11756801130646582,271949.50615326874,21755.9604922615,21755.9604922615
0,114947.0,173502.0,Office,4.0,0.0,0.0,219.3368796,4.0,24.0,40.54373892,0.09565530533760415,0.4,114947.0,0.1427658992394956,205131.39774852875,16410.5118198823,16410.5118198823
0,80124.0,99938.0,Mgr,7.0,0.0,0.0,69.32471958,7.0,24.0,38.67963357,0.3942729174446942,0.4,80124.0,0.17952829970685458,179806.5685714002,14384.525485712016,14384.525485712016
0,110307.0,140902.0,Office,13.0,0.0,1.0,243.3239163,0.0,24.0,41.3367401,0.10548796435722918,0.4,110307.0,0.14845583974714466,204696.47893735356,16375.718314988286,16375.718314988286
0,71408.0,103991.0,Other,4.0,0.0,0.0,208.3517505,1.0,12.0,31.32739444,0.09868738868420522,0.4,71408.0,0.14458878084770194,129059.94578465875,10324.7956627727,10324.7956627727
0,100778.0,142271.0,,,,,,,,39.98309593,0.16575360505578948,0.4,100778.0,0.1723872012022096,217160.4670344535,17372.83736275628,17372.83736275628
0,41000.0,65000.0,Other,26.0,0.0,0.0,305.2666667,3.0,32.0,,0.0527979332075328,0.4,41000.0,0.10839403134801051,55551.94106585539,4444.155285268432,4444.155285268431
0,48134.0,78954.0,,,,,,,,37.76048242,0.14580914729051567,0.4,48134.0,0.16620274327341145,100000.03555902983,8000.002844722387,8000.002844722387
0,,64980.0,Office,6.0,0.0,0.0,112.6358603,1.0,5.0,17.69314418,0.04099322717888606,0.4,0.0,0.09486204446904134,0.0,0.0,0.0
0,61710.0,86749.0,,2.0,0.0,0.0,114.0118385,0.0,16.0,40.76214878,0.22791078490613348,0.4,61710.0,0.18390746941390482,141861.62421915084,11348.929937532068,11348.929937532066
0,107766.0,146937.0,Office,12.0,0.0,2.0,223.1378975,0.0,24.0,42.54727476,0.2421782296164865,0.4,107766.0,0.1852404439187647,249532.77099187,19962.6216793496,19962.6216793496
0,72698.0,96691.0,Other,,2.0,0.0,233.5953067,1.0,13.0,42.62634036,0.3871346170563038,0.4,72698.0,0.18042588957767777,163957.51650647522,13116.601320518019,13116.601320518019
0,140776.0,183621.0,Mgr,7.0,0.0,0.0,315.3743912,0.0,17.0,43.85601978,0.09134964095270987,0.4,140776.0,0.14006588124182365,246473.93122123706,19717.914497698966,19717.914497698966
0,69810.0,100756.0,Other,3.0,0.0,0.0,213.7282918,1.0,13.0,32.87190897,0.10393682149900679,0.4,69810.0,0.14759980591781016,128799.2806390291,10303.942451122328,10303.942451122328
0,32817.0,101720.0,Other,5.0,0.0,0.0,132.9409379,0.0,15.0,31.60621741,0.12399319444899704,0.4,32817.0,0.15759851374378733,64648.88031912336,5171.910425529869,5171.910425529869
1,70758.0,,Other,0.0,4.0,2.0,107.5333333,3.0,19.0,,0.9358799995819657,0.4,70758.0,0.025008324176892627,22119.237526357105,1769.5390021085684,1769.5390021085686
1,176235.0,209695.0,Other,9.0,3.0,0.0,159.7067703,0.0,25.0,38.59193997,0.4668869268395491,0.4,176235.0,0.16783770879311588,369735.98261443473,29578.87860915478,29578.878609154777
0,155315.0,192038.0,ProfExe,11.0,,,114.4821976,0.0,23.0,29.89157194,0.10027355764085216,0.4,155315.0,0.1455175688888935,282513.2651497312,22601.061211978496,22601.061211978493
0,56364.0,115760.0,ProfExe,16.0,0.0,0.0,261.8140558,0.0,19.0,24.79795817,0.0337093142757521,0.4,56364.0,0.08511766270874283,59969.649261444756,4797.571940915581,4797.571940915581
0,77885.0,98188.0,Mgr,4.0,0.0,0.0,50.29354716,7.0,23.0,38.12040471,0.4227214166063756,0.4,77885.0,0.1754792433604587,170840.01086411657,13667.200869129327,13667.200869129325
0,46434.0,68490.0,Office,6.0,0.0,0.0,171.2834729,2.0,26.0,35.99929647,0.06930976569826314,0.4,46434.0,0.12386820019442019,71896.20009784633,5751.696007827707,5751.696007827707
0,107787.0,182140.0,Office,7.0,0.0,0.0,214.3305682,3.0,23.0,41.92846949,0.09514189985177957,0.4,107787.0,0.1424509312413134,191929.4815713431,15354.358525707446,15354.358525707446
0,156393.0,199881.0,Other,7.0,0.0,0.0,,2.0,16.0,30.92340746,0.11807673145620769,0.4,156393.0,0.154878425241321,302773.7694845739,24221.901558765912,24221.901558765916
0,51562.0,99997.0,Office,1.0,0.0,4.0,168.3145771,0.0,47.0,35.23139271,0.4521525966135607,0.4,51562.0,0.1705578635853528,109928.80702734951,8794.304562187961,8794.304562187961
0,29503.0,54923.0,Other,,0.0,0.0,215.4807143,0.0,12.0,38.73213217,0.1299661719386113,0.4,29503.0,0.16016806595319022,59067.98062271214,4725.438449816971,4725.438449816971
0,150507.0,126763.0,ProfExe,4.0,0.0,0.0,102.4223879,2.0,33.0,31.990311,0.13059521612337335,0.4,150507.0,0.1604288078117748,301820.7322165849,24145.658577326794,24145.658577326787
0,107379.0,147014.0,ProfExe,10.0,0.0,0.0,161.5374824,1.0,22.0,31.92532942,0.1023697025499633,0.4,107379.0,0.14671959661917616,196932.54456713147,15754.603565370518,15754.603565370517
0,97360.0,123854.0,Mgr,0.0,0.0,0.0,310.2318196,1.0,20.0,43.21741696,0.0998618004204361,0.4,97360.0,0.14527807017697456,176803.41140537802,14144.272912430242,14144.272912430242
0,,26732.0,ProfExe,6.0,0.0,0.0,103.0311295,1.0,19.0,21.30427209,0.0790956115934575,0.4,0.0,0.13159424343821643,0.0,0.0,0.0
0,,74486.0,Sales,6.0,0.0,0.0,407.5856237,0.0,24.0,22.16287266,0.033975716861897716,0.4,0.0,0.08549673896514492,0.0,0.0,0.0
0,27453.0,49041.0,Other,0.0,,,296.3963289,,24.0,37.06995687,0.0699402744304041,0.4,27453.0,0.12439492325596224,42687.67285182414,3415.0138281459317,3415.0138281459313
0,63764.0,97090.0,Office,1.0,0.0,0.0,63.24887692,0.0,23.0,34.59966898,0.09829797320002179,0.4,63764.0,0.14435818177443244,115060.68878331137,9204.85510266491,9204.85510266491
0,58440.0,99244.0,Office,1.0,0.0,4.0,174.9585772,0.0,46.0,37.48854569,0.48646576355079985,0.4,58440.0,0.16397735658169435,119785.45898292772,9582.836718634218,9582.836718634218
0,,78483.0,Sales,2.0,0.0,0.0,412.0148731,0.0,23.0,21.94584905,0.03428305590373462,0.4,0.0,0.08593175655543818,0.0,0.0,0.0
0,,130472.0,Other,1.0,0.0,0.0,308.410354,3.0,21.0,29.66545241,0.055326632474630516,0.4,0.0,0.11099593272958766,0.0,0.0,0.0
0,96994.0,140564.0,Mgr,13.0,0.0,0.0,169.6871574,1.0,25.0,33.5250643,0.09676248347518131,0.4,96994.0,0.14343886553214222,173908.86654280755,13912.709323424604,13912.709323424602
0,56597.0,79582.0,Mgr,9.0,1.0,0.0,67.69193855,3.0,27.0,36.06123372,0.34880439395662033,0.4,56597.0,0.18434997052366642,130420.69102159934,10433.655281727948,10433.655281727948
0,136884.0,180053.0,Mgr,9.0,0.0,0.0,323.5951974,0.0,17.0,43.03775004,0.082000736611814,0.4,136884.0,0.1337154272027734,228793.78171530543,18303.502537224434,18303.502537224434
0,30517.0,58756.0,Other,,0.0,0.0,222.0379946,0.0,12.0,40.42166884,0.13888214640163835,0.4,30517.0,0.1636969018797878,62444.22943331855,4995.538354665484,4995.538354665485
0,71972.0,101745.0,Mgr,6.0,0.0,0.0,67.32456202,6.0,23.0,38.51325618,0.3701332070847161,0.4,71972.0,0.1823589092148189,164059.19267511182,13124.735414008945,13124.735414008946
0,111464.0,144487.0,Office,11.0,0.0,1.0,206.6773533,0.0,25.0,40.06547716,0.11741955610423116,0.4,111464.0,0.1545650507494564,215355.4852092176,17228.438816737405,17228.43881673741
0,16174.0,34886.0,Other,1.0,0.0,0.0,52.30365625,1.0,4.0,29.7527322,0.23269698204399786,0.4,16174.0,0.18440150680938533,37281.37463918748,2982.5099711349985,2982.5099711349985
0,,74233.0,Office,6.0,0.0,0.0,123.1148817,1.0,4.0,20.78174123,0.048312912446663116,0.4,0.0,0.10353784693272257,0.0,0.0,0.0
0,127077.0,204192.0,ProfExe,13.0,0.0,0.0,181.6508803,0.0,22.0,34.58958143,0.0943950473697861,0.4,127077.0,0.14198941927810005,225544.867920039,18043.58943360312,18043.58943360312
0,59228.0,92224.0,Office,1.0,0.0,0.0,157.0711836,1.0,21.0,37.67720937,0.08452817377125305,0.4,59228.0,0.13550182794295323,100318.77831756543,8025.5022654052345,8025.5022654052345
0,39244.0,55582.0,Self,5.0,1.0,,120.2198845,,10.0,26.22575883,0.30331325870893305,0.4,39244.0,0.18677529789099404,91622.62238042711,7329.809790434169,7329.80979043417
0,63038.0,86870.0,,3.0,0.0,0.0,113.6988334,0.0,16.0,38.73252181,0.203623925179067,0.4,63038.0,0.18060942542783498,142315.71200149826,11385.256960119861,11385.256960119861
0,45279.0,73814.0,Office,1.0,0.0,0.0,235.3955528,0.0,12.0,34.57184425,0.04816503246472114,0.4,45279.0,0.10337215467200062,58507.34739241895,4680.587791393516,4680.5877913935155
1,55000.0,79900.0,Other,2.5,0.0,0.0,45.63113553,1.0,14.0,,0.26043571462906223,0.4,55000.0,0.186365261274282,128126.11712606886,10250.089370085509,10250.089370085509
0,51960.0,105524.0,Office,2.0,0.0,3.0,179.925635,0.0,47.0,37.17960241,0.28446570950836575,0.4,51960.0,0.18695222013698165,121425.46697896958,9714.037358317566,9714.037358317566
0,69233.0,105434.0,Other,,2.0,0.0,242.1642572,1.0,13.0,40.16365053,0.33665057733984105,0.4,69233.0,0.18525273244237692,160320.0303147885,12825.602425183082,12825.60242518308
0,60553.0,91364.0,Office,1.0,0.0,0.0,75.56380333,0.0,22.0,37.41120065,0.11163915162554862,0.4,60553.0,0.15170722591112518,114829.09563245454,9186.327650596364,9186.327650596362
1,66575.0,79416.0,ProfExe,13.0,2.0,1.0,107.2695126,7.0,28.0,28.38233702,0.623839950272643,0.4,66575.0,0.13028183967637497,108418.91845568329,8673.513476454664,8673.513476454664
1,122807.0,150896.0,Other,5.0,0.0,0.0,123.4795377,2.0,13.0,30.4244811,0.15853768001138552,0.4,122807.0,0.17031606835595342,261450.06758236964,20916.00540658957,20916.00540658957
1,61402.0,88659.0,ProfExe,9.0,3.0,0.0,164.2489323,1.0,63.0,40.92143334,0.32187661596636735,0.4,61402.0,0.18610705175501543,142841.81489826823,11427.34519186146,11427.345191861457
0,62615.0,87904.0,Office,5.0,,,177.8648492,,15.0,36.83107615,0.0792182691705531,0.4,62615.0,0.131685311024038,103068.44687212673,8245.47574977014,8245.47574977014
0,133213.0,174787.0,Mgr,26.0,,4.0,332.0828264,1.0,27.0,32.34639883,0.4360961528944294,0.4,133213.0,0.17333045503402858,288623.3738306006,23089.869906448046,23089.86990644805
0,,73849.0,Office,7.0,0.0,0.0,124.9559978,1.0,5.0,18.48129353,0.03998921056292607,0.4,0.0,0.0935903972639498,0.0,0.0,0.0
0,152994.0,117934.0,ProfExe,4.0,0.0,0.0,98.50936023,3.0,34.0,32.31318716,0.14919269992708617,0.4,152994.0,0.1673562917114333,320056.3561762378,25604.508494099024,25604.508494099024
0,58299.0,78684.0,,3.0,0.0,0.0,98.66282045,0.0,16.0,38.97200388,0.22122282272932733,0.4,58299.0,0.18313437992205556,133456.89018844898,10676.551215075919,10676.551215075917
0,101678.0,144063.0,ProfExe,9.0,0.0,0.0,167.7183935,0.0,22.0,32.20492622,0.08995084013825902,0.4,101678.0,0.1391593950737142,176868.11215381388,14149.44897230511,14149.448972305112
0,81848.0,109860.0,Other,,0.0,0.0,173.7861616,1.0,24.0,40.05752741,0.15359023404221822,0.4,81848.0,0.1687895079420845,172688.54557554665,13815.083646043733,13815.083646043731
0,53572.0,80048.0,Mgr,9.0,2.0,0.0,69.90656984,2.0,27.0,34.9310865,0.4352681356601971,0.4,53572.0,0.17346781226359934,116162.72048231929,9293.017638585543,9293.017638585543
0,94063.0,139868.0,ProfExe,,0.0,0.0,207.2100355,0.0,21.0,30.24782255,0.0663130862641657,0.4,94063.0,0.12130598569164702,142630.06165141743,11410.404932113395,11410.404932113393
0,69097.0,105200.0,Other,,1.0,0.0,237.8201289,1.0,13.0,40.30577357,0.2262591273935609,0.4,69097.0,0.183725637871714,158686.1300002728,12694.890400021824,12694.890400021823
0,63405.0,86804.0,Office,5.0,,,156.8727507,,15.0,37.43378459,0.09214234581735614,0.4,63405.0,0.14057310043582402,111412.96791416778,8913.037433133422,8913.037433133422
0,133430.0,189263.0,ProfExe,22.0,0.0,0.0,229.986998,1.0,23.0,40.56412158,0.1099906495046615,0.4,133430.0,0.1508577590971124,251611.88495409637,20128.95079632771,20128.95079632771
1,113954.0,136249.0,Office,2.0,0.0,0.0,97.54425218,13.0,14.0,33.62088344,0.36257301849396895,0.4,113954.0,0.1831217968153828,260843.26542875162,20867.46123430013,20867.46123430013
1,48735.0,71694.0,Other,8.0,0.0,0.0,48.49897084,3.0,10.0,32.92140064,0.2942799200871016,0.4,48735.0,0.1869260265833219,113872.99881922742,9109.839905538194,9109.839905538194
1,,55000.0,Other,7.0,,,,,,,0.12287613667008887,0.4,0.0,0.1570986157876793,0.0,0.0,0.0
0,86545.0,118000.0,Mgr,9.9,0.0,0.0,121.7666667,2.0,24.0,,0.1568184296011835,0.4,86545.0,0.1697956638149945,183687.07156085872,14694.965724868698,14694.9657248687
0,64100.0,85100.0,Other,3.5,0.0,0.0,97.63333333,2.0,30.0,,0.16909143573481464,0.4,64100.0,0.1732855500755877,138845.04699806467,11107.603759845175,11107.603759845173
0,90267.0,134000.0,ProfExe,7.0,0.0,0.0,160.9,0.0,32.0,,0.09050743723046131,0.4,90267.0,0.1395218600121873,157427.7467215014,12594.219737720112,12594.219737720112
0,42000.0,67000.0,Other,7.0,0.0,0.0,66.63333333,2.0,19.0,,0.23491184099691098,0.4,42000.0,0.18461387443914334,96922.28408055025,7753.78272644402,7753.78272644402
0,87000.0,140000.0,ProfExe,22.0,1.0,0.0,163.3666667,1.0,25.0,,0.17576690580008786,0.4,87000.0,0.1749741751403442,190284.4154651243,15222.753237209945,15222.753237209945
1,110000.0,138000.0,Mgr,16.0,8.0,2.0,154.2,3.0,30.0,,0.9872443973566017,0.4,110000.0,0.005062523610085013,6960.9699638668935,556.8775971093515,556.8775971093514
1,69231.0,95000.0,ProfExe,8.0,0.0,7.0,116.7,1.0,22.0,,0.9786435601150665,0.4,69231.0,0.008448193385202042,7310.960953136532,584.8768762509226,584.8768762509226
1,96000.0,125000.0,Sales,0.3,1.0,,116.9,1.0,19.0,,0.5278417279394392,0.4,96000.0,0.15496972087926483,185963.6650551178,14877.093204409424,14877.093204409424
1,42000.0,67000.0,Office,7.0,0.0,0.0,65.96666667,2.0,18.0,,0.1328907480261637,0.4,42000.0,0.16136484687569488,84716.54460973981,6777.323568779185,6777.323568779185
0,67657.0,100606.0,Other,5.0,0.0,0.0,225.2852704,1.0,12.0,31.04430422,0.08800927649903718,0.4,67657.0,0.13787645811493238,116603.84408352476,9328.307526681981,9328.30752668198
0,90425.0,97741.0,ProfExe,1.0,0.0,0.0,123.9728061,0.0,20.0,33.56414529,0.13445521942085045,0.4,90425.0,0.16198907984614783,183098.28181359894,14647.862545087915,14647.862545087917
0,106011.0,173778.0,Office,7.0,0.0,0.0,223.7696106,3.0,24.0,40.56475036,0.08134015364655416,0.4,106011.0,0.13323958164841673,176560.76612662885,14124.861290130308,14124.861290130306
1,52411.0,90031.0,ProfExe,5.0,2.0,1.0,90.4254746,3.0,24.0,41.96624947,0.7594988816787106,0.4,52411.0,0.08836846307110512,57893.49397524612,4631.47951801969,4631.479518019691
0,94019.0,134565.0,ProfExe,,0.0,0.0,196.1979075,0.0,21.0,26.86773396,0.0567564136026254,0.4,94019.0,0.11242651389509054,132127.85512378145,10570.228409902516,10570.228409902516
0,,91455.0,Other,7.0,0.0,0.0,174.4289688,1.0,15.0,38.59337641,0.16737880264199514,0.4,0.0,0.17282921021701825,0.0,0.0,0.0
0,131378.0,199687.0,ProfExe,12.0,0.0,0.0,208.6059657,0.0,21.0,37.09927911,0.09803537279950413,0.4,131378.0,0.14420209958683305,236812.2929939869,18944.98343951895,18944.983439518954
0,65205.0,86313.0,,4.0,0.0,0.0,99.36947035,0.0,15.0,40.14317075,0.2374574613712592,0.4,65205.0,0.1848454995448964,150660.6349728121,12052.850797824969,12052.850797824969
0,16110.0,54436.0,Other,24.0,0.0,2.0,207.2079516,1.0,25.0,28.09337559,0.2167095538545663,0.4,16110.0,0.18255629188028866,36762.27327739313,2940.98186219145,2940.98186219145
0,48624.0,83448.0,,,,,,,,39.67140831,0.16283030429794015,0.4,48624.0,0.1715697817647653,104280.11335662437,8342.409068529949,8342.409068529949
0,55863.0,81406.0,Mgr,10.0,1.0,0.0,74.57642698,2.0,27.0,36.76027571,0.3193887783161265,0.4,55863.0,0.18622349523539644,130037.53892918689,10403.003114334952,10403.003114334952
0,81389.0,123842.0,Other,9.0,0.0,0.0,285.0469162,1.0,17.0,37.13906786,0.08187805733642936,0.4,81389.0,0.13362734034492582,135947.4450416646,10875.79560333317,10875.795603333168
1,72000.0,98000.0,Office,6.0,0.0,2.0,79.16666667,4.0,29.0,,0.4114882402357477,0.4,72000.0,0.17716541913836792,159448.87722453114,12755.91017796249,12755.91017796249
0,61427.0,83722.0,Other,19.0,0.0,0.0,220.5535336,0.0,21.0,32.72762776,0.06723930945567586,0.4,61427.0,0.12210847556622405,93759.46660758056,7500.757328606444,7500.757328606444
0,63955.0,95621.0,ProfExe,19.0,0.0,0.0,626.2970937,0.0,24.0,20.01032357,0.002541520324482746,0.4,63955.0,0.01532927141564363,12254.794417343604,980.3835533874884,980.3835533874884
0,91479.0,127110.0,Office,25.0,0.0,0.0,279.4682368,3.0,16.0,33.07852222,0.038977774222993214,0.4,91479.0,0.0922875397768544,105529.64814058579,8442.371851246864,8442.371851246864
0,143487.0,180122.0,Mgr,7.0,0.0,0.0,324.1633286,0.0,16.0,43.25118252,0.08567500760257922,0.4,143487.0,0.13629491811126862,244456.861437895,19556.5489150316,19556.5489150316
0,,26450.0,ProfExe,6.0,1.0,0.0,112.5782431,0.0,19.0,19.84290249,0.10370123028773814,0.4,0.0,0.14746847397798268,0.0,0.0,0.0
0,130373.0,204384.0,ProfExe,13.0,0.0,0.0,197.0444606,0.0,21.0,35.20443453,0.09218886149925944,0.4,130373.0,0.14060271963550056,229134.97958798893,18330.798367039115,18330.798367039115
0,85092.0,139345.0,Other,9.0,0.0,1.0,87.64505947,3.0,14.0,42.13884767,0.5530720591962213,0.4,85092.0,0.14896025697150603,158441.5773277424,12675.32618621939,12675.32618621939
0,23088.0,56535.0,Other,27.0,0.0,1.0,216.1560174,0.0,24.0,27.39523388,0.09081694223502615,0.4,23088.0,0.13972240281385778,40323.885452079354,3225.9108361663484,3225.9108361663484
0,103264.0,148968.0,ProfExe,8.0,0.0,0.0,161.8591186,1.0,22.0,34.54854127,0.12130131485822059,0.4,103264.0,0.156383182606421,201859.4121083682,16148.752968669458,16148.752968669458
0,109747.0,174666.0,Office,7.0,0.0,0.0,211.8072267,3.0,24.0,40.39483989,0.0858675636548733,0.4,109747.0,0.13642703008531248,187155.71588465985,14972.457270772788,14972.45727077279
0,70096.0,108632.0,Other,4.0,0.0,0.0,200.0149175,1.0,13.0,29.64128644,0.0910644954559052,0.4,70096.0,0.13988228642300382,122564.85936383595,9805.188749106876,9805.188749106876
0,44097.0,64703.0,Office,12.0,0.0,2.0,123.8939486,1.0,21.0,40.13923179,0.3734641039031254,0.4,44097.0,0.18200355320556494,100322.63357132245,8025.8106857057965,8025.810685705797
1,69212.0,106273.0,ProfExe,12.0,0.0,1.0,97.2311228,0.0,22.0,18.11489583,0.10981802811940092,0.4,69212.0,0.15076789684160985,130436.84595251876,10434.947676201502,10434.9476762015
0,67272.0,107667.0,Other,5.0,0.0,0.0,224.1204408,0.0,12.0,30.51053209,0.07584070683937706,0.4,67272.0,0.12912735549745086,108583.19323780644,8686.655459024516,8686.655459024514
0,62067.0,104579.0,Office,13.0,0.0,0.0,143.3645296,0.0,14.0,36.1076674,0.07850033519127476,0.4,62067.0,0.13115035262644095,101751.36170581638,8140.108936465311,8140.108936465311
1,70000.0,101250.0,Other,1.0,1.0,0.0,43.6,7.0,49.0,,0.391320770317785,0.4,70000.0,0.17990550588003604,157417.31764503152,12593.385411602521,12593.385411602523
0,84117.0,118884.0,Other,9.0,0.0,0.0,302.2069005,2.0,16.0,36.19052426,0.08106705754191983,0.4,84117.0,0.1330417563638784,139888.4177507545,11191.07342006036,11191.07342006036
0,48273.0,71102.0,Other,7.0,0.0,0.0,73.30309745,2.0,19.0,34.65925993,0.22540504161809136,0.4,48273.0,0.18362929302528141,110804.21077761761,8864.33686220941,8864.33686220941
0,70400.0,96999.0,Office,14.0,0.0,0.0,135.2645371,0.0,13.0,38.82316963,0.09854825392976141,0.4,70400.0,0.14450650726788247,127165.72639573658,10173.258111658926,10173.258111658926
0,55203.0,90639.0,Other,17.0,0.0,0.0,196.9337486,1.0,21.0,32.91387412,0.08855967740471983,0.4,55203.0,0.13824310722737532,95392.92810341,7631.4342482728,7631.4342482728
0,63093.0,101789.0,ProfExe,18.0,0.0,0.0,623.4562088,1.0,24.0,19.41458795,0.0028516243852111296,0.4,63093.0,0.016677067539328006,13152.577778235272,1052.2062222588218,1052.206222258822
0,91759.0,95165.0,ProfExe,2.0,0.0,0.0,106.8357327,0.0,19.0,34.21668917,0.15444034478517424,0.4,91759.0,0.16905818386937588,193907.6236708758,15512.609893670064,15512.609893670062
0,113648.0,145650.0,Office,11.0,0.0,1.0,231.0192443,0.0,24.0,41.55930367,0.1154714428124611,0.4,113648.0,0.15362246058042792,218236.0675005559,17458.88540004447,17458.885400044473
0,133942.0,282972.0,Mgr,3.0,0.0,0.0,197.1481905,0.0,15.0,30.54540067,0.08058584535960654,0.4,133942.0,0.13269159433074448,222162.21909810722,17772.97752784858,17772.977527848576
0,58209.0,84200.0,Other,18.0,0.0,0.0,212.9322977,0.0,22.0,33.03314641,0.07043498936318944,0.4,58209.0,0.12480526978327518,90809.87436018331,7264.789948814665,7264.789948814665
0,63263.0,94180.0,Office,1.0,0.0,0.0,138.3484553,1.0,22.0,35.5492951,0.0801764718862311,0.4,63263.0,0.13239210833338058,104694.0243686832,8375.521949494656,8375.521949494656
0,104000.0,155250.0,Mgr,16.0,0.0,0.0,185.7,0.0,26.0,,0.08221442197364448,0.4,104000.0,0.13386855068254566,174029.11588730934,13922.329270984746,13922.329270984748
0,134578.0,176968.0,Mgr,25.0,,5.0,334.0659169,0.0,27.0,31.87577109,0.5894059372524006,0.4,134578.0,0.1396863728201556,234983.90851738627,18798.7126813909,18798.7126813909
0,56729.0,114643.0,ProfExe,14.0,0.0,3.0,276.170167,1.0,36.0,25.83088323,0.22283587537235552,0.4,56729.0,0.1833298501829071,130001.48838782671,10400.119071026138,10400.119071026136
0,107012.0,159949.0,Mgr,15.0,0.0,0.0,166.0829828,0.0,26.0,33.35538267,0.08369894632020286,0.4,107012.0,0.13492163401766946,180477.92374373556,14438.233899498846,14438.233899498844
0,145324.0,179995.0,ProfExe,5.0,,,199.4767352,5.0,42.0,39.83964014,0.14819314867071115,0.4,145324.0,0.16702019041593838,303400.5269000729,24272.04215200583,24272.04215200583
0,185874.0,235968.0,ProfExe,3.0,0.0,0.0,291.8195388,1.0,26.0,36.99364995,0.06668563932436465,0.4,185874.0,0.12162992378025149,282598.0056591308,22607.840452730466,22607.840452730466
0,28463.0,47537.0,Other,1.0,,,317.3006251,,24.0,37.17163855,0.062322237301104914,0.4,28463.0,0.11773529205824024,41888.74522317115,3351.099617853692,3351.099617853692
0,99613.0,147991.0,,,,,,,,38.49756059,0.15219277508937235,0.4,99613.0,0.1683419917260753,209613.13527261923,16769.05082180954,16769.05082180954
0,67282.0,86861.0,Office,4.0,,,173.7925073,,15.0,37.36452883,0.08427370781801698,0.4,67282.0,0.13532438944813718,113811.19463561957,9104.895570849565,9104.895570849567
0,101524.0,141859.0,ProfExe,10.0,0.0,0.0,162.3221192,0.0,23.0,31.98763633,0.08891568876307311,0.4,101524.0,0.13847901101225008,175736.78892509596,14058.943114007678,14058.943114007676
0,183386.0,230443.0,ProfExe,1.0,0.0,0.0,288.3736976,1.0,26.0,39.33487902,0.07982396990405397,0.4,183386.0,0.13213304242155727,302891.8764689963,24231.3501175197,24231.3501175197
0,72450.0,88622.0,Other,3.0,0.0,0.0,117.2101261,1.0,29.0,32.66110554,0.12296149055546766,0.4,72450.0,0.15713703327679088,142307.22576129375,11384.578060903501,11384.5780609035
0,94642.0,125062.0,Office,24.0,0.0,0.0,278.691315,2.0,17.0,32.98853181,0.03372844477016764,0.4,94642.0,0.08514494671391716,100728.60058623186,8058.288046898549,8058.288046898548
0,74081.0,102810.0,Office,9.0,0.0,0.0,200.9111493,1.0,12.0,31.15558593,0.05042002599660105,0.4,74081.0,0.10585933236420558,98027.06501090892,7842.165200872713,7842.165200872714
0,98507.0,125539.0,Mgr,0.0,0.0,1.0,311.3257037,0.0,19.0,42.22721497,0.16876457321278862,0.4,98507.0,0.173199198460182,213266.66803396438,17061.33344271715,17061.333442717147
0,68544.0,89908.0,Other,3.0,0.0,0.0,101.7740201,2.0,30.0,32.82545058,0.14771539858164964,0.4,68544.0,0.16685816968281145,142964.07978423286,11437.126382738628,11437.126382738628
0,55140.0,81692.0,Other,12.0,0.0,0.0,109.9006857,1.0,10.0,4.384983222,0.02990402970872501,0.4,55140.0,0.07948850545357265,54787.45238387495,4382.996190709996,4382.996190709996
0,143676.0,181960.0,Mgr,8.0,0.0,0.0,313.1874651,0.0,17.0,43.64534866,0.09066152976502759,0.4,143676.0,0.1396217938716074,250753.7607037133,20060.300856297064,20060.300856297064
0,66573.0,100519.0,Office,7.0,,0.0,98.89218205,1.0,18.0,34.96414103,0.10009562766973412,0.4,66573.0,0.14541421331377732,121008.25528672621,9680.660422938097,9680.660422938097
1,103989.0,143796.0,Other,9.0,2.0,0.0,135.2328361,3.0,20.0,44.38257789,0.5824703588540927,0.4,103989.0,0.14151014536015533,183943.7313232149,14715.498505857191,14715.498505857193
0,88147.0,115000.0,Self,3.0,0.0,0.0,213.2333333,2.0,27.0,,0.16505659031051145,0.4,88147.0,0.17219492701961775,189730.8278999781,15178.466231998247,15178.466231998245
0,77794.0,105330.0,Other,,0.0,0.0,187.3708537,1.0,24.0,38.18834501,0.12845315552066516,0.4,77794.0,0.15953333028829905,155134.1987055992,12410.735896447937,12410.735896447937
0,96016.0,135783.0,Mgr,14.0,0.0,0.0,169.0161379,2.0,25.0,35.61202481,0.12329761564775119,0.4,96016.0,0.15728796637313494,188777.01724103655,15102.161379282925,15102.161379282925
0,134041.0,163103.0,ProfExe,6.0,1.0,0.0,172.0310693,0.0,38.0,19.63706875,0.049378222598279696,0.4,134041.0,0.10472065361639149,175460.76414243414,14036.861131394731,14036.861131394731
0,85609.0,108469.0,Mgr,24.0,,1.0,306.1836619,0.0,43.0,39.91928991,0.08046206869123387,0.4,85609.0,0.13260119834368753,141898.19986255933,11351.855989004745,11351.855989004745
1,166244.0,212505.0,ProfExe,4.0,2.0,7.0,183.5480397,4.0,24.0,38.14905923,0.9945476208394453,0.4,166244.0,0.0021711116906774743,4511.678648812325,360.934291904986,360.934291904986
1,104657.0,147364.0,Other,7.0,2.0,0.0,149.2544801,2.0,20.0,46.30507215,0.5652725977371084,0.4,104657.0,0.14592477686083344,190900.61714905305,15272.049371924244,15272.049371924246
0,75563.0,96159.0,Other,,1.0,0.0,248.6464954,2.0,13.0,42.17658506,0.2624502403229946,0.4,75563.0,0.18645201217644086,176110.91745110502,14088.873396088402,14088.8733960884
0,53071.0,104997.0,Office,1.0,0.0,4.0,173.5751047,0.0,47.0,37.82317309,0.4884955717402946,0.4,53071.0,0.16356173190573953,108504.80842461876,8680.384673969502,8680.384673969502
0,113053.0,147467.0,Office,11.0,0.0,2.0,219.1538803,0.0,24.0,41.82491442,0.23871922657864467,0.4,113053.0,0.18495542848951907,261372.07571282,20909.7660570256,20909.766057025598
0,90912.0,121714.0,Self,3.0,0.0,0.0,221.515426,2.0,26.0,34.88554143,0.16166427544351886,0.4,90912.0,0.17123558650006626,194592.1204986753,15567.369639894025,15567.369639894025
0,44573.0,80915.0,,,,,,,,37.82721876,0.14637786382745888,0.4,44573.0,0.16639979225796286,92711.72425392723,7416.937940314178,7416.937940314178
0,49459.0,69461.0,Other,25.0,0.0,0.0,314.6389579,2.0,32.0,35.98208365,0.047791207670158396,0.4,49459.0,0.10295164683300369,63648.568758919115,5091.885500713529,5091.88550071353
0,64378.0,99343.0,ProfExe,18.0,0.0,0.0,627.7023895,1.0,23.0,20.68871482,0.0031033608902523158,0.4,64378.0,0.017736093928914266,14272.678186945534,1141.8142549556428,1141.8142549556426
0,92241.0,133791.0,Other,11.0,0.0,0.0,81.44638031,3.0,15.0,41.39546183,0.3484854322062766,0.4,92241.0,0.18437587951554524,212587.69377991758,17007.015502393406,17007.01550239341
0,7259.0,24770.0,Other,,0.0,0.0,62.26356587,2.0,18.0,41.57670052,0.33766197089802785,0.4,7259.0,0.18518433240042267,16803.163361183353,1344.2530688946683,1344.253068894668
0,41671.0,103427.0,Other,6.0,0.0,0.0,122.1533442,0.0,15.0,31.61467953,0.13037414362415226,0.4,41671.0,0.16033738181773544,83517.73797158567,6681.419037726853,6681.419037726853
0,70112.0,94849.0,Other,4.0,0.0,0.0,109.780321,1.0,29.0,35.63050485,0.1512576892240676,0.4,70112.0,0.168038441457079,147268.89009298402,11781.511207438722,11781.511207438723
0,143151.0,185014.0,Mgr,7.0,0.0,0.0,314.9842869,0.0,17.0,43.10300163,0.08735237270790441,0.4,143151.0,0.13743575908701394,245925.82936331417,19674.066349065135,19674.06634906513
0,128095.0,167824.0,ProfExe,6.0,0.0,0.0,180.4173542,0.0,38.0,17.49570049,0.023199571293970093,0.4,128095.0,0.06843648307211496,109579.64123903208,8766.371299122566,8766.371299122566
1,95147.0,132304.0,Office,7.0,1.0,5.0,206.1276648,1.0,18.0,36.23566539,0.8561464350024466,0.4,95147.0,0.054694771409135215,65050.54269081235,5204.043415264988,5204.043415264989
0,100727.0,146904.0,ProfExe,11.0,0.0,0.0,153.2238882,1.0,23.0,34.96596275,0.1252002325576939,0.4,100727.0,0.15813171090218447,199101.6605505542,15928.132844044336,15928.132844044336
1,84048.0,115705.0,ProfExe,10.0,,1.0,122.2897915,1.0,30.0,49.37972914,0.4645355381811059,0.4,84048.0,0.16828272657700943,176797.8325418061,14143.826603344489,14143.826603344489
0,9579.0,30807.0,Other,,0.0,0.0,58.11746362,2.0,19.0,42.49201034,0.35214853525959755,0.4,9579.0,0.18407129386552956,22040.236549223846,1763.2189239379077,1763.2189239379077
0,107799.0,160526.0,Mgr,16.0,0.0,0.0,195.48568,0.0,25.0,32.37876814,0.06801531155177351,0.4,107799.0,0.12277348420852872,165435.73530243986,13234.85882419519,13234.858824195187
0,110712.0,178045.0,Office,6.0,0.0,0.0,212.6040797,4.0,24.0,43.3108563,0.1159511367084775,0.4,110712.0,0.15385646653926324,212921.9640436864,17033.757123494914,17033.757123494914
0,141688.0,184241.0,Mgr,8.0,0.0,0.0,311.4261279,0.0,16.0,44.59015523,0.09905948108764351,0.4,141688.0,0.14480816819019468,256469.7466816538,20517.579734532304,20517.579734532304
0,25984.0,47386.0,Other,1.0,,,305.8497165,,25.0,36.60061306,0.06266027557491795,0.4,25984.0,0.11804506892471092,38341.038386746106,3067.2830709396885,3067.2830709396885
0,129361.0,284790.0,Mgr,3.0,0.0,0.0,199.2195955,0.0,15.0,30.40625943,0.07898900217551702,0.4,129361.0,0.13151498103680875,212661.36827378272,17012.90946190262,17012.90946190262
0,135899.0,186976.0,ProfExe,18.0,0.0,0.0,227.3474864,1.0,24.0,42.66067749,0.12702654219161783,0.4,135899.0,0.15892490743622104,269971.69994593755,21597.735995675004,21597.735995675004
0,96993.0,143240.0,ProfExe,20.0,0.0,0.0,173.3416649,0.0,25.0,39.85872689,0.12252059432110936,0.4,96993.0,0.15693819276849366,190273.82663993133,15221.906131194506,15221.906131194506
0,125451.0,200594.0,ProfExe,13.0,0.0,0.0,205.2783646,0.0,22.0,36.89339399,0.09591959585323598,0.4,125451.0,0.1429273167796544,224129.6852165553,17930.374817324424,17930.374817324424
0,90000.0,111500.0,Other,24.0,0.0,0.0,243.5,1.0,27.0,,0.06546008400495218,0.4,90000.0,0.12055837660713592,135628.1736830279,10850.253894642234,10850.253894642232
0,18875.0,42500.0,Other,27.0,0.0,0.0,304.3666667,,13.0,,0.061907715731660796,0.4,18875.0,0.11735351963024335,27688.09603776054,2215.047683020843,2215.047683020843
0,153783.0,191069.0,ProfExe,10.0,,,105.359931,0.0,23.0,31.79238783,0.11882943471225083,0.4,153783.0,0.15523453820435174,298405.4123584978,23872.432988679822,23872.432988679822
0,71636.0,96678.0,Office,13.0,0.0,0.0,135.9405415,0.0,13.0,37.87247372,0.09316867320490695,0.4,71636.0,0.14122293733876076,126458.07923999331,10116.646339199466,10116.646339199466
0,30546.0,53300.0,Other,1.0,,,319.7808023,,25.0,33.44900986,0.0472923482933691,0.4,30546.0,0.10238676141029374,39093.825175485406,3127.5060140388327,3127.5060140388323
0,47451.0,78645.0,,,,,,,,38.46833167,0.1519353238446719,0.4,47451.0,0.16825874691614154,99800.57249897289,7984.045799917832,7984.0457999178325
0,94310.0,142986.0,ProfExe,22.0,1.0,0.0,170.2049996,0.0,25.0,39.56664624,0.1982598090102137,0.4,94310.0,0.17968885621100572,211830.70036574936,16946.45602925995,16946.45602925995
0,90321.0,103778.0,ProfExe,2.0,0.0,0.0,128.6427857,0.0,20.0,34.28267592,0.13616615250655525,0.4,90321.0,0.16265927047657625,183644.34960893553,14691.547968714844,14691.547968714844
0,35300.0,78810.0,Other,25.0,0.0,0.0,261.8666667,1.0,7.0,,0.08982394017573186,0.4,35300.0,0.13907642682422364,61367.473336188676,4909.397866895094,4909.397866895094
0,10193.0,75649.0,Office,,0.0,0.0,247.8139714,0.0,22.0,39.14851242,0.04676242457394844,0.4,10193.0,0.10178197245259996,12968.295565116892,1037.4636452093514,1037.4636452093514
0,67377.0,86502.0,Office,5.0,,,158.6407067,,15.0,37.75484259,0.09310725706443267,0.4,67377.0,0.14118426684305554,118907.15433855691,9512.572347084553,9512.572347084553
0,58646.0,90807.0,Other,17.0,0.0,0.0,196.8087927,1.0,22.0,31.69796036,0.08042517478285678,0.4,58646.0,0.13257422811891734,97186.85227827533,7774.948182262026,7774.948182262026
1,144276.0,190797.0,Mgr,0.0,1.0,4.0,313.4273217,2.0,18.0,37.97135495,0.7926730721386587,0.4,144276.0,0.07712275491044679,139087.03234324526,11126.96258745962,11126.96258745962
0,30022.0,51337.0,Other,0.0,,,312.1997839,,25.0,35.37968123,0.056284568224879705,0.4,30022.0,0.11195756019614184,42014.873402607125,3361.1898722085703,3361.1898722085703
0,45421.0,75632.0,Office,2.0,0.0,1.0,230.2422347,0.0,11.0,33.45738088,0.09749837195453766,0.4,45421.0,0.14388146222268006,81690.49869520438,6535.239895616351,6535.239895616351
0,105654.0,155460.0,Mgr,16.0,0.0,0.0,193.0488032,0.0,25.0,33.60060846,0.07448774115948846,0.4,105654.0,0.12807267028881156,169142.37383367622,13531.389906694098,13531.389906694096
0,77139.0,185494.0,Other,11.0,0.0,0.0,358.4284243,0.0,17.0,33.16743122,0.036671892459710025,0.4,77139.0,0.0892315646071915,86040.42077792682,6883.233662234145,6883.233662234145
0,36777.0,68300.0,Office,11.0,0.0,2.0,121.4942487,0.0,22.0,41.13829939,0.35812906220370805,0.4,36777.0,0.18354133127446604,84376.24425351295,6750.099540281037,6750.099540281038
0,105759.0,139002.0,Office,11.0,0.0,2.0,213.0345218,0.0,24.0,40.9030584,0.2338830181108417,0.4,105759.0,0.18451649108156043,243928.49475368438,19514.27958029475,19514.27958029475
0,61797.0,109007.0,ProfExe,14.0,0.0,2.0,267.8877899,0.0,35.0,26.09217153,0.11105475544121894,0.4,61797.0,0.15140788221811072,116956.91121790734,9356.552897432588,9356.552897432588
0,,65935.0,Office,8.0,0.0,0.0,111.0680978,1.0,5.0,19.42908427,0.04572316891959948,0.4,0.0,0.10058148912056315,0.0,0.0,0.0
0,70832.0,96503.0,Office,13.0,0.0,0.0,136.3971417,0.0,14.0,37.58053042,0.08939049992363661,0.4,70832.0,0.1387921138365625,122886.53759089245,9830.923007271396,9830.923007271396
0,41105.0,65411.0,Other,25.0,0.0,0.0,303.2340527,3.0,32.0,35.24732771,0.05508425112462941,0.4,41105.0,0.11075056017031389,56905.0221975094,4552.401775800752,4552.401775800752
0,152639.0,195661.0,ProfExe,14.0,,,127.7781102,0.0,24.0,29.15307149,0.08574671307921732,0.4,152639.0,0.136344150017047,260142.93393065044,20811.434714452036,20811.434714452036
0,106308.0,147378.0,,,,,,,,39.13764463,0.15792081505050062,0.4,106308.0,0.1701305672870026,226078.0043393334,18086.24034714667,18086.24034714667
0,66711.0,105267.0,Office,13.0,0.0,0.0,145.9353838,0.0,14.0,37.11491559,0.08246700750925708,0.4,66711.0,0.1340490461650063,111781.82398392168,8942.545918713735,8942.545918713735
0,59219.0,98111.0,ProfExe,18.0,0.0,0.0,626.7713928,1.0,23.0,21.24168423,0.003240170469468361,0.4,59219.0,0.018299598918036314,13546.049354089906,1083.6839483271924,1083.6839483271924
0,108923.0,142716.0,ProfExe,9.0,0.0,0.0,162.446914,0.0,23.0,33.41977874,0.09770415801828783,0.4,108923.0,0.1440045671174992,196067.6183017421,15685.409464139368,15685.409464139366
0,,54212.0,Other,,0.0,1.0,303.4333333,0.0,19.0,,0.1132946569002225,0.4,0.0,0.15254466617112553,0.0,0.0,0.0
1,154991.0,,Self,,2.0,4.0,165.60083,0.0,43.0,38.01491727,0.9270348628285625,0.4,154991.0,0.028378778509009984,54980.69074862458,4398.455259889966,4398.455259889966
0,43449.0,68744.0,Office,11.0,0.0,1.0,121.950991,1.0,22.0,40.91647738,0.2215088491760574,0.4,43449.0,0.18316946418755184,99481.62561856174,7958.530049484939,7958.53004948494
0,93937.0,147792.0,ProfExe,23.0,0.0,0.0,156.6673122,0.0,25.0,40.19063608,0.13376200776849334,0.4,93937.0,0.16171384048372972,189886.41291900148,15190.913033520119,15190.913033520119
0,94477.0,135936.0,ProfExe,,0.0,0.0,205.0168354,0.0,20.0,26.80094617,0.054974773553774066,0.4,94477.0,0.11063945644242933,130661.04907889245,10452.883926311397,10452.883926311395
0,58363.0,78411.0,,5.0,0.0,0.0,104.1747704,0.0,16.0,38.18843548,0.20450479214331888,0.4,58363.0,0.18075359753200426,131866.52765950456,10549.322212760364,10549.322212760364
0,56822.0,78399.0,Mgr,10.0,1.0,0.0,70.69107272,3.0,28.0,36.61054006,0.3465427005452206,0.4,56822.0,0.1845311422371474,131067.85705248985,10485.428564199188,10485.42856419919
0,70252.0,186320.0,Other,11.0,0.0,0.0,356.886499,1.0,16.0,30.18400134,0.03530888488480962,0.4,70252.0,0.0873661806085846,76720.61150142856,6137.648920114285,6137.648920114286
0,62506.0,96588.0,ProfExe,18.0,0.0,1.0,615.1333732,0.0,24.0,21.9726752,0.00684398872215415,0.4,62506.0,0.031033577514588413,24247.30995158579,1939.7847961268633,1939.7847961268633
0,8606.0,75530.0,Office,,0.0,0.0,257.1207218,0.0,21.0,38.73921891,0.04415683199814503,0.4,8606.0,0.09873505285031339,10621.423310372462,849.713864829797,849.7138648297971
0,60792.0,14580.0,Other,5.0,,,62.85635695,1.0,17.0,40.3158193,0.29750022717722735,0.4,60792.0,0.18688591503794003,142014.60683733062,11361.16854698645,11361.16854698645
0,29258.0,53807.0,Other,0.0,,,300.6792922,,24.0,35.69801744,0.06258243516066032,0.4,29258.0,0.11797385951100528,43145.98976966241,3451.679181572993,3451.6791815729925
0,79240.0,96784.0,Mgr,5.0,0.0,0.0,64.50842359,6.0,24.0,38.07896313,0.36338009320759546,0.4,79240.0,0.1830432870743194,181304.37584711338,14504.35006776907,14504.35006776907
0,45640.0,67023.0,Other,25.0,0.0,0.0,293.7620767,1.0,32.0,34.28537258,0.0424146217239392,0.4,45640.0,0.0966267135730146,55125.54009340482,4410.043207472386,4410.043207472386
0,24771.0,48361.0,Other,0.0,,,309.0284455,,24.0,33.8772643,0.05313217379185902,0.4,24771.0,0.1087433575262385,33671.021366030676,2693.681709282454,2693.681709282454
0,29500.0,53943.0,ProfExe,14.0,0.0,0.0,185.6820797,1.0,19.0,37.75154584,0.1330128627011829,0.4,29500.0,0.16141396777597422,59521.40061739049,4761.71204939124,4761.71204939124
1,92382.0,168708.0,Mgr,13.0,2.0,5.0,249.2427629,,24.0,29.3690264,0.8955325915238409,0.4,92382.0,0.04022888889913672,46455.315178500605,3716.4252142800483,3716.4252142800487
0,69000.0,98000.0,Mgr,2.0,,,232.0666667,5.0,24.0,,0.1321010880350438,0.4,69000.0,0.16104557085338664,138901.80486104597,11112.144388883678,11112.144388883678
0,93025.0,140438.0,ProfExe,5.0,0.0,0.0,166.1776578,0.0,32.0,32.77507936,0.07814026043234855,0.4,93025.0,0.1308802898522261,152189.23704379168,12175.138963503336,12175.138963503334
0,93868.0,147228.0,ProfExe,22.0,0.0,0.0,153.6845963,0.0,25.0,39.53395424,0.1314190346880472,0.4,93868.0,0.16076751267563893,188636.56099796094,15090.924879836875,15090.924879836875
0,47024.0,71628.0,ProfExe,10.0,0.0,0.0,177.6020656,1.0,41.0,37.12536175,0.08736428634439,0.4,47024.0,0.13744378186888767,80789.45498253217,6463.156398602574,6463.156398602574
0,45697.0,68144.0,Office,5.0,0.0,0.0,166.8710357,1.0,27.0,36.40831543,0.06345542822362621,0.4,45697.0,0.11876829412396453,67841.9342072851,5427.354736582808,5427.354736582807
0,20627.0,52040.0,Other,26.0,0.0,2.0,199.9854317,0.0,25.0,27.11768955,0.18921863679043693,0.4,20627.0,0.17796545618147538,45886.168308191154,3670.8934646552925,3670.893464655293
0,91637.0,126105.0,Mgr,10.0,0.0,0.0,131.875354,1.0,23.0,30.96129202,0.10726825317248732,0.4,91637.0,0.14942007280261027,171155.09014265996,13692.407211412798,13692.407211412798
0,59947.0,94103.0,Office,0.0,0.0,0.0,154.5525474,1.0,21.0,34.7717086,0.07181816979403062,0.4,59947.0,0.12593907496440945,94370.87158614317,7549.669726891454,7549.669726891453
0,88313.0,139567.0,Other,11.0,0.0,0.0,89.83955821,3.0,14.0,39.09887429,0.3080421398940444,0.4,88313.0,0.18664984055563127,206045.09211236832,16483.607368989466,16483.607368989466
0,128841.0,172954.0,ProfExe,4.0,0.0,0.0,165.3102818,0.0,37.0,20.3428108,0.031684395832376054,0.4,128841.0,0.08217356773225837,132341.55800239876,10587.3246401919,10587.3246401919
0,72180.0,93427.0,Other,2.0,0.0,0.0,115.5294894,1.0,29.0,33.45667038,0.1308408981115001,0.4,72180.0,0.16053014549503064,144838.3237728914,11587.065901831313,11587.06590183131
0,188525.0,234269.0,ProfExe,0.0,0.0,0.0,301.5210741,0.0,26.0,37.33952006,0.05817327146714428,0.4,188525.0,0.113816398997902,268215.4577634934,21457.23662107947,21457.236621079475
1,24984.0,92297.0,Other,26.0,0.0,6.0,238.3696373,1.0,20.0,16.39716087,0.7280694231334264,0.4,24984.0,0.09869154917827894,30821.370808376512,2465.709664670121,2465.709664670121
0,187311.0,230513.0,ProfExe,2.0,0.0,0.0,270.47904,0.0,27.0,38.99923204,0.07418308144419877,0.4,187311.0,0.1278327388768114,299305.97689693025,23944.47815175442,23944.47815175442
1,21000.0,45000.0,ProfExe,20.0,0.0,0.0,256.7,1.0,19.0,,0.07360950687114913,0.4,21000.0,0.1273785629059909,33436.872762822604,2674.9498210258084,2674.949821025809
0,32335.0,49621.0,Self,3.0,1.0,,115.1302076,,10.0,26.92602147,0.32301775018132917,0.4,32335.0,0.1860509417154781,75199.4650046248,6015.957200369984,6015.957200369984
0,48139.0,80114.0,Other,13.0,0.0,0.0,111.9986308,1.0,9.0,4.142703972,0.0295322346862226,0.4,48139.0,0.07891573900000763,47486.55949651709,3798.924759721367,3798.9247597213675
0,90065.0,122335.0,Self,3.0,0.0,0.0,212.6954676,1.0,26.0,34.84691939,0.150730622031458,0.4,90065.0,0.16786588144359404,188985.50765271625,15118.8406122173,15118.840612217298
0,80092.0,98561.0,Mgr,5.0,0.0,0.0,73.31793013,7.0,24.0,37.13828397,0.36712426993116454,0.4,80092.0,0.1826698630889604,182879.9334315127,14630.394674521016,14630.394674521018
0,,25566.0,ProfExe,8.0,0.0,0.0,114.5417511,1.0,19.0,21.82563105,0.0757995563584583,0.4,0.0,0.12909553544475683,0.0,0.0,0.0
0,82817.0,114732.0,Other,,0.0,0.0,190.0874448,1.0,24.0,40.74821176,0.14730506870174498,0.4,82817.0,0.1667182986725526,172588.86676455988,13807.10934116479,13807.109341164789
0,67305.0,99006.0,Other,,2.0,1.0,245.0877745,1.0,14.0,41.56766275,0.5412788502217956,0.4,67305.0,0.15181523388720397,127724.05395972829,10217.924316778264,10217.924316778262
0,,60392.0,Other,,0.0,1.0,300.8414288,0.0,18.0,39.41913658,0.1533757363969066,0.4,0.0,0.16872129239282804,0.0,0.0,0.0
0,48162.0,70361.0,Office,2.0,0.0,0.0,227.9862791,0.0,12.0,36.0618164,0.054938668556303444,0.4,48162.0,0.1106027774982315,66585.63712337283,5326.850969869826,5326.850969869825
1,99753.0,128000.0,ProfExe,15.0,1.0,2.0,286.1,3.0,26.0,,0.400182005684976,0.4,99753.0,0.17874830155253574,222883.4915596262,17830.6793247701,17830.6793247701
0,107271.0,161219.0,Mgr,15.0,0.0,0.0,187.2974769,0.0,26.0,31.55694874,0.06652241917395021,0.4,107271.0,0.12148819449709501,162902.00139872349,13032.16011189788,13032.16011189788
0,96709.0,123613.0,Self,3.0,0.0,0.0,218.7303331,2.0,27.0,35.87449455,0.17011828413296978,0.4,96709.0,0.17355456431692784,209803.60450657216,16784.288360525774,16784.288360525774
0,133812.0,166893.0,ProfExe,6.0,0.0,0.0,169.7671445,0.0,37.0,20.05952718,0.02991160812217558,0.4,133812.0,0.0795001360119989,132975.90250046997,10638.072200037597,10638.072200037597
0,41582.0,71574.0,Other,25.0,0.0,0.0,308.7370531,2.0,32.0,34.36936756,0.044479776708237405,0.4,41582.0,0.09911947597626919,51519.82562556532,4121.586050045225,4121.586050045225
0,,59736.0,Other,,0.0,0.0,304.7369303,0.0,18.0,36.71311371,0.06272133703406758,0.4,0.0,0.1181008772754657,0.0,0.0,0.0
1,76324.0,102287.0,Office,6.0,0.0,1.0,61.64132538,4.0,29.0,41.03238603,0.3495249451103866,0.4,76324.0,0.18429100899670559,175822.83713330695,14065.826970664557,14065.826970664557
0,147638.0,193065.0,ProfExe,13.0,,,100.775926,1.0,23.0,29.5314444,0.11722327892731414,0.4,147638.0,0.15447100895026228,285072.38524248527,22805.790819398822,22805.790819398822
0,53598.0,74780.0,ProfExe,10.0,0.0,1.0,191.5519093,1.0,42.0,40.49010197,0.19251628269315543,0.4,53598.0,0.17861969080026574,119670.72734390805,9573.658187512643,9573.658187512643
0,,80239.0,Sales,5.0,0.0,0.0,402.0868105,0.0,23.0,21.98994578,0.03567139070936131,0.4,0.0,0.08786673915109154,0.0,0.0,0.0
0,63967.0,102113.0,Office,10.0,,0.0,107.4498947,2.0,19.0,36.1837344,0.11160705303012292,0.4,63967.0,0.1516908349313875,121290.0954757008,9703.207638056065,9703.207638056063
0,91327.0,139106.0,ProfExe,,0.0,0.0,201.6855482,0.0,21.0,30.01955513,0.06737745565343532,0.4,91327.0,0.12222734791240004,139533.21253494697,11162.657002795759,11162.657002795759
0,91767.0,141897.0,ProfExe,,0.0,0.0,207.6532895,0.0,21.0,28.21673943,0.058078843352800974,0.4,91767.0,0.11372461071716487,130452.07939602585,10436.166351682068,10436.166351682068
0,104379.0,144850.0,,,,,,,,38.01073398,0.14795122961109208,0.4,104379.0,0.16693825939420526,217810.6072163469,17424.848577307752,17424.848577307752
0,51861.0,68951.0,ProfExe,10.0,0.0,0.0,188.9786171,0.0,42.0,38.99975416,0.08010981335690255,0.4,51861.0,0.13234320299559996,85793.13563193512,6863.450850554809,6863.450850554809
1,52735.0,75372.0,ProfExe,5.0,0.0,1.0,217.0209402,6.0,23.0,34.01591498,0.29017776098611225,0.4,52735.0,0.18695478497788814,123238.25732261165,9859.060585808933,9859.060585808931
0,62387.0,113827.0,ProfExe,15.0,0.0,3.0,281.0591408,1.0,36.0,26.03170911,0.2190429422419361,0.4,62387.0,0.18286094762681412,142601.82424492566,11408.145939594053,11408.145939594053
0,66859.0,104878.0,Office,7.0,,1.0,116.5339256,1.0,18.0,38.88482695,0.22363831500599152,0.4,66859.0,0.18342493727670425,153295.09851728962,12263.60788138317,12263.60788138317
0,10421.0,24808.0,Other,,0.0,0.0,61.28669845,2.0,19.0,40.01662162,0.31057342063166693,0.4,10421.0,0.18656988273316844,24303.059349529354,1944.2447479623484,1944.2447479623484
1,108000.0,144940.0,Other,13.0,0.0,0.0,260.7666667,1.0,22.0,,0.07104688995379113,0.4,108000.0,0.12530928444030384,169167.5339944102,13533.402719552816,13533.402719552814
0,61468.0,87450.0,Office,5.0,,,166.6108166,,16.0,38.2012104,0.08982228833380407,0.4,61468.0,0.13907534602820706,106858.54212077291,8548.683369661832,8548.683369661832
0,53458.0,77455.0,ProfExe,10.0,0.0,0.0,192.8877492,1.0,42.0,40.95631078,0.09994602429054392,0.4,53458.0,0.14532715021036635,97111.23494932205,7768.8987959457645,7768.8987959457645
0,61423.0,103075.0,Office,7.0,,1.0,125.5230236,1.0,17.0,37.00676675,0.19732368588725116,0.4,61423.0,0.17952057217380268,137833.65130789354,11026.692104631484,11026.692104631482
0,70152.0,188365.0,Other,9.0,0.0,0.0,367.5414905,0.0,17.0,32.69251534,0.034191560769984,0.4,70152.0,0.08580250848191673,75240.21968779278,6019.217575023423,6019.217575023422
0,61838.0,92091.0,Office,5.0,,,171.5767001,,16.0,37.80040089,0.0852906489195035,0.4,61838.0,0.13603031208512759,105148.0304840015,8411.84243872012,8411.84243872012
0,148955.0,118862.0,ProfExe,6.0,0.0,0.0,93.92588206,3.0,34.0,30.32211463,0.1342869509919913,0.4,148955.0,0.16192246633729918,301489.51216590503,24119.160973272403,24119.1609732724
0,,57036.0,Other,,0.0,0.0,308.6034448,0.0,18.0,39.2346081,0.07209875238717484,0.4,0.0,0.126166678246751,0.0,0.0,0.0
0,94320.0,140698.0,ProfExe,,0.0,0.0,208.2417578,0.0,20.0,29.18897974,0.06295736364833898,0.4,94320.0,0.11831617420572929,139494.76938855482,11159.581551084386,11159.581551084386
0,105787.0,142466.0,ProfExe,8.0,0.0,0.0,145.3771766,0.0,22.0,32.33389935,0.1027990301982535,0.4,105787.0,0.14696229152295176,194333.74916673123,15546.6999333385,15546.699933338497
0,142072.0,181484.0,ProfExe,6.0,,,162.5386403,5.0,42.0,41.27082013,0.19161058166153214,0.4,142072.0,0.17844298554219273,316896.89802438003,25351.751841950405,25351.751841950405
0,36738.0,100040.0,Other,6.0,0.0,0.0,138.9424576,0.0,14.0,30.78315421,0.11600781236527152,0.4,36738.0,0.153884031505648,70667.39436818121,5653.391549454497,5653.391549454496
0,71664.0,98015.0,Mgr,9.0,0.0,0.0,191.3136088,1.0,19.0,34.92102106,0.10896926734506385,0.4,71664.0,0.15032351415870052,134659.80398336393,10772.784318669115,10772.784318669113
0,48041.0,88433.0,Other,12.0,0.0,0.0,96.33643462,0.0,10.0,5.226673619,0.030055106947149565,0.4,48041.0,0.07972003125260207,47872.8752675782,3829.830021406256,3829.8300214062565
0,,72304.0,Office,9.0,0.0,0.0,120.5320184,2.0,4.0,20.17621345,0.05241554014252562,0.4,0.0,0.1079923112961273,0.0,0.0,0.0
0,15774.0,60115.0,Other,27.0,0.0,1.0,213.4142381,0.0,24.0,25.57680965,0.08228394678111854,0.4,15774.0,0.13391828682172596,26405.338204073818,2112.4270563259056,2112.427056325905
0,54010.0,97800.0,ProfExe,1.0,0.0,0.0,192.7333333,0.0,26.0,,0.08972247451459395,0.4,54010.0,0.13900999951588985,93849.12592316513,7507.930073853211,7507.930073853211
0,64000.0,89000.0,ProfExe,8.0,1.0,1.0,133.2666667,4.0,26.0,,0.4728208585587529,0.4,64000.0,0.16669665882377882,133357.32705902305,10668.586164721844,10668.586164721844
0,48000.0,80990.0,Mgr,6.0,0.0,0.0,262.7333333,2.0,26.0,,0.07347561834708041,0.4,48000.0,0.12727207939869464,76363.24763921679,6109.059811137343,6109.059811137343
0,71858.0,99000.0,Other,18.0,0.0,0.0,201.8666667,1.0,13.0,,0.11399177390886464,0.4,71858.0,0.152892689586519,137332.03610385102,10986.56288830808,10986.562888308083
1,82000.0,12500.0,ProfExe,3.0,0.0,0.0,117.7666667,6.0,23.0,,0.26426094412452644,0.4,82000.0,0.18652390750139042,191187.00518892516,15294.960415114014,15294.960415114014
1,74200.0,109800.0,ProfExe,1.0,1.0,0.0,317.5333333,4.0,42.0,,0.09073127360168255,0.4,74200.0,0.13966696619773283,129541.1111483972,10363.288891871776,10363.288891871776
1,96127.0,122000.0,Mgr,24.0,0.0,2.0,301.3,3.0,36.0,,0.19679823198034,0.4,96127.0,0.1794251033451508,215594.9613657414,17247.59690925931,17247.59690925931
1,92000.0,,Office,4.0,,12.0,218.0,1.0,39.0,,0.9977373479648162,0.4,92000.0,0.0009026598607215331,1038.058839829763,83.04470718638105,83.04470718638105
1,124000.0,155000.0,Sales,1.0,,7.0,130.3,,55.0,,0.9842052884356993,0.4,124000.0,0.006261132438831085,9704.755280188181,776.3804224150545,776.3804224150546
0,81668.0,123978.0,Other,8.0,0.0,0.0,285.1417502,1.0,16.0,37.41710801,0.0855752435835494,0.4,81668.0,0.1362263523346202,139066.671780797,11125.333742463761,11125.333742463761
0,76367.0,103928.0,Other,20.0,0.0,0.0,202.578152,1.0,13.0,38.71719491,0.1411773544419178,0.4,76367.0,0.1645492076664942,157076.6167733395,12566.129341867161,12566.129341867163
0,88898.0,121357.0,Mgr,12.0,0.0,0.0,115.8322132,2.0,24.0,31.10896086,0.1280661198306777,0.4,88898.0,0.15936922657665054,177095.0688026385,14167.60550421108,14167.60550421108
0,143355.0,183799.0,ProfExe,6.0,,,174.8462897,3.0,43.0,42.22116463,0.1499113933298074,0.4,143355.0,0.16759556206566406,300320.7724990409,24025.66179992327,24025.661799923273
0,70139.0,95042.0,Other,2.0,0.0,0.0,97.90858291,2.0,29.0,32.52452824,0.15179746793694265,0.4,70139.0,0.16821406946692846,147479.5827292612,11798.366618340895,11798.366618340895
0,188982.0,231933.0,ProfExe,2.0,0.0,0.0,294.9601692,0.0,26.0,36.43459137,0.056192558391304374,0.4,188982.0,0.11186575439471996,264257.6749627871,21140.613997022967,21140.613997022967
0,53212.0,85006.0,Other,20.0,0.0,0.0,218.4841129,1.0,21.0,32.8557014,0.07703875149827981,0.4,53212.0,0.13004675720074987,86500.60055207877,6920.048044166302,6920.048044166302
0,61251.0,91744.0,Office,0.0,0.0,0.0,145.4891553,0.0,21.0,34.34790875,0.06495205393883133,0.4,61251.0,0.12010915904741859,91960.07626016795,7356.8061008134355,7356.806100813436
0,61042.0,96622.0,ProfExe,17.0,0.0,0.0,638.2753611,1.0,23.0,21.45734981,0.003093664130072961,0.4,61042.0,0.017695841870897327,13502.369743541432,1080.1895794833147,1080.1895794833147
0,69697.0,102155.0,Mgr,13.0,0.0,0.0,164.7849474,0.0,28.0,36.27847391,0.09815620015578277,0.4,69697.0,0.14427397397036779,125693.28954765903,10055.463163812723,10055.463163812723
0,92724.0,126348.0,Mgr,11.0,0.0,0.0,122.2657812,1.0,24.0,30.84350527,0.10910056120251453,0.4,92724.0,0.1503925321741546,174312.4644164539,13944.997153316313,13944.997153316312
0,84114.0,97775.0,,8.0,,,,,,,0.12213926560389272,0.4,84114.0,0.15676542526029297,164827.08725430354,13186.166980344284,13186.166980344282
0,95351.0,117905.0,Other,25.0,0.0,0.0,233.7484518,1.0,27.0,41.52372299,0.10403848768644613,0.4,95351.0,0.14765637261968265,175989.784820742,14079.18278565936,14079.18278565936
0,60396.0,101741.0,Office,8.0,,0.0,97.02322633,1.0,17.0,35.68152132,0.10716316482622128,0.4,60396.0,0.14936369002430966,112762.11778385258,9020.969422708205,9020.969422708205
0,57018.0,80673.0,Other,12.0,0.0,0.0,108.7492561,1.0,10.0,7.39014306,0.03670987578118384,0.4,57018.0,0.08928290397490979,63634.15773551758,5090.732618841407,5090.732618841406
0,24000.0,49000.0,Other,14.4,0.0,0.0,109.5666667,2.0,25.0,,0.16482258775398445,0.4,24000.0,0.1721300098075614,51639.002942268424,4131.120235381474,4131.120235381473
0,73053.0,105750.0,Mgr,9.0,0.0,1.0,293.2333333,2.0,29.0,,0.11752790912377357,0.4,73053.0,0.15461687742191213,141190.33432878685,11295.226746302948,11295.226746302948
1,57000.0,83000.0,Other,7.0,0.0,0.0,,0.0,0.0,,0.16250552403995136,0.4,57000.0,0.17147716769919832,122177.48198567881,9774.198558854305,9774.198558854305
0,86148.0,141472.0,Other,11.0,0.0,0.0,89.16146609,2.0,14.0,40.67729771,0.3036576440511768,0.4,86148.0,0.18676722500085471,201120.2862421704,16089.622899373633,16089.622899373631
0,132417.0,170643.0,ProfExe,4.0,0.0,0.0,180.0368768,0.0,37.0,21.23609046,0.030895364178046777,0.4,132417.0,0.08099514594973865,134064.1780153318,10725.134241226544,10725.134241226544
0,,65192.0,Office,9.0,0.0,0.0,128.1567931,1.0,4.0,18.8829556,0.04067507293245921,0.4,0.0,0.0944613771275153,0.0,0.0,0.0
0,33435.0,52340.0,Self,4.0,1.0,,134.0000742,,10.0,24.02393073,0.25796276579537303,0.4,33435.0,0.1862489168658173,77840.40669260752,6227.2325354086015,6227.2325354086015
0,45993.0,67208.0,Other,8.0,0.0,1.0,60.45700477,2.0,18.0,34.78092033,0.414328012688087,0.4,45993.0,0.1767496482857419,101615.5821700766,8129.246573606128,8129.246573606128
0,36084.0,84734.0,Other,25.0,0.0,0.0,257.8457289,0.0,6.0,24.52600298,0.042776870015919316,0.4,36084.0,0.09706995684436923,43783.40403465274,3502.672322772219,3502.672322772219
0,138584.0,180415.0,ProfExe,5.0,,,195.6328077,4.0,43.0,41.20539901,0.14329095440185263,0.4,138584.0,0.16531462418751824,286374.52348003787,22909.961878403028,22909.961878403028
0,45148.0,85341.0,Other,24.0,0.0,0.0,275.601041,1.0,7.0,23.46160875,0.04033827659021888,0.4,45148.0,0.094034922167341,53068.608325138885,4245.488666011111,4245.4886660111115
0,,60904.0,Other,,0.0,0.0,288.4596954,0.0,18.0,37.74701961,0.07327541227700694,0.4,0.0,0.12711252176113963,0.0,0.0,0.0
0,125703.0,162648.0,Office,3.0,,0.0,374.2114868,,51.0,37.58435894,0.012451611224107154,0.4,125703.0,0.04632710039573895,72793.19376306968,5823.455501045574,5823.455501045573
0,138121.0,180144.0,ProfExe,22.0,0.0,0.0,240.703069,1.0,24.0,40.62189416,0.10218776291419668,0.4,138121.0,0.14661639163692367,253135.03286604417,20250.802629283535,20250.802629283535
0,102345.0,148299.0,ProfExe,11.0,0.0,0.0,169.088974,0.0,22.0,34.47287973,0.10145880620855563,0.4,102345.0,0.14620075298785337,187036.45080677318,14962.916064541854,14962.916064541854
0,72293.0,98997.0,Other,,2.0,1.0,242.2161953,2.0,13.0,42.77356841,0.6035409918782387,0.4,72293.0,0.1358949218128109,122803.14478266923,9824.251582613539,9824.251582613539
0,93947.0,116176.0,Self,2.0,0.0,0.0,205.0294085,2.0,26.0,34.93940311,0.17683952664471733,0.4,93947.0,0.17523246777978252,205782.05813134034,16462.56465050723,16462.56465050723
0,57458.0,102195.0,ProfExe,18.0,0.0,0.0,628.1580616,1.0,24.0,20.4962161,0.0029857396946795975,0.4,57458.0,0.01724496174722246,12385.762650898852,990.8610120719082,990.8610120719081
0,98624.0,140938.0,ProfExe,,0.0,0.0,207.2889332,0.0,20.0,29.21889542,0.0634117241322901,0.4,98624.0,0.11872874054655408,146368.7913457919,11709.503307663352,11709.50330766335
0,64809.0,96831.0,ProfExe,17.0,0.0,0.0,639.0581723,0.0,24.0,22.61418191,0.0028536441905303188,0.4,64809.0,0.01668568453427385,13517.281612271925,1081.382528981754,1081.382528981754
0,67626.0,109042.0,Other,4.0,0.0,0.0,203.9649128,0.0,12.0,31.5290287,0.0907366241127907,0.4,67626.0,0.13967043015536926,118066.9063710875,9445.352509687,9445.352509687002
0,9709.0,33926.0,Other,0.0,0.0,0.0,28.52378272,1.0,3.0,29.5997802,0.2624535476737842,0.4,9709.0,0.1864521487237214,22628.298899482637,1810.263911958611,1810.263911958611
0,137889.0,182973.0,Mgr,6.0,0.0,0.0,317.3561249,0.0,17.0,44.96871369,0.09742961511860819,0.4,137889.0,0.1438402661532436,247924.8807450576,19833.990459604607,19833.990459604607
0,65022.0,104766.0,Office,8.0,,0.0,117.1618153,2.0,18.0,38.34866301,0.12484487765744966,0.4,65022.0,0.15797548284225482,128398.52306711365,10271.881845369093,10271.881845369093
0,52322.0,102958.0,Office,2.0,1.0,4.0,174.536412,0.0,47.0,36.85308497,0.6134545779417772,0.4,52322.0,0.13317785166747256,87101.64443681875,6968.1315549455,6968.131554945499
0,,136587.0,Other,1.0,0.0,0.0,311.6590812,3.0,20.0,29.91070776,0.05640587766339489,0.4,0.0,0.11207842066862234,0.0,0.0,0.0
0,69002.0,105292.0,Office,8.0,,0.0,96.34213992,2.0,17.0,35.75510673,0.12147736402121345,0.4,69002.0,0.15646378689773482,134953.92779396873,10796.314223517498,10796.314223517498
0,24622.0,51631.0,Other,28.0,0.0,0.0,316.6974746,,12.0,30.67643445,0.044730306921556585,0.4,24622.0,0.09941635292818751,30597.868022472914,2447.829441797833,2447.8294417978327
1,,135000.0,Office,9.0,,,,,,,0.06292079280523356,0.4,0.0,0.11828285936176229,0.0,0.0,0.0
1,75600.0,102000.0,Mgr,5.0,0.0,1.0,64.93333333,2.0,28.0,,0.3506546795730975,0.4,75600.0,0.18419736345534968,174066.50846530544,13925.320677224436,13925.320677224436
1,71800.0,100000.0,Sales,0.1,0.0,0.0,220.1333333,1.0,26.0,,0.2236588630092567,0.4,71800.0,0.18342735347828104,164626.04974675723,13170.083979740579,13170.083979740579
0,72814.0,186463.0,Other,10.0,0.0,0.0,367.2473584,1.0,16.0,30.33358791,0.0338347434853321,0.4,72814.0,0.08529637439204073,77634.62756227568,6210.770204982055,6210.770204982054
0,34326.0,103199.0,Other,6.0,0.0,0.0,141.6770299,0.0,14.0,30.47179852,0.11222378177560056,0.4,34326.0,0.15200473587443372,65221.432045322654,5217.714563625813,5217.714563625812
0,21571.0,42590.0,Other,25.0,0.0,0.0,297.6744627,,13.0,33.11701736,0.058166424275613596,0.4,21571.0,0.11380974722929108,30687.37571853797,2454.9900574830376,2454.9900574830376
0,59809.0,90883.0,Office,2.0,0.0,0.0,161.4029057,1.0,22.0,36.17425125,0.07307425544607944,0.4,59809.0,0.12695180583439772,94910.75693936866,7592.860555149493,7592.860555149493
0,101738.0,145709.0,,,,,,,,38.7199658,0.15416347905875133,0.4,101738.0,0.16897097494713015,214884.6131146391,17190.76904917113,17190.769049171126
0,93305.0,143672.0,ProfExe,21.0,0.0,0.0,176.4166175,0.0,25.0,40.47109214,0.12433820777993097,0.4,93305.0,0.15775165484124007,183987.7269370238,14719.018154961905,14719.018154961905
0,60513.0,111713.0,ProfExe,15.0,0.0,3.0,291.61872,1.0,35.0,27.70517064,0.23210832192877937,0.4,60513.0,0.1843433493079413,139439.61370839315,11155.169096671452,11155.169096671452
0,89591.0,149566.0,ProfExe,23.0,0.0,0.0,157.6517299,0.0,24.0,41.85930497,0.1496924699465816,0.4,89591.0,0.1675228881503526,187606.788403478,15008.543072278242,15008.54307227824
0,,22399.0,ProfExe,5.0,0.0,0.0,96.64268699,1.0,18.0,22.19662471,0.08897543896830744,0.4,0.0,0.13851850729356105,0.0,0.0,0.0
0,133995.0,281186.0,Mgr,2.0,0.0,0.0,181.1539882,0.0,15.0,28.89929961,0.07977123705234536,0.4,133995.0,0.13209419247975518,221249.51651655993,17699.961321324794,17699.961321324794
0,103000.0,132500.0,Mgr,10.0,2.0,0.0,187.7333333,5.0,18.0,,0.409889047049092,0.4,103000.0,0.17739637996802196,228397.83920882826,18271.827136706263,18271.827136706263
0,74553.0,102373.0,Other,18.0,0.0,0.0,206.5813951,1.0,12.0,40.84802282,0.16151098350666762,0.4,74553.0,0.17119130181686848,159535.31405441245,12762.825124352996,12762.825124352996
0,38669.0,105881.0,Other,6.0,0.0,0.0,125.2428417,0.0,14.0,32.77827083,0.14021340408767097,0.4,38669.0,0.164193958062323,79365.20205389961,6349.216164311969,6349.216164311968
0,135912.0,181863.0,Mgr,7.0,0.0,0.0,316.9929061,0.0,17.0,45.00681809,0.0972447002370803,0.4,135912.0,0.143729312676329,244181.7293058153,19534.538344465225,19534.538344465225
0,98238.0,135561.0,ProfExe,,0.0,0.0,194.2820992,0.0,20.0,29.37360717,0.0688084322998448,0.4,98238.0,0.1234463672535628,151589.05282819376,12127.1242262555,12127.124226255502
0,65502.0,104373.0,Office,14.0,0.0,0.0,141.8128234,0.0,13.0,36.22194314,0.08092369099407166,0.4,65502.0,0.13293764484223244,108846.02015569886,8707.681612455908,8707.68161245591
0,52597.0,69312.0,Office,2.0,0.0,0.0,224.2413307,0.0,12.0,33.82410789,0.04853325146315777,0.4,52597.0,0.10378404171734851,68234.11552759224,5458.729242207379,5458.72924220738
0,72866.0,95734.0,Mgr,5.0,0.0,0.0,75.95573527,7.0,23.0,37.50722389,0.3747128039377825,0.4,72866.0,0.18186735307056276,165649.33186049532,13251.946548839625,13251.946548839625
0,127967.0,167764.0,Office,1.0,,0.0,377.8649847,,52.0,36.43872408,0.011179448929548329,0.4,127967.0,0.04317427110697508,69061.02438432851,5524.881950746281,5524.88195074628
0,130184.0,164189.0,ProfExe,6.0,0.0,0.0,173.6413388,0.0,39.0,19.64066727,0.027212733217689578,0.4,130184.0,0.07524246304793117,122442.06011789839,9795.364809431872,9795.36480943187
0,93140.0,120977.0,Other,23.0,0.0,0.0,232.8554837,0.0,27.0,39.74431431,0.08407793916187042,0.4,93140.0,0.13518751578810156,157392.06525629727,12591.365220503782,12591.36522050378
0,40605.0,76986.0,ProfExe,9.0,0.0,0.0,276.275914,0.0,19.0,39.7301928,0.08524272319433271,0.4,40605.0,0.1359972340702845,69027.09611779878,5522.167689423903,5522.167689423902
0,80226.0,111307.0,Other,,0.0,0.0,186.6311118,1.0,24.0,38.93617569,0.13479082574691215,0.4,80226.0,0.16212156189611138,162579.55530846788,13006.364424677431,13006.364424677431
0,89985.0,121601.0,Mgr,11.0,0.0,0.0,111.9824201,2.0,24.0,30.9911741,0.130493657437321,0.4,89985.0,0.16038683570524573,180405.1176367067,14432.409410936538,14432.409410936536
0,71051.0,102374.0,Office,14.0,0.0,0.0,137.1896556,0.0,14.0,36.12206849,0.0807449133414586,0.4,71051.0,0.132807566788792,117951.38034888075,9436.11042791046,9436.11042791046
1,51470.0,68139.0,Mgr,9.0,0.0,0.0,31.16869601,2.0,8.0,37.95217991,0.3628405170516187,0.4,51470.0,0.1830958537858075,117799.2949294439,9423.943594355513,9423.943594355513
0,62354.0,88287.0,Office,3.0,,,163.0564094,,16.0,37.17139554,0.08695184705780107,0.4,62354.0,0.13716538681534798,106910.13161855261,8552.810529484208,8552.810529484208
0,69774.0,107601.0,Mgr,2.0,,,248.3932369,5.0,23.0,40.96299512,0.17657543917281981,0.4,69774.0,0.17516920253096613,152778.1992174454,12222.255937395632,12222.25593739563
1,15765.0,40456.0,Other,0.0,1.0,3.0,117.6666667,0.0,12.0,,0.8040391751617292,0.4,15765.0,0.07319178507786038,14423.35614690586,1153.8684917524688,1153.8684917524688
0,95539.0,124566.0,Mgr,9.0,0.0,0.0,140.6955024,1.0,24.0,31.86981041,0.10668219276663858,0.4,95539.0,0.14910478331557872,178066.52366483843,14245.321893187074,14245.321893187076
1,25585.0,54049.0,ProfExe,20.0,0.0,0.0,251.358003,0.0,19.0,25.20270637,0.03578963841737708,0.4,25585.0,0.08802931590011082,28152.87559130419,2252.230047304335,2252.230047304335
0,91402.0,100845.0,ProfExe,2.0,1.0,0.0,132.2166218,0.0,20.0,35.68247123,0.23391758476317057,0.4,91402.0,0.18451979848863131,210818.4827682235,16865.47862145788,16865.478621457878
1,,139654.0,Office,10.0,,,,,,35.23626524,0.06401014081607659,0.4,0.0,0.11926835172378336,0.0,0.0,0.0
0,106561.0,157214.0,Mgr,15.0,0.0,0.0,186.6280966,0.0,25.0,33.4306376,0.07680901217781143,0.4,106561.0,0.12987149379836138,172990.45313308985,13839.236250647187,13839.236250647187
0,79022.0,105086.0,Other,,0.0,0.0,179.458917,2.0,25.0,38.30639822,0.1480095094189505,0.4,79022.0,0.1669580180169919,164916.95624673416,13193.356499738733,13193.356499738733
0,16630.0,56824.0,Other,25.0,0.0,1.0,199.7384646,0.0,24.0,27.02778743,0.09814193406495328,0.4,16630.0,0.14426549291421767,29989.189339542998,2399.13514716344,2399.13514716344
0,32665.0,56639.0,Other,13.0,0.0,0.0,101.7583551,1.0,25.0,31.47003128,0.12657371114041668,0.4,32665.0,0.15872974358845113,64811.338428959454,5184.907074316757,5184.907074316756
0,47687.0,65704.0,Office,6.0,0.0,0.0,174.5578971,2.0,27.0,36.21976783,0.06757511048842454,0.4,47687.0,0.12239705964399561,72959.35729054024,5836.748583243219,5836.7485832432185
0,83990.0,111096.0,Other,,0.0,0.0,175.4089363,1.0,25.0,39.97273176,0.1486772716551973,0.4,83990.0,0.16718346296525133,175521.73818064324,14041.73905445146,14041.739054451458
0,37726.0,59799.0,Other,,0.0,0.0,219.4892985,0.0,12.0,41.14904123,0.14680891358517495,0.4,37726.0,0.16654828618656,78540.00805842703,6283.2006446741625,6283.2006446741625
0,81617.0,125950.0,Other,9.0,0.0,0.0,289.5196987,1.0,16.0,35.5136585,0.07366825270141865,0.4,81617.0,0.12742522848633395,130000.81091711397,10400.064873369118,10400.064873369118
0,71784.0,101695.0,Other,,2.0,1.0,239.903304,2.0,14.0,42.81636756,0.6020285443742182,0.4,71784.0,0.13630529543779374,122306.74159633233,9784.539327706587,9784.539327706585
0,18371.0,38311.0,Other,1.0,0.0,0.0,37.23500048,2.0,3.0,29.4760034,0.27536408001142354,0.4,18371.0,0.1868422883867083,42905.99599940272,3432.479679952218,3432.4796799522182
0,44228.0,86872.0,Other,24.0,0.0,0.0,256.2869189,1.0,6.0,26.85325902,0.05729678257817377,0.4,44228.0,0.11295980862643969,62449.83019912718,4995.986415930174,4995.986415930174
0,127709.0,167975.0,Office,1.0,,0.0,367.1895151,,51.0,37.88804981,0.013421150299781965,0.4,127709.0,0.048632648946360504,77635.33705363443,6210.826964290754,6210.8269642907535
0,,143254.0,,,,,,,,,0.12287613667008887,0.4,0.0,0.1570986157876793,0.0,0.0,0.0
0,62137.0,95708.0,Office,4.0,,,187.1661489,,16.0,37.46041757,0.0771962282644943,0.4,62137.0,0.13016660931664645,101102.03253885575,8088.162603108461,8088.162603108461
0,52000.0,87250.0,Other,7.0,0.0,0.0,232.3333333,1.0,20.0,,0.08983215999902525,0.4,52000.0,0.13908180472496756,90403.17307122891,7232.253845698313,7232.253845698313
0,,42800.0,Other,,,,89.3,,13.0,,0.2125237190612251,0.4,0.0,0.18197817080138862,0.0,0.0,0.0
1,60700.0,91000.0,Self,13.0,0.0,0.0,145.0666667,6.0,29.0,,0.3094796971813189,0.4,60700.0,0.18660551572815973,141586.9350587412,11326.954804699295,11326.954804699295
0,57762.0,95790.0,Office,3.0,0.0,0.0,151.7150658,1.0,21.0,34.86359608,0.07198408203156889,0.4,57762.0,0.12607375643792904,91028.4039920957,7282.272319367657,7282.272319367657
0,48405.0,86989.0,Other,14.0,0.0,0.0,94.9280885,1.0,9.0,4.029951372,0.03211024346763601,0.4,48405.0,0.08280214827080637,50100.47483810478,4008.0379870483825,4008.037987048382
0,76493.0,105545.0,Other,,1.0,1.0,235.5417762,2.0,13.0,43.06166913,0.473197869099952,0.4,76493.0,0.1666232994841287,159318.95059299323,12745.51604743946,12745.516047439458
0,96170.0,118502.0,Mgr,10.0,0.0,0.0,118.15195,1.0,24.0,33.20054802,0.1292309222627497,0.4,96170.0,0.15986096074323033,192172.85743345576,15373.82859467646,15373.82859467646
0,40884.0,76895.0,ProfExe,8.0,0.0,0.0,270.2601967,0.0,18.0,39.95457279,0.09174600949654374,0.4,40884.0,0.14032008295083687,71710.57839202519,5736.846271362015,5736.846271362015
0,73567.0,88157.0,Other,2.0,0.0,0.0,111.4005357,1.0,30.0,33.51922814,0.13149828219741122,0.4,73567.0,0.16079992963437767,147869.6052926533,11829.568423412264,11829.568423412262
0,87361.0,140632.0,ProfExe,24.0,0.0,0.0,146.2961719,0.0,25.0,39.87676993,0.1376335544440038,0.4,87361.0,0.1632238424383249,178242.47624068128,14259.398099254502,14259.398099254502
0,75010.0,114769.0,Mgr,9.0,0.0,1.0,294.2971661,1.0,28.0,30.61105116,0.08145921368294341,0.4,75010.0,0.1333256238235067,125009.43803751549,10000.75504300124,10000.755043001238
0,,24811.0,ProfExe,7.0,0.0,0.0,97.53661995,1.0,19.0,19.47227247,0.07214349752431756,0.4,0.0,0.12620290080434635,0.0,0.0,0.0
0,136086.0,180804.0,Mgr,26.0,,4.0,329.4072371,1.0,27.0,33.03141554,0.45154992765964763,0.4,136086.0,0.17066560575312875,290314.9953065035,23225.19962452028,23225.19962452028
0,133264.0,172882.0,ProfExe,6.0,1.0,0.0,190.2475602,0.0,37.0,19.97395503,0.04655866770514486,0.4,133264.0,0.10154811904736816,169158.85670910586,13532.708536728469,13532.70853672847
0,59050.0,99152.0,ProfExe,0.0,0.0,0.0,195.0838618,0.0,26.0,33.40421221,0.08135812644770543,0.4,59050.0,0.1332525780800581,98357.05919534288,7868.56473562743,7868.564735627431
0,91177.0,112123.0,Other,24.0,0.0,0.0,251.5824035,1.0,26.0,42.07798838,0.10056802672247475,0.4,91177.0,0.1456881613153802,166042.61855315528,13283.409484252423,13283.409484252421
0,96485.0,120470.0,Mgr,9.0,0.0,0.0,112.8403356,2.0,24.0,31.86591683,0.1384518573516317,0.4,96485.0,0.1635346314953901,197232.98649790892,15778.638919832714,15778.638919832714
0,142117.0,179173.0,ProfExe,5.0,,,200.8339688,4.0,42.0,41.00966476,0.14070761732103637,0.4,142117.0,0.16437657951157697,292008.82938058476,23360.70635044678,23360.706350446784
0,72522.0,91587.0,Other,2.0,0.0,0.0,99.00046796,2.0,30.0,35.26211359,0.1732264212919469,0.4,72522.0,0.1743481720333807,158050.97665256044,12644.078132204835,12644.078132204835
0,63363.0,90816.0,Office,3.0,,,174.3265608,,15.0,38.74248161,0.09213673033108172,0.4,63363.0,0.1405695236561386,111336.33409279886,8906.90672742391,8906.90672742391
0,,144841.0,,,,,,,,16.38239069,0.03811738711490602,0.4,0.0,0.09116149045538864,0.0,0.0,0.0
0,,55376.0,Other,,0.0,1.0,316.0968745,0.0,18.0,38.13586689,0.1316774180819561,0.4,0.0,0.16087310065910915,0.0,0.0,0.0
0,233000.0,260000.0,Self,6.0,1.0,0.0,244.5333333,3.0,51.0,,0.16011190188736169,0.4,233000.0,0.17078333486316924,497406.46278898045,39792.51702311844,39792.51702311843
1,69675.0,92300.0,Other,16.0,0.0,6.0,240.4333333,0.0,30.0,,0.8744978718480982,0.4,69675.0,0.048004282934447584,41808.73016822044,3344.6984134576355,3344.6984134576355
1,155056.0,187000.0,Mgr,0.1,0.0,0.0,253.6,0.0,27.0,,0.061344897068188076,0.4,155056.0,0.11683177387504509,226443.3441246124,18115.46752996899,18115.46752996899
1,78975.0,103374.0,Mgr,11.0,0.0,0.0,259.319755,1.0,14.0,27.74405551,0.052513918693136645,0.4,78975.0,0.10809587402435616,106710.8956384191,8536.871651073528,8536.871651073528
0,109808.0,139133.0,Mgr,9.0,1.0,0.0,195.4588258,4.0,18.0,40.20610642,0.31913911575613607,0.4,109808.0,0.18623473257641204,255625.79393438317,20450.063514750655,20450.063514750655
0,31933.0,47669.0,Self,4.0,0.0,,133.447479,,11.0,24.20108619,0.16099862914366694,0.4,31933.0,0.17104269437917508,68273.82949512747,5461.906359610198,5461.906359610198
0,,45744.0,Other,,,,84.23176112,,12.0,28.45387692,0.1551144164087784,0.4,0.0,0.169269325241264,0.0,0.0,0.0
0,41920.0,70383.0,Office,5.0,0.0,0.0,178.7866403,1.0,26.0,36.09869413,0.059494453923316815,0.4,41920.0,0.11508828228717748,60306.259918481,4824.50079347848,4824.50079347848
0,,58856.0,Other,,0.0,1.0,298.8195417,0.0,18.0,38.19502654,0.14429883509703748,0.4,0.0,0.16567316239885171,0.0,0.0,0.0
0,239115.0,264462.0,Self,5.0,0.0,0.0,244.1797304,2.0,50.0,36.70087056,0.09801485930355681,0.4,239115.0,0.14418988725684098,430974.56114274415,34477.964891419535,34477.964891419535
0,34226.0,85424.0,ProfExe,9.0,0.0,0.0,277.8486564,0.0,18.0,38.0056832,0.07746179979541613,0.4,34226.0,0.13036820924074516,55774.77911842179,4461.982329473743,4461.982329473743
0,,55419.0,Other,,0.0,0.0,299.9557961,0.0,18.0,39.0951957,0.07493153722589654,0.4,0.0,0.12842056490165765,0.0,0.0,0.0
0,61503.0,101786.0,ProfExe,17.0,0.0,0.0,622.3557677,1.0,24.0,21.68666861,0.003373443120919818,0.4,61503.0,0.018840886703784615,14484.638186785814,1158.7710549428652,1158.7710549428652
0,131098.0,176119.0,Mgr,26.0,,5.0,339.6770182,1.0,28.0,33.05755986,0.6252255137026921,0.4,131098.0,0.129891703636001,212856.78204090573,17028.54256327246,17028.54256327246
0,73280.0,92961.0,ProfExe,8.0,0.0,1.0,109.5702924,3.0,26.0,34.61442256,0.33065688943558913,0.4,73280.0,0.18563235118574914,170039.2336861462,13603.138694891697,13603.138694891697
0,91303.0,98362.0,,7.0,,,,,,30.68101515,0.09522326753941383,0.4,91303.0,0.14250097311404553,162634.57935289622,13010.766348231698,13010.766348231698
0,,132297.0,Other,1.0,0.0,0.0,309.4459491,3.0,20.0,29.37100228,0.05515319177973357,0.4,0.0,0.11082043689381611,0.0,0.0,0.0
0,75354.0,106186.0,Other,,0.0,0.0,175.3393762,1.0,24.0,38.25659362,0.13717894159464425,0.4,75354.0,0.16304993389745018,153580.80898635575,12286.46471890846,12286.46471890846
0,35261.0,54701.0,Self,3.0,0.0,,134.108262,,11.0,24.52482499,0.16441300080745472,0.4,35261.0,0.1720159364399322,75818.17418510561,6065.453934808449,6065.45393480845
0,77356.0,106233.0,Mgr,14.0,0.0,0.0,161.646341,0.0,27.0,35.42092808,0.09605479098261985,0.4,77356.0,0.1430096994970744,138283.2289286961,11062.658314295688,11062.658314295688
0,93542.0,99198.0,,6.0,,,,,,30.08034344,0.09231909335619298,0.4,93542.0,0.1406855610426525,164500.1093881475,13160.0087510518,13160.0087510518
0,93413.0,134653.0,ProfExe,,0.0,0.0,219.5706538,1.0,21.0,27.28456073,0.057989126708250766,0.4,93413.0,0.11363729177663454,132690.00420913452,10615.200336730763,10615.200336730763
0,36253.0,88461.0,Other,24.0,0.0,0.0,255.0887578,0.0,7.0,26.86761738,0.04983865898181024,0.4,36253.0,0.10522607508862039,47684.511252346936,3814.760900187755,3814.760900187755
0,128020.0,164199.0,ProfExe,7.0,0.0,0.0,175.8848079,0.0,37.0,21.2323579,0.031007098027893764,0.4,128020.0,0.0811631226899437,129881.2870845824,10390.502966766593,10390.502966766593
1,94601.0,99755.0,Other,3.0,0.0,0.0,129.5643008,0.0,16.0,37.96930454,0.18098041384957386,0.4,94601.0,0.1761967903877979,208354.90709345086,16668.39256747607,16668.39256747607
0,46929.0,71169.0,Other,6.0,0.0,0.0,57.88081593,2.0,19.0,35.55208815,0.2543717995954999,0.4,46929.0,0.1860603476574717,109145.32569021863,8731.62605521749,8731.62605521749
0,155284.0,197634.0,ProfExe,15.0,,,103.7859943,0.0,24.0,29.54032204,0.09927684560142865,0.4,155284.0,0.14493589796018597,281327.82473561895,22506.225978849518,22506.225978849518
0,108488.0,139559.0,ProfExe,11.0,0.0,0.0,190.9727785,0.0,23.0,34.08001623,0.08625592042751953,0.4,108488.0,0.13669257000883492,185368.79418898103,14829.503535118483,14829.503535118483
0,,57156.0,Other,,0.0,0.0,289.5456726,0.0,19.0,40.16294454,0.0830409834792261,0.4,0.0,0.1344571884089061,0.0,0.0,0.0
0,76502.0,101288.0,Other,20.0,0.0,0.0,188.0777225,0.0,12.0,40.35190229,0.1521635747987511,0.4,76502.0,0.1683325626084693,160972.22130841398,12877.777704673119,12877.777704673117
0,96495.0,122362.0,Mgr,8.0,0.0,0.0,120.9792917,2.0,24.0,29.80983516,0.11816538094978662,0.4,96495.0,0.1549205220465132,186863.19718597864,14949.055774878292,14949.05577487829
0,74979.0,109716.0,Mgr,9.0,0.0,1.0,289.8223697,1.0,28.0,31.47990688,0.08811435266874872,0.4,74979.0,0.13794663691676531,129288.76111727682,10343.100889382145,10343.100889382147
0,76733.0,105624.0,Mgr,1.0,,,225.3275079,5.0,23.0,40.69195368,0.1954411075760384,0.4,76733.0,0.17917514869828155,171858.08356331545,13748.646685065236,13748.646685065238
0,49361.0,81914.0,Mgr,4.0,0.0,0.0,264.9370662,2.0,25.0,32.01024461,0.06261537581492463,0.4,49361.0,0.11800400302579242,72809.94491695175,5824.79559335614,5824.79559335614
0,127010.0,171758.0,Mgr,25.0,,5.0,335.6156509,0.0,27.0,32.36504156,0.5952644380683239,0.4,127010.0,0.13812693025670392,219293.76764879955,17543.501411903966,17543.501411903966
0,39166.0,84407.0,ProfExe,11.0,0.0,0.0,276.121973,0.0,19.0,38.96836653,0.08032077086156662,0.4,39166.0,0.13249784175177157,64867.63087562357,5189.410470049886,5189.410470049886
0,,147730.0,,,,,,,,16.17924959,0.037611848804121134,0.4,0.0,0.09049204415121885,0.0,0.0,0.0
0,,97634.0,Other,8.0,0.0,0.0,177.5697403,1.0,16.0,40.77224843,0.18185779801481924,0.4,0.0,0.17639452404031056,0.0,0.0,0.0
0,,74988.0,Sales,2.0,0.0,0.0,393.5104724,0.0,23.0,24.05020799,0.043726805985530776,0.4,0.0,0.09822010055613976,0.0,0.0,0.0
0,,146840.0,,,,,,,,14.80008716,0.03434629484243706,0.4,0.0,0.08602096248001888,0.0,0.0,0.0
0,132706.0,170396.0,ProfExe,8.0,0.0,0.0,147.4149491,0.0,37.0,19.51853186,0.032368214564914545,0.4,132706.0,0.08318044778441008,137981.80629597406,11038.544503677926,11038.544503677924
0,52760.0,81362.0,,,,,,,,38.02467732,0.14807134210546366,0.4,52760.0,0.16697896664417256,110122.62850183182,8809.810280146545,8809.810280146545
0,,57761.0,Other,,0.0,0.0,310.4829388,0.0,18.0,38.50570506,0.06812901306439065,0.4,0.0,0.12287036796047231,0.0,0.0,0.0
0,64659.0,96063.0,Mgr,8.0,0.0,0.0,201.0682871,2.0,18.0,31.54182212,0.09730259712724815,0.4,64659.0,0.14376407743778066,116195.51853811825,9295.64148304946,9295.64148304946
0,52644.0,96376.0,Other,7.0,0.0,0.0,238.3801452,0.0,19.0,34.94670077,0.07902995291888025,0.4,52644.0,0.13154543935587487,86563.47636813346,6925.0781094506765,6925.0781094506765
0,62754.0,101781.0,ProfExe,19.0,0.0,0.0,628.9819479,0.0,24.0,20.20030223,0.0025341959956863918,0.4,62754.0,0.015296814401993456,11999.203637283717,959.9362909826974,959.9362909826974
1,129697.0,167475.0,ProfExe,5.0,0.0,1.0,202.6038029,1.0,18.0,22.04393384,0.1020200491441718,0.4,129697.0,0.14652106780088112,237541.78663213598,19003.342930570878,19003.342930570878
0,,148018.0,,,,,,,,15.93805779,0.03701998146209592,0.4,0.0,0.08970077113863863,0.0,0.0,0.0
0,191970.0,232998.0,ProfExe,3.0,0.0,0.0,301.1384524,0.0,27.0,36.78846956,0.054000273951926824,0.4,191970.0,0.10964286010629708,263101.7481825731,21048.13985460585,21048.139854605848
0,64803.0,92258.0,Other,3.0,1.0,0.0,84.92588137,2.0,29.0,33.68409323,0.27194386744104176,0.4,64803.0,0.18676627875951474,151287.68953066043,12103.015162452835,12103.015162452833
0,90702.0,115355.0,Mgr,24.0,,0.0,308.85054,1.0,42.0,38.79333433,0.04064437356073358,0.4,90702.0,0.09442260405881542,107053.98791678344,8564.319033342676,8564.319033342676
0,70497.0,103855.0,Mgr,13.0,0.0,0.0,149.9896104,0.0,27.0,33.76898573,0.09288265651912367,0.4,70497.0,0.14104261421871142,124288.51468220624,9943.081174576499,9943.081174576499
0,41279.0,59993.0,Other,0.0,0.0,0.0,111.2375972,0.0,17.0,20.9297294,0.07124445335631252,0.4,41279.0,0.12547118713337752,64741.56417098363,5179.325133678691,5179.325133678691
0,18059.0,57109.0,Other,26.0,0.0,1.0,213.0362848,0.0,24.0,25.54701032,0.08281813156754245,0.4,18059.0,0.13429905457226074,30316.332831505708,2425.3066265204566,2425.3066265204566
0,95321.0,123082.0,Self,3.0,0.0,0.0,205.4415191,2.0,26.0,34.05349114,0.16690580826806703,0.4,95321.0,0.1727014750180343,205775.96625242557,16462.077300194047,16462.077300194047
0,,81255.0,Sales,3.0,0.0,0.0,405.8678483,0.0,22.0,23.54212992,0.040048930097517706,0.4,0.0,0.09366663233885755,0.0,0.0,0.0
0,64350.0,93126.0,Office,6.0,,,181.8260463,,16.0,39.39135211,0.08856338736365445,0.4,64350.0,0.13824557061805698,111201.2808658996,8896.102469271967,8896.102469271967
0,59702.0,97591.0,ProfExe,16.0,0.0,0.0,627.6620795,0.0,24.0,22.11885209,0.002970895339417198,0.4,59702.0,0.01718252598999592,12822.889583184204,1025.8311666547363,1025.8311666547363
0,136032.0,180899.0,ProfExe,21.0,0.0,0.0,240.3474711,0.0,24.0,41.59674747,0.09708132363201977,0.4,136032.0,0.1436310874839643,244230.3011577329,19538.424092618632,19538.424092618632
0,61067.0,96306.0,Other,5.0,0.0,0.0,228.898609,1.0,20.0,36.13495946,0.10019144702398017,0.4,61067.0,0.14546989860664947,111042.6287276533,8883.410298212264,8883.410298212262
1,67312.0,95000.0,Mgr,3.9,0.0,2.0,122.7666667,0.0,32.0,,0.3730669846361516,0.4,67312.0,0.18204652885406558,153173.9493778108,12253.915950224864,12253.915950224862
0,65017.0,88066.0,Other,3.0,0.0,0.0,93.55292753,1.0,29.0,32.01107938,0.13362988741610451,0.4,65017.0,0.16166113794537207,131384.0275724282,10510.722205794256,10510.722205794256
0,107241.0,138883.0,Mgr,9.0,1.0,0.0,201.7857441,5.0,18.0,41.14075208,0.3546183196122664,0.4,107241.0,0.18385730562463737,246463.01640614672,19717.04131249174,19717.041312491736
1,161754.0,193666.0,Mgr,2.0,0.0,0.0,260.251081,0.0,27.0,30.27892939,0.04336636959885385,0.4,161754.0,0.09778575735855793,197715.46744720227,15817.237395776183,15817.23739577618
0,28217.0,52804.0,Other,14.0,0.0,0.0,109.3656846,1.0,25.0,30.58772816,0.11469108763561289,0.4,28217.0,0.1532390947179527,54049.34419570588,4323.947535656471,4323.947535656471
0,41174.0,86851.0,Other,25.0,0.0,0.0,267.1326089,0.0,7.0,24.38038951,0.03932421313746211,0.4,41174.0,0.09273630513898785,47729.05784740858,3818.3246277926864,3818.324627792686
0,131767.0,174684.0,Mgr,24.0,,4.0,329.647795,1.0,28.0,32.36162706,0.4376291100917958,0.4,131767.0,0.17307467665945717,285069.1364923336,22805.53091938669,22805.530919386692
0,41130.0,81069.0,ProfExe,8.0,0.0,0.0,276.0876189,0.0,19.0,38.50140658,0.07950231937432747,0.4,41130.0,0.13189568750940237,67810.8703407715,5424.86962726172,5424.869627261719
0,88244.0,103144.0,,8.0,,,,,,31.0726936,0.09695175671747178,0.4,88244.0,0.14355305884232203,158346.20155602333,12667.696124481867,12667.696124481865
0,50876.0,74270.0,Other,5.0,0.0,0.0,72.00450998,1.0,19.0,34.9570299,0.20995457981466112,0.4,50876.0,0.1816028343056217,115490.32247666012,9239.22579813281,9239.225798132811
0,108464.0,155821.0,Mgr,16.0,0.0,0.0,170.2231566,0.0,26.0,35.059327,0.0904585783152412,0.4,108464.0,0.13949013610312258,189120.7265286136,15129.658122289087,15129.658122289087
0,,56390.0,Other,,0.0,1.0,314.2737125,0.0,19.0,37.74372511,0.12729045905120573,0.4,0.0,0.1590381965926617,0.0,0.0,0.0
0,58696.0,102176.0,ProfExe,18.0,0.0,0.0,629.0957663,0.0,23.0,22.82560712,0.0031196533156121558,0.4,58696.0,0.01780363076438121,13062.523891826493,1045.0019113461194,1045.0019113461194
0,,150364.0,,,,,,,,17.12566043,0.040023264800943786,0.4,0.0,0.09363387860130987,0.0,0.0,0.0
0,91732.0,140728.0,ProfExe,,0.0,0.0,203.9066776,0.0,21.0,27.69223742,0.05733487230267111,0.4,91732.0,0.11299724931300381,129568.29592475583,10365.463673980466,10365.463673980466
0,62893.0,90989.0,Office,4.0,,,179.8468627,,16.0,38.63094673,0.08644471016142283,0.4,62893.0,0.1368212175810005,107563.71046652329,8605.096837321864,8605.096837321864
0,76561.0,111389.0,Mgr,8.0,0.0,1.0,301.2329108,2.0,28.0,30.34670611,0.08767161876654686,0.4,76561.0,0.1376503562858856,131733.1115950461,10538.648927603688,10538.648927603686
0,68275.0,89967.0,ProfExe,8.0,1.0,0.0,140.7144149,4.0,25.0,33.6949437,0.26931960062951027,0.4,68275.0,0.186694759475818,159332.30879014343,12746.584703211474,12746.584703211474
1,58577.0,69327.0,Other,4.0,0.0,2.0,110.4144797,2.0,33.0,133.5282704,0.9986083976645252,0.4,58577.0,0.0005555267305210609,406.76361617165236,32.54108929373219,32.541089293732185
0,,46846.0,Other,,,,77.55320305,,13.0,25.61429467,0.13325880124287312,0.4,0.0,0.1615126925359976,0.0,0.0,0.0
0,72681.0,105405.0,Mgr,0.0,,,230.0750645,4.0,23.0,43.51909332,0.2017159711774242,0.4,72681.0,0.18029043361372815,163796.1125684922,13103.689005479375,13103.689005479377
0,76213.0,184360.0,Other,12.0,0.0,0.0,379.3499549,0.0,16.0,32.04036608,0.03067978897827117,0.4,76213.0,0.08067001674380916,76851.2998261991,6148.103986095928,6148.103986095928
0,48191.0,65080.0,Other,26.0,0.0,0.0,302.849884,2.0,32.0,33.87069555,0.044220452069257926,0.4,48191.0,0.09881093949976798,59522.47481791648,4761.797985433319,4761.797985433319
1,72638.0,109183.0,ProfExe,2.0,0.0,0.0,177.611648,2.0,22.0,48.27759122,0.27651383406531554,0.4,72638.0,0.18686352361564337,169667.4078549138,13573.392628393103,13573.392628393103
1,163805.0,216500.0,Self,3.5,,,,,,,0.20435559704795062,0.4,163805.0,0.18072931560870523,370054.5692910495,29604.36554328396,29604.36554328396
0,131200.0,163390.0,Other,7.0,1.0,0.0,215.0666667,1.0,20.0,,0.1642514894950205,0.4,131200.0,0.17197079800893048,282032.10873464594,22562.568698771676,22562.56869877168
0,213000.0,280000.0,ProfExe,7.0,,5.0,468.8666667,,56.0,,0.3531543616236977,0.4,213000.0,0.18398497961953167,489860.0082370031,39188.80065896025,39188.800658960245
0,42600.0,69500.0,Other,10.0,0.0,0.0,119.7,1.0,20.0,,0.15836594511685817,0.4,42600.0,0.17026456142326368,90665.87895788791,7253.270316631033,7253.270316631033
1,56000.0,92000.0,Other,8.0,1.0,4.0,69.13333333,2.0,27.0,,0.9131807134869709,0.4,56000.0,0.03362007840084851,23534.054880593958,1882.7243904475167,1882.7243904475167
1,47000.0,78000.0,Other,17.8,2.0,1.0,100.4666667,0.0,28.0,,0.5088526574230245,0.4,47000.0,0.15924048801726728,93553.78671014453,7484.302936811562,7484.302936811562
1,32000.0,55000.0,Other,0.4,0.0,0.0,211.0333333,0.0,23.0,,0.08740365703895824,0.4,32000.0,0.1374702865831165,54988.114633246594,4399.049170659728,4399.049170659728
0,48003.0,64720.0,Office,4.0,0.0,0.0,160.6060458,1.0,26.0,33.6299233,0.056526791759474435,0.4,48003.0,0.1121986840926746,67323.41790625823,5385.873432500658,5385.873432500659
0,32946.0,52054.0,Self,6.0,0.0,,123.0672167,,10.0,24.02181712,0.16903272715383577,0.4,32946.0,0.17327006594260724,71356.94490681423,5708.555592545138,5708.555592545138
0,,49906.0,Other,,,,96.75696905,,13.0,27.44124241,0.13456720902898017,0.4,0.0,0.1620333439464589,0.0,0.0,0.0
0,71902.0,101750.0,Other,5.0,0.0,0.0,214.3892524,0.0,13.0,29.04596406,0.07137984489869821,0.4,71902.0,0.1255819081505772,112869.87949803502,9029.590359842801,9029.590359842803
0,95352.0,115077.0,Other,24.0,0.0,0.0,253.3293713,0.0,26.0,39.81680057,0.0766891741869645,0.4,95352.0,0.12977987641824182,154684.63470290243,12374.770776232195,12374.770776232193
0,71680.0,101492.0,Mgr,1.0,,,230.3616162,5.0,24.0,39.87270885,0.17892176790080502,0.4,71680.0,0.17572384091664872,157448.56146131727,12595.884916905381,12595.884916905381
0,61524.0,96308.0,Office,1.0,0.0,0.0,160.3831682,1.0,21.0,35.1122412,0.0706236094523535,0.4,61524.0,0.12496104853118957,96101.29437291135,7688.103549832907,7688.103549832907
0,141937.0,179756.0,Mgr,6.0,0.0,0.0,328.3984932,0.0,16.0,43.91004585,0.08779998886971511,0.4,141937.0,0.13773642061695132,244373.67916385274,19549.89433310822,19549.89433310822
0,75837.0,183443.0,Other,9.0,0.0,0.0,377.29104,0.0,17.0,31.43531612,0.029756472244877406,0.4,75837.0,0.0792616978752018,75137.11727202099,6010.969381761679,6010.969381761679
0,93805.0,135780.0,ProfExe,5.0,0.0,0.0,155.0253817,0.0,31.0,34.64492165,0.0952357711375074,0.4,93805.0,0.142508658800235,167100.30923445057,13368.024738756047,13368.024738756045
0,83458.0,107589.0,Mgr,24.0,,0.0,314.066374,1.0,43.0,38.04372621,0.0367436785372759,0.4,83458.0,0.0893285638878103,93189.7910618609,7455.183284948872,7455.183284948872
0,133867.0,174105.0,Mgr,26.0,,3.0,332.4098399,0.0,28.0,30.76863769,0.21245949458892655,0.4,133867.0,0.18196897982597093,304495.5177795406,24359.64142236325,24359.64142236325
0,42862.0,63916.0,Office,5.0,0.0,0.0,182.93212,1.0,26.0,35.58378924,0.05624159520770493,0.4,42862.0,0.11191469714452473,59961.096862607745,4796.88774900862,4796.887749008619
0,72712.0,185787.0,Other,10.0,0.0,0.0,362.1817044,1.0,16.0,31.86715522,0.038525713464560116,0.4,72712.0,0.09169796376037805,83344.2792618076,6667.542340944608,6667.542340944608
0,109498.0,156191.0,Mgr,15.0,0.0,0.0,186.2019963,0.0,25.0,33.79421161,0.07877133585344577,0.4,109498.0,0.13135283164654998,179785.90449542413,14382.87235963393,14382.87235963393
0,64601.0,100170.0,Office,2.0,0.0,0.0,156.675375,0.0,21.0,34.00023607,0.058937432549972836,0.4,64601.0,0.11455484233500837,92504.46712104844,7400.357369683875,7400.357369683876
0,235937.0,266793.0,Self,5.0,1.0,0.0,242.6148614,2.0,51.0,36.88704865,0.16331932690395032,0.4,235937.0,0.17170854799072466,506404.99609109503,40512.3996872876,40512.3996872876
0,184526.0,237546.0,ProfExe,2.0,0.0,0.0,291.6334148,0.0,26.0,39.48391375,0.06957934654197465,0.4,184526.0,0.1240939221012921,286231.9383707878,22898.555069663023,22898.555069663023
0,62811.0,99320.0,Office,3.0,0.0,0.0,166.8610989,1.0,21.0,36.07127157,0.07151551826303972,0.4,62811.0,0.12569267090341135,98686.02940142713,7894.882352114171,7894.88235211417
0,96345.0,135081.0,ProfExe,,0.0,0.0,217.4805423,0.0,20.0,26.79993001,0.05126682492225069,0.4,96345.0,0.10677206294615871,128586.93005684577,10286.954404547661,10286.954404547661
0,112948.0,159050.0,Mgr,16.0,0.0,0.0,189.8390087,0.0,25.0,33.49396616,0.07529761162813244,0.4,112948.0,0.12870610332363594,181713.7119774754,14537.096958198033,14537.096958198032
1,129355.0,171709.0,ProfExe,0.0,0.0,0.0,328.5141214,0.0,30.0,40.04844004,0.05465232698752495,0.4,129355.0,0.11031122050703233,178366.3491085896,14269.307928687169,14269.307928687167
0,96043.0,140090.0,ProfExe,21.0,0.0,0.0,162.6404305,0.0,24.0,39.20510043,0.12629659722027556,0.4,96043.0,0.15860982276603736,190417.04009898158,15233.363207918526,15233.363207918526
1,14511.0,81579.0,Other,7.0,0.0,3.0,272.938299,0.0,23.0,47.12058049,0.6092538714147347,0.4,14511.0,0.13433488817338632,24366.66952855011,1949.3335622840086,1949.3335622840088
0,40905.0,81651.0,ProfExe,6.0,0.0,0.0,274.0020796,0.0,19.0,40.10944251,0.09003205658985272,0.4,40905.0,0.13921243081079093,71181.05602894255,5694.484482315404,5694.4844823154035
0,131804.0,171144.0,ProfExe,6.0,0.0,0.0,197.768728,0.0,37.0,19.77885179,0.024993202756316016,0.4,131804.0,0.07155399582693393,117888.785824665,9431.1028659732,9431.1028659732
0,144542.0,176611.0,ProfExe,5.0,,,179.239077,5.0,42.0,40.82316043,0.17335609118958387,0.4,144542.0,0.1743806135963943,315066.5331306253,25205.322650450027,25205.322650450027
0,82472.0,110321.0,Other,,0.0,0.0,174.2399806,2.0,25.0,37.91287247,0.1485106605200109,0.4,82472.0,0.1671273757108478,172291.611620313,13783.32892962504,13783.328929625039
0,103162.0,135013.0,Mgr,9.0,1.0,0.0,188.9398399,5.0,18.0,40.67081708,0.36471318892245486,0.4,103162.0,0.18291206182876227,235869.67652973466,18869.574122378774,18869.574122378774
0,81144.0,106102.0,Mgr,7.0,0.0,0.0,288.3727394,1.0,28.0,33.27141336,0.04832597083758807,0.4,81144.0,0.10355246046216543,105033.26064677439,8402.660851741952,8402.660851741952
0,65310.0,89959.0,Other,2.0,0.0,0.0,89.7941492,1.0,30.0,33.98609881,0.15082300032470736,0.4,65310.0,0.1678962022740883,137066.26213150882,10965.300970520706,10965.300970520708
0,143821.0,177028.0,Mgr,8.0,0.0,0.0,320.9234361,0.0,16.0,44.75295886,0.0951134516584298,0.4,143821.0,0.14243342431360814,256061.46897759294,20484.917518207436,20484.917518207436
1,36000.0,,Other,19.0,4.0,0.0,113.5666667,2.0,20.0,,0.686404654962241,0.4,36000.0,0.11183661358913066,50326.4761151088,4026.118089208704,4026.1180892087036
1,84083.0,107407.0,Self,2.0,0.0,1.0,153.2333333,6.0,23.0,,0.5374501219986315,0.4,84083.0,0.1527249155743968,160519.61345302506,12841.569076242005,12841.569076242005
0,61496.0,102823.0,ProfExe,18.0,0.0,0.0,649.7471044,1.0,24.0,20.87256027,0.0026972302238214086,0.4,61496.0,0.016012326657203316,12308.67550139219,984.6940401113752,984.6940401113751
1,71734.0,100072.0,ProfExe,6.0,0.0,7.0,122.7994431,0.0,21.0,34.53043859,0.9751531206690206,0.4,71734.0,0.00981664251400649,8802.33792624677,704.1870340997416,704.1870340997416
0,27793.0,50177.0,Other,16.0,0.0,0.0,136.401603,1.0,24.0,28.0529211,0.08568751154336693,0.4,27793.0,0.13630350612660283,47353.541822208404,3788.2833457766724,3788.2833457766724
1,103783.0,132612.0,Sales,1.0,0.0,,120.3479666,0.0,19.0,203.3121487,0.9999810520977047,0.4,103783.0,7.577545754644532e-06,9.830255388178418,0.7864204310542735,0.7864204310542735
0,91957.0,135827.0,ProfExe,,0.0,1.0,203.0716875,0.0,20.0,27.83335613,0.12192986693834715,0.4,91957.0,0.15667024018612122,180086.56595993935,14406.92527679515,14406.92527679515
0,88825.0,104609.0,,8.0,,,,,,28.01323884,0.08013178026460646,0.4,88825.0,0.13235932378586154,146960.2116909894,11756.816935279154,11756.816935279152
0,89847.0,136259.0,ProfExe,,0.0,0.0,210.0161196,0.0,21.0,29.77994226,0.06336968120555142,0.4,89847.0,0.11869066883678542,133300.00653723325,10664.00052297866,10664.00052297866
0,64332.0,95770.0,Office,13.0,0.0,0.0,128.2392225,0.0,13.0,35.15764561,0.08200035917427159,0.4,64332.0,0.13371515639104384,107527.04301185791,8602.163440948632,8602.163440948632
0,81379.0,105005.0,Other,,0.0,0.0,186.8909246,1.0,24.0,37.88976871,0.1265001517597191,0.4,81379.0,0.15869794706184714,161433.50292432573,12914.68023394606,12914.68023394606
0,91165.0,99564.0,,8.0,,,,,,28.97862141,0.08512931109699767,0.4,91165.0,0.1359188831732352,154888.06230609983,12391.044984487988,12391.044984487986
0,72262.0,94646.0,Other,2.0,0.0,0.0,105.9992656,1.0,29.0,31.8406351,0.12481514591284788,0.4,72262.0,0.15796238343674196,142683.4718988231,11414.677751905849,11414.677751905847
0,89427.0,106590.0,,6.0,,,,,,29.37165152,0.0883416519874182,0.4,89427.0,0.1380981519283985,154371.29290626117,12349.703432500894,12349.703432500892
0,48549.0,68957.0,Office,6.0,0.0,0.0,172.8107266,1.0,27.0,34.4567622,0.05380212706588872,0.4,48549.0,0.10943852696390183,66414.13806963088,5313.131045570471,5313.13104557047
0,125750.0,165732.0,ProfExe,6.0,0.0,0.0,195.0845391,0.0,38.0,20.73303164,0.026449697079352474,0.4,125750.0,0.07399447271136932,116310.06179318365,9304.804943454692,9304.804943454692
0,97865.0,120172.0,Self,2.0,0.0,0.0,200.5757523,1.0,26.0,36.39872872,0.17589979322951751,0.4,97865.0,0.17500636751078202,214087.47695553355,17126.998156442685,17126.99815644268
0,35634.0,61149.0,Other,,0.0,0.0,204.6427862,0.0,13.0,41.11515894,0.15481610407836052,0.4,35634.0,0.16917609032149405,75355.2600314515,6028.42080251612,6028.420802516119
0,89226.0,119604.0,Self,3.0,0.0,0.0,221.6813833,1.0,26.0,34.5562014,0.14162477349569783,0.4,89226.0,0.16471277788958122,183708.27899969718,14696.662319975774,14696.662319975774
0,90924.0,116819.0,Other,24.0,0.0,0.0,245.8978616,1.0,27.0,40.85742704,0.09418137428734857,0.4,90924.0,0.14185665114201668,161227.17685545905,12898.174148436725,12898.174148436725
0,45766.0,66192.0,Other,26.0,0.0,0.0,284.7815723,2.0,32.0,35.9367948,0.05596725285997802,0.4,45766.0,0.1116404496466944,63866.7102316327,5109.336818530616,5109.336818530615
0,95289.0,122273.0,Mgr,9.0,0.0,0.0,118.6161343,1.0,23.0,30.44727454,0.11216326873348993,0.4,95289.0,0.1519740319076606,181018.16908061338,14481.453526449071,14481.45352644907
0,,90205.0,Other,9.0,0.0,0.0,169.0149735,0.0,16.0,38.69873592,0.15004798158083138,0.4,0.0,0.1676408105864791,0.0,0.0,0.0
0,90246.0,119320.0,Other,22.0,0.0,0.0,239.2596449,1.0,26.0,41.33669648,0.10386357279003441,0.4,90246.0,0.14755901034019622,166457.63058951686,13316.610447161349,13316.610447161349
1,52457.0,77436.0,Other,16.0,0.0,0.0,,0.0,0.0,33.56876627,0.1430578878726693,0.4,52457.0,0.1652311244781405,108344.1137093727,8667.529096749817,8667.529096749817
0,18989.0,51607.0,Other,26.0,0.0,1.0,206.765495,0.0,24.0,27.55140882,0.09703019288344639,0.4,18989.0,0.14360030898894707,34085.32834238895,2726.8262673911163,2726.826267391116
0,44952.0,70191.0,Office,6.0,0.0,0.0,164.9639399,1.0,26.0,35.78815771,0.06256791643597694,0.4,44952.0,0.1179605694504966,66282.04397423404,5302.563517938724,5302.563517938723
0,68049.0,93394.0,Mgr,6.0,0.0,0.0,191.1124423,2.0,18.0,32.13282224,0.10768315811010269,0.4,68049.0,0.14964203123343028,127287.38229254622,10182.990583403698,10182.990583403698
0,133197.0,168990.0,Other,8.0,1.0,0.0,214.2845994,0.0,19.0,36.64262904,0.16555278632584022,0.4,133197.0,0.17233197197601197,286926.2708911108,22954.101671288867,22954.101671288867
0,48286.0,81958.0,Mgr,6.0,0.0,0.0,248.8600943,2.0,25.0,32.46730089,0.06955574272005784,0.4,48286.0,0.12407418930646366,74888.0788106488,5991.046304851904,5991.046304851904
1,54816.0,87000.0,Other,3.5,0.0,1.0,223.2,0.0,17.0,,0.1804327782108848,0.4,54816.0,0.17607221397323305,120644.68101445927,9651.574481156742,9651.574481156744
1,,143168.0,Office,10.0,,,,,,35.73356733,0.06607585891878572,0.4,0.0,0.12109889907536589,0.0,0.0,0.0
0,,131203.0,Other,0.0,0.0,0.0,318.8471298,3.0,21.0,31.08415579,0.05756718577045332,0.4,0.0,0.1132251780363119,0.0,0.0,0.0
0,146371.0,179434.0,ProfExe,6.0,,,195.1781446,4.0,43.0,39.94505447,0.13256310717224634,0.4,146371.0,0.16123271880605608,294997.4285545154,23599.794284361233,23599.794284361233
0,75708.0,102198.0,Mgr,2.0,,,231.4343159,5.0,23.0,42.17978642,0.2048336288898875,0.4,75708.0,0.18080691999069123,171106.62873319065,13688.530298655252,13688.530298655252
0,,59600.0,Other,26.0,0.0,0.0,127.8,0.0,9.0,,0.15336635599211693,0.4,0.0,0.1687183052810192,0.0,0.0,0.0
0,90129.0,141785.0,ProfExe,23.0,1.0,0.0,158.9968245,0.0,25.0,40.33195033,0.2166109193951208,0.4,90129.0,0.18254313846415493,205655.38158294774,16452.43052663582,16452.43052663582
0,37858.0,60890.0,Other,2.0,0.0,0.0,110.0572738,0.0,17.0,19.26843955,0.06368842003043894,0.4,37858.0,0.11897877469572019,56303.73065538218,4504.298452430575,4504.298452430575
0,65587.0,87101.0,Other,3.0,0.0,0.0,83.23800004,2.0,30.0,32.03167837,0.15482030776467778,0.4,65587.0,0.1691774064198763,138697.98193575535,11095.838554860427,11095.838554860427
0,62742.0,111921.0,ProfExe,15.0,0.0,3.0,282.9760159,0.0,36.0,27.14820546,0.20770763128314415,0.4,62742.0,0.18126152539418025,142158.88282852073,11372.710626281658,11372.710626281658
0,132737.0,285749.0,Mgr,4.0,0.0,0.0,213.3929949,0.0,14.0,31.23611381,0.07818976940257999,0.4,132737.0,0.1309174925395518,217219.94009028107,17377.595207222486,17377.595207222486
0,94109.0,97194.0,ProfExe,1.0,1.0,0.0,116.8186482,0.0,20.0,35.86611643,0.2542829434889579,0.4,94109.0,0.18605538353090945,218868.57610887947,17509.486088710357,17509.486088710357
0,,66217.0,Other,24.0,0.0,1.0,122.1475515,1.0,8.0,20.17202126,0.15164446183100477,0.4,0.0,0.1681643978983745,0.0,0.0,0.0
0,55731.0,89079.0,Mgr,4.0,0.0,0.0,273.6743799,1.0,25.0,33.50940904,0.05798664279635488,0.4,55731.0,0.11363487271531121,79162.3136412126,6332.985091297009,6332.985091297009
0,190239.0,233603.0,ProfExe,3.0,0.0,0.0,285.3312927,0.0,27.0,39.91648297,0.07201554160241622,0.4,190239.0,0.12609926261818433,299862.4702652596,23988.99762122077,23988.99762122077
0,147696.0,118200.0,ProfExe,4.0,0.0,0.0,103.6727859,2.0,34.0,30.36171141,0.11534580404366429,0.4,147696.0,0.15356096347909304,283504.2507751016,22680.340062008127,22680.340062008127
0,86144.0,138953.0,Other,13.0,0.0,0.0,110.0541983,3.0,15.0,41.8416909,0.3147423601780526,0.4,86144.0,0.1864190863567926,200736.0721889943,16058.885775119545,16058.885775119543
0,62441.0,97293.0,Office,1.0,0.0,0.0,152.8327542,0.0,21.0,34.53125999,0.06269725916811213,0.4,62441.0,0.11807887622326939,92162.03887821455,7372.963110257164,7372.963110257164
1,,116983.0,Other,,0.0,1.0,143.4146448,0.0,10.0,35.06031985,0.2906520431605905,0.4,0.0,0.18695275420838828,0.0,0.0,0.0
0,70769.0,183593.0,Other,11.0,0.0,0.0,367.0984875,1.0,17.0,33.78919233,0.041301528775121873,0.4,70769.0,0.09524830048504061,84257.83721282298,6740.626977025839,6740.62697702584
0,30758.0,57280.0,Other,13.0,0.0,0.0,104.3956905,2.0,24.0,31.12039863,0.13995357872139444,0.4,30758.0,0.16409753532817245,63091.3998952991,5047.311991623928,5047.311991623928
0,87875.0,139025.0,Other,10.0,0.0,0.0,112.9125146,2.0,15.0,38.50589728,0.24328922713477089,0.4,87875.0,0.18532696468385268,203570.08776991942,16285.607021593554,16285.607021593554
0,136607.0,172414.0,Other,6.0,0.0,0.0,226.0402946,0.0,20.0,36.97693039,0.09448814858815716,0.4,136607.0,0.14204716679561274,242557.96643060338,19404.63731444827,19404.63731444827
0,,68208.0,Other,26.0,0.0,0.0,119.5859013,0.0,8.0,20.81825554,0.06935108745437032,0.4,0.0,0.1239028493651563,0.0,0.0,0.0
0,50424.0,70281.0,Other,24.0,0.0,0.0,312.7384712,4.0,31.0,35.77167592,0.06295301603245737,0.4,50424.0,0.1183122145145986,74572.1888085515,5965.7751046841195,5965.7751046841195
0,69846.0,189234.0,Other,11.0,0.0,0.0,357.8050619,0.0,17.0,30.56428034,0.03099261554018475,0.4,69846.0,0.08114137092093021,70842.50241679115,5667.400193343292,5667.400193343292
0,36438.0,80176.0,ProfExe,10.0,0.0,0.0,289.7015389,0.0,19.0,39.92995455,0.07975151317370685,0.4,36438.0,0.1320796549303913,60158.98082941998,4812.718466353599,4812.718466353598
0,57327.0,105411.0,ProfExe,14.0,0.0,3.0,276.1823627,0.0,35.0,29.2830325,0.24544796692878895,0.4,57327.0,0.1854881884762284,132918.51725970933,10633.481380776748,10633.481380776744
0,94908.0,101678.0,ProfExe,1.0,1.0,0.0,125.7017044,0.0,19.0,33.22431913,0.21653717739333203,0.4,94908.0,0.18253328991646056,216548.368492393,17323.86947939144,17323.86947939144
0,141000.0,175000.0,Other,2.0,0.0,0.0,192.7666667,0.0,35.0,,0.07421362911015754,0.4,141000.0,0.12785683716424442,225347.6755019808,18027.814040158464,18027.814040158464
0,82639.0,114266.0,Other,,0.0,0.0,186.1563472,2.0,25.0,37.9438682,0.14007652933269785,0.4,82639.0,0.16414319850642337,169557.872267154,13564.62978137232,13564.629781372321
0,96452.0,125277.0,Mgr,11.0,0.0,0.0,127.359922,1.0,23.0,30.98553896,0.10934398941098986,0.4,96452.0,0.15052022781068095,181474.7126599475,14517.9770127958,14517.977012795798
0,126254.0,169638.0,ProfExe,6.0,0.0,0.0,176.7491631,0.0,38.0,17.62092021,0.023894771245150482,0.4,126254.0,0.06966012778903044,109935.87217345311,8794.86977387625,8794.86977387625
0,82407.0,106431.0,Other,,0.0,0.0,169.8052711,0.0,24.0,39.48884444,0.13534363507406844,0.4,82407.0,0.16233869589248348,167223.06140514856,13377.844912411885,13377.844912411887
0,140284.0,182591.0,ProfExe,21.0,0.0,0.0,224.9413467,0.0,24.0,41.8717558,0.1071463942559917,0.4,140284.0,0.14935468598833926,261900.9096148523,20952.072769188184,20952.072769188184
0,56023.0,83659.0,Mgr,5.0,0.0,0.0,267.7555345,2.0,25.0,32.20078133,0.06200191920359844,0.4,56023.0,0.1174404658442311,82242.09022489199,6579.367217991359,6579.367217991358
0,76196.0,100929.0,Other,17.0,0.0,0.0,180.731154,1.0,13.0,41.52602645,0.18786215092292288,0.4,76196.0,0.17768757036141292,169238.52639072773,13539.082111258218,13539.082111258218
0,,78878.0,Sales,4.0,0.0,0.0,408.1876462,0.0,23.0,24.20093583,0.04010754124271752,0.4,0.0,0.09374137843860693,0.0,0.0,0.0
0,57553.0,101656.0,ProfExe,19.0,0.0,0.0,648.3284926,0.0,23.0,22.84647896,0.002770290945759322,0.4,57553.0,0.016328395375266508,11746.851737908917,939.7481390327134,939.7481390327133
1,43712.0,75191.0,Office,6.0,0.0,0.0,50.71753483,2.0,18.0,37.10325125,0.16438986635184516,0.4,43712.0,0.17200947635706076,93985.977881498,7518.87823051984,7518.87823051984
0,,78812.0,Sales,4.0,0.0,0.0,412.0205467,0.0,24.0,25.63726309,0.04218016216837093,0.4,0.0,0.09633844253431972,0.0,0.0,0.0
0,138632.0,186585.0,ProfExe,20.0,0.0,0.0,225.8977256,0.0,24.0,42.76682961,0.11325839902127412,0.4,138632.0,0.15252649072188687,264313.15577195777,21145.052461756623,21145.05246175662
0,144373.0,180927.0,ProfExe,5.0,,,175.8153754,5.0,43.0,40.31579003,0.16807116849852954,0.4,144373.0,0.1730148549067058,312233.42059307295,24978.673647445838,24978.673647445834
0,,46665.0,Other,,,,85.1283538,,12.0,24.99135942,0.12599240716226412,0.4,0.0,0.1584777560782619,0.0,0.0,0.0
0,46910.0,75136.0,Other,10.0,0.0,0.0,119.2312044,1.0,19.0,43.829588,0.26259022194170534,0.4,46910.0,0.18645777467849559,109334.17762710285,8746.734210168228,8746.734210168228
0,93734.0,98099.0,,8.0,,,,,,30.02008799,0.0908362024979,0.4,93734.0,0.13973485864218468,163723.84049958174,13097.90723996654,13097.907239966538
0,62949.0,99295.0,Office,15.0,0.0,0.0,145.3552803,0.0,14.0,36.03276029,0.07631554696822511,0.4,62949.0,0.12949337089681595,101893.47755729585,8151.478204583668,8151.478204583667
1,76000.0,106000.0,Sales,2.6,1.0,0.0,138.9666667,2.0,38.0,,0.41639672742813894,0.4,76000.0,0.1764422603944866,167620.14737476228,13409.611789980983,13409.611789980981
0,82983.0,106877.0,Other,,0.0,0.0,177.0176744,2.0,24.0,40.99520822,0.17809920168364785,0.4,82983.0,0.1755313036731877,182076.42715890167,14566.114172712134,14566.114172712136
0,87141.0,140428.0,ProfExe,22.0,1.0,0.0,169.2836314,1.0,25.0,40.98061565,0.23817976090445475,0.4,87141.0,0.18490882166453582,201414.24535836643,16113.139628669314,16113.139628669316
0,104752.0,143913.0,,,,,,,,36.76101419,0.13750950416768679,0.4,104752.0,0.1631764766901549,213663.27857808882,17093.062286247106,17093.062286247106
0,18825.0,55549.0,Other,26.0,0.0,1.0,203.8609299,0.0,25.0,26.62907739,0.09117138707433527,0.4,18825.0,0.1399511811747392,32932.26232018082,2634.5809856144656,2634.5809856144656
0,58068.0,97948.0,Office,1.0,0.0,0.0,160.0582364,1.0,21.0,34.35546078,0.06742553453132369,0.4,58068.0,0.122268669412707,88748.71369321337,7099.89709545707,7099.8970954570705
0,74390.0,186176.0,Other,10.0,0.0,0.0,363.1401917,1.0,16.0,30.27099531,0.034494774728776295,0.4,74390.0,0.08623000481394784,80183.12572636975,6414.65005810958,6414.65005810958
0,,71798.0,Office,6.0,0.0,0.0,119.7119548,2.0,5.0,19.62452779,0.05069512006676567,0.4,0.0,0.10615709120075381,0.0,0.0,0.0
0,76390.0,110315.0,Mgr,7.0,0.0,0.0,275.9553562,2.0,29.0,29.71360104,0.04563736089704763,0.4,76390.0,0.10048150336304383,95947.27552378648,7675.7820419029185,7675.7820419029185
0,45279.0,68939.0,Other,6.0,0.0,0.0,77.22882195,1.0,19.0,35.5214873,0.21009088181260557,0.4,45279.0,0.1816231447786244,102796.42965539168,8223.714372431334,8223.714372431334
1,19612.0,77300.0,ProfExe,15.0,0.0,6.0,173.4666667,0.0,19.0,,0.9301817884702849,0.4,19612.0,0.027181785916838088,6663.6148175128565,533.0891854010285,533.0891854010285
0,188250.0,233800.0,ProfExe,2.0,0.0,0.0,307.5727526,1.0,27.0,36.6907244,0.05904329181079548,0.4,188250.0,0.1146565318668488,269801.1515491785,21584.092123934282,21584.092123934286
1,55753.0,87971.0,Other,1.0,0.0,0.0,56.6670994,0.0,13.0,64.77572776,0.6973752559106967,0.4,55753.0,0.10843815963791022,75571.9089286551,6045.752714292408,6045.752714292408
1,9124.0,41900.0,Other,28.0,0.0,2.0,120.7333333,1.0,16.0,,0.4669949788363344,0.4,9124.0,0.16781716116305523,19139.54723064645,1531.163778451716,1531.1637784517159
0,46884.0,68142.0,Other,8.0,0.0,0.0,59.40577506,1.0,18.0,35.69663623,0.23185760335260802,0.4,46884.0,0.18431835916384798,108019.77438797311,8641.58195103785,8641.581951037848
0,,55669.0,Other,,0.0,1.0,308.4251258,0.0,18.0,37.65407524,0.1331061366566184,0.4,0.0,0.16145144200647865,0.0,0.0,0.0
0,101536.0,147601.0,ProfExe,10.0,0.0,0.0,161.2557418,1.0,23.0,32.71942124,0.1054419497508697,0.4,101536.0,0.14843066039120117,188388.19416851253,15071.055533481003,15071.055533481003
0,44372.0,67279.0,Other,6.0,0.0,0.0,75.81397134,2.0,19.0,36.52956948,0.2470020414780359,0.4,44372.0,0.1855986725844823,102942.3037489831,8235.384299918649,8235.384299918647
0,7500.0,26500.0,Other,17.0,3.0,0.0,126.8333333,2.0,19.0,,0.5386413540157997,0.4,7500.0,0.15244280311091415,14291.512791648202,1143.3210233318562,1143.3210233318562
0,236803.0,267036.0,Self,7.0,0.0,0.0,252.0735449,1.0,50.0,38.07409059,0.08959994228391988,0.4,236803.0,0.13892967572088732,411237.049996666,32898.963999733285,32898.96399973328
0,,63096.0,Other,,0.0,0.0,313.8097259,0.0,19.0,37.51332405,0.06144721993093498,0.4,0.0,0.11692692186009912,0.0,0.0,0.0
0,21549.0,49842.0,Other,25.0,0.0,0.0,300.2963125,,12.0,30.20398928,0.048517392340231634,0.4,21549.0,0.1037663488658853,27950.763146387028,2236.061051710962,2236.0610517109626
0,90475.0,136094.0,ProfExe,,0.0,1.0,207.784271,0.0,21.0,30.54921583,0.13710726753321287,0.4,90475.0,0.16302243385074508,184368.18378307702,14749.454702646162,14749.45470264616
0,70694.0,95718.0,Office,11.0,0.0,0.0,138.1673596,0.0,13.0,38.56120628,0.09726842448511969,0.4,70694.0,0.14374356091667992,127022.59119304712,10161.80729544377,10161.80729544377
0,16082.0,31196.0,Other,17.0,2.0,0.0,123.3686461,1.0,19.0,26.71625685,0.24961852104380697,0.4,16082.0,0.18577426104308523,37345.270826186206,2987.6216660948967,2987.6216660948967
0,95060.0,134567.0,ProfExe,,0.0,0.0,194.2510061,0.0,20.0,27.15706127,0.05972789685442814,0.4,95060.0,0.1153106436101949,137017.8722698141,10961.42978158513,10961.429781585128
0,31992.0,57986.0,Other,,0.0,0.0,226.2432432,0.0,12.0,38.67184311,0.12249663723830069,0.4,31992.0,0.15692736024995402,62755.25136395661,5020.420109116529,5020.420109116529
1,,105700.0,Other,0.8,,,,,,,0.12753046121974296,0.4,0.0,0.15914092997995916,0.0,0.0,0.0
0,80406.0,108122.0,Other,17.0,0.0,0.0,211.9232754,0.0,13.0,41.4948398,0.14393755766572117,0.4,80406.0,0.16554511854388637,166385.2600204966,13310.820801639728,13310.820801639728
0,27800.0,43403.0,Other,27.0,0.0,0.0,307.6242388,,12.0,31.91370468,0.05135203183880703,0.4,27800.0,0.1068632783250097,37134.98921794087,2970.7991374352696,2970.79913743527
0,85097.0,100730.0,,9.0,,,,,,29.50851727,0.087442625023398,0.4,85097.0,0.13749650814306233,146256.75441812718,11700.540353450175,11700.540353450175
0,90244.0,120751.0,Self,3.0,0.0,0.0,194.9872525,1.0,26.0,35.40605965,0.1699463730217346,0.4,90244.0,0.17350976535524482,195727.6908089839,15658.215264718712,15658.215264718714
0,55284.0,92305.0,Other,7.0,0.0,0.0,241.0836493,1.0,19.0,37.47975712,0.10283991439855424,0.4,55284.0,0.1469853415776194,101574.22029721388,8125.93762377711,8125.93762377711
0,,62276.0,Other,26.0,0.0,0.0,127.024625,0.0,8.0,20.40782558,0.06484514716147449,0.4,0.0,0.12001424853237959,0.0,0.0,0.0
0,140328.0,183533.0,Mgr,8.0,0.0,0.0,322.7881144,0.0,17.0,45.41317756,0.09607874292854085,0.4,140328.0,0.14302428159401753,250878.89234406615,20070.311387525293,20070.311387525293
0,87884.0,116559.0,Mgr,23.0,,0.0,314.3944934,0.0,42.0,37.98813172,0.033092119160515764,0.4,87884.0,0.08423218200647477,92533.26354321286,7402.661083457029,7402.661083457028
0,,151738.0,,,,,,,,16.42639471,0.038227752614840814,0.4,0.0,0.09130686384405373,0.0,0.0,0.0
0,43427.0,68308.0,Other,25.0,0.0,0.0,302.772262,2.0,31.0,34.87185516,0.04858094813230842,0.4,43427.0,0.10383722793714363,56366.741220329204,4509.339297626337,4509.339297626337
0,96072.0,122441.0,Mgr,10.0,0.0,0.0,127.741782,1.0,24.0,33.60803731,0.12601872163567857,0.4,96072.0,0.15848919849162435,190329.67846859168,15226.374277487335,15226.374277487335
0,31243.0,50602.0,Self,3.0,1.0,,135.1985187,,11.0,25.35716493,0.2711784971035103,0.4,31243.0,0.18674661272912468,72931.55526870054,5834.524421496043,5834.524421496042
0,144975.0,180539.0,ProfExe,6.0,,,193.1196811,5.0,43.0,39.59359522,0.14706111584161588,0.4,144975.0,0.1666348272226372,301973.5509575228,24157.884076601826,24157.88407660183
0,43948.0,86111.0,Other,24.0,0.0,0.0,258.3035939,0.0,7.0,26.61774876,0.048157914035013405,0.4,43948.0,0.10336416948501506,56783.10650659302,4542.648520527442,4542.648520527442
1,88783.0,116967.0,Self,2.0,0.0,0.0,171.5062567,5.0,23.0,56.96183857,0.6526780666514772,0.4,88783.0,0.12198537195201489,135377.8409751967,10830.227278015736,10830.227278015738
1,19500.0,38000.0,Other,,0.0,1.0,198.9,,17.0,,0.22075373519517025,0.4,19500.0,0.1830764442580274,44624.88328789418,3569.9906630315345,3569.9906630315345
0,16997.0,45000.0,Other,25.0,0.0,0.0,118.6666667,1.0,11.0,,0.17351261628988862,0.4,16997.0,0.17441970338722548,37057.646230908395,2964.611698472672,2964.6116984726714
0,137000.0,204963.0,ProfExe,5.0,0.0,0.0,189.7,1.0,28.0,,0.09622802231396674,0.4,137000.0,0.14311507374162188,245084.56378252746,19606.765102602196,19606.7651026022
0,114196.0,150000.0,Mgr,4.0,0.0,0.0,289.1333333,0.0,25.0,,0.05122746271074814,0.4,114196.0,0.10672988668511806,152351.57674867177,12188.126139893742,12188.126139893742
0,59300.0,88000.0,Other,16.0,0.0,0.0,97.93333333,1.0,17.0,,0.18032357498206045,0.4,59300.0,0.1760472655832544,130495.03561358732,10439.602849086985,10439.602849086987
1,35000.0,,Self,3.0,1.0,0.0,177.5,0.0,16.0,,0.3023597582540645,0.4,35000.0,0.18679676953333252,81723.58667083298,6537.886933666639,6537.8869336666385
1,136000.0,,ProfExe,3.0,1.0,6.0,303.2942857,1.0,27.0,,0.9198387456481655,0.4,136000.0,0.031107004883902657,52881.90830263452,4230.552664210762,4230.552664210762
1,18655.0,48800.0,Other,3.0,0.0,0.0,65.96666667,3.0,12.0,,0.2980611024941447,0.4,18655.0,0.18687737231700252,43577.46725717103,3486.1973805736825,3486.197380573682
0,239568.0,266430.0,Self,7.0,0.0,0.0,243.7324175,3.0,50.0,35.87195895,0.10389438574398675,0.4,239568.0,0.1475761756037129,441931.6154628786,35354.52923703029,35354.52923703029
0,111488.0,163796.0,Mgr,15.0,0.0,0.0,185.8020505,0.0,25.0,32.22967397,0.07151343751671534,0.4,111488.0,0.12569097362140033,175162.94083878348,14013.03526710268,14013.03526710268
0,17575.0,50375.0,Other,23.0,0.0,0.0,135.7640508,0.0,11.0,22.9810051,0.06960528407540575,0.4,17575.0,0.1241155990639467,27266.64566936079,2181.3316535488634,2181.3316535488634
1,164155.0,225184.0,Self,2.0,,,,,,31.56422692,0.17155196346250304,0.4,164155.0,0.1739244631570998,356882.12811942154,28550.570249553723,28550.57024955372
0,57041.0,92081.0,Other,7.0,0.0,0.0,230.0597297,0.0,19.0,35.89670864,0.08774220933192454,0.4,57041.0,0.13769769897268594,98180.18058876223,7854.414447100979,7854.414447100979
0,77435.0,113000.0,ProfExe,10.0,0.0,1.0,124.7666667,0.0,19.0,,0.2633701914648198,0.4,77435.0,0.18648925477995743,180509.94304857505,14440.795443886003,14440.795443886003
1,30951.0,58000.0,Mgr,11.0,0.0,4.0,36.5,0.0,12.0,,0.8783097747742794,0.4,30951.0,0.04660357487042424,18030.34057268126,1442.4272458145008,1442.4272458145008
0,184697.0,238729.0,ProfExe,2.0,0.0,0.0,317.6925568,0.0,26.0,37.78203628,0.05398915757882744,0.4,184697.0,0.10963141194186446,253107.41114283176,20248.592891426542,20248.59289142654
0,61811.0,97086.0,Other,6.0,0.0,0.0,222.6265908,1.0,19.0,34.68253701,0.09611279738542064,0.4,61811.0,0.1430450072783748,110521.9368110453,8841.754944883625,8841.754944883625
0,80005.0,102098.0,Other,18.0,1.0,0.0,196.2531041,1.0,12.0,39.7589325,0.25470319300810185,0.4,80005.0,0.18607873387152948,186090.36379239647,14887.229103391717,14887.229103391717
0,104442.0,161366.0,Mgr,14.0,0.0,0.0,195.6423332,0.0,25.0,34.54080952,0.07892028223629505,0.4,104442.0,0.13146383462838448,171629.32270322167,13730.345816257734,13730.345816257732
0,95549.0,112283.0,Other,22.0,0.0,0.0,243.3497326,0.0,28.0,39.08269663,0.07505757214333052,0.4,95549.0,0.12851901768322355,153498.2952576791,12279.863620614327,12279.863620614327
0,57555.0,90732.0,Other,8.0,0.0,0.0,236.9619925,1.0,19.0,37.93487786,0.10741124858597104,0.4,57555.0,0.1494966868561931,107553.52265010243,8604.281812008194,8604.281812008194
0,,49433.0,Other,,,,83.09972613,,13.0,26.14897018,0.13369102562199134,0.4,0.0,0.16168553559490872,0.0,0.0,0.0
1,10286.0,,Other,24.5,0.0,1.0,216.1333333,4.0,32.0,,0.19320093711194802,0.4,10286.0,0.17875178538328587,22983.01080565598,1838.6408644524784,1838.6408644524786
0,45902.0,70212.0,Other,25.0,0.0,0.0,303.7624695,3.0,32.0,35.22386162,0.05483874598862223,0.4,45902.0,0.11050116895600291,63402.80821773058,5072.224657418446,5072.2246574184455
0,91491.0,141827.0,ProfExe,21.0,1.0,0.0,163.1743772,0.0,25.0,42.06098177,0.23534002228964676,0.4,91491.0,0.1846537615054833,211176.96617372715,16894.157293898174,16894.157293898174
0,92572.0,121310.0,Mgr,9.0,0.0,0.0,117.0455007,1.0,24.0,30.48278003,0.11105251108208179,0.4,92572.0,0.1514067288150169,175200.2962482968,14016.023699863745,14016.023699863745
0,242111.0,266670.0,Self,6.0,1.0,0.0,243.0031287,3.0,51.0,36.57538774,0.17774651603234268,0.4,242111.0,0.17544812264193146,530974.0052620084,42477.920420960676,42477.92042096067
0,49798.0,67458.0,Other,6.0,0.0,0.0,68.93111023,2.0,18.0,36.46436586,0.25816642174872023,0.4,49798.0,0.18625891181732768,115941.51613349105,9275.321290679285,9275.321290679283
1,121000.0,162900.0,Self,13.0,1.0,1.0,151.9333333,1.0,35.0,,0.4333189585439037,0.4,121000.0,0.1737889289697815,262855.75506679446,21028.460405343558,21028.46040534356
1,37500.0,,ProfExe,4.0,0.0,0.0,123.8,0.0,14.0,,0.16041381728384907,0.4,37500.0,0.1708719515390083,80096.22728391014,6407.698182712811,6407.698182712811
1,39808.0,,Self,3.0,1.0,0.0,184.7251127,0.0,16.0,51.63038059,0.566181975028186,0.4,39808.0,0.1456952707412892,72497.96672086552,5799.837337669242,5799.837337669241
0,68477.0,91598.0,Other,16.0,0.0,0.0,88.66520126,0.0,17.0,32.52309222,0.14779357593054274,0.4,68477.0,0.16688474335937117,142847.08213774575,11427.76657101966,11427.76657101966
0,22763.0,47622.0,Other,23.0,0.0,0.0,126.9226912,1.0,10.0,23.04094471,0.08463211034888979,0.4,22763.0,0.13557414899618261,38575.92942000131,3086.074353600105,3086.074353600105
0,63229.0,89394.0,Other,15.0,0.0,0.0,84.66879155,0.0,16.0,35.60488671,0.18420717907382347,0.4,63229.0,0.17691286276121132,139825.29249410788,11186.02339952863,11186.02339952863
0,150939.0,183208.0,Other,1.0,0.0,0.0,205.776802,0.0,34.0,39.65633406,0.09589322213713415,0.4,150939.0,0.14291123077171403,269635.9782681468,21570.878261451744,21570.878261451744
0,90626.0,116601.0,Self,2.0,0.0,0.0,226.1163866,1.0,27.0,34.49993837,0.13611043036370093,0.4,90626.0,0.1626376467468639,184239.9921760161,14739.199374081289,14739.199374081289
0,104005.0,158224.0,Mgr,14.0,0.0,0.0,175.6220829,0.0,25.0,33.99242445,0.08500388335535564,0.4,104005.0,0.13583210889446204,176590.23106960655,14127.218485568525,14127.218485568525
0,142000.0,175000.0,ProfExe,6.0,0.0,0.0,323.6666667,0.0,35.0,,0.034506019324957754,0.4,142000.0,0.08624581276201683,153086.31765257986,12246.90541220639,12246.90541220639
0,70912.0,98353.0,ProfExe,9.0,1.0,0.0,126.2435974,3.0,26.0,36.37253142,0.2907224240430391,0.4,70912.0,0.18695242384757232,165714.6284984881,13257.170279879048,13257.170279879048
0,50826.0,68199.0,Other,7.0,0.0,0.0,71.1819889,1.0,19.0,36.49620108,0.2263733933451392,0.4,50826.0,0.18373840735760136,116733.60365446808,9338.688292357447,9338.688292357447
0,93520.0,137241.0,ProfExe,,0.0,0.0,199.7635632,0.0,20.0,27.47155969,0.05910740032552994,0.4,93520.0,0.11471804385106461,134105.39326189453,10728.431460951562,10728.431460951562
0,41323.0,73309.0,Other,27.0,0.0,1.0,298.1859041,2.0,32.0,36.15527752,0.10827067043808385,0.4,41323.0,0.14995456332737644,77457.15525471471,6196.572420377177,6196.572420377177
0,110442.0,138581.0,Mgr,9.0,2.0,0.0,175.1536895,4.0,17.0,40.34888533,0.49541351884300505,0.4,110442.0,0.16212413782876162,223816.42537605113,17905.31403008409,17905.31403008409
0,236390.0,262210.0,Self,6.0,0.0,0.0,243.0779001,2.0,50.0,36.90666497,0.09923423022298938,0.4,236390.0,0.14491088080501907,428193.53891873074,34255.48311349846,34255.483113498456
0,,144123.0,,,,,,,,15.52923014,0.03603714968161785,0.4,0.0,0.08836850462140373,0.0,0.0,0.0
0,55579.0,98320.0,ProfExe,1.0,0.0,0.0,187.0218108,0.0,26.0,33.47337359,0.08482629437160416,0.4,55579.0,0.13570902780650343,94282.15070572068,7542.572056457654,7542.572056457654
0,21660.0,48475.0,Other,26.0,0.0,0.0,102.7828355,0.0,10.0,23.24795828,0.08492629265786586,0.4,21660.0,0.13577836512351418,36761.99235719146,2940.959388575317,2940.959388575317
0,123686.0,153184.0,Mgr,4.0,0.0,0.0,298.2829133,0.0,25.0,36.33656439,0.05352306292544106,0.4,123686.0,0.10914976873537208,168753.72869754038,13500.298295803232,13500.29829580323
0,,60628.0,Other,23.0,0.0,0.0,145.2927361,0.0,9.0,22.98481899,0.06894496612375944,0.4,0.0,0.12356151672824867,0.0,0.0,0.0
0,42276.0,68775.0,Other,24.0,0.0,0.0,309.6835856,2.0,31.0,32.74650689,0.04093752869208696,0.4,42276.0,0.09479205281289443,50092.860308974065,4007.428824717925,4007.428824717925
0,110177.0,145000.0,Office,5.0,,,293.2365248,2.0,36.0,,0.026139406716022627,0.4,110177.0,0.0734810762922239,101199.05678310442,8095.924542648354,8095.924542648353
1,119000.0,144400.0,Mgr,33.0,0.0,2.0,229.3,7.0,36.0,,0.3745926192844356,0.4,119000.0,0.18188053235426208,270547.2918769648,21643.783350157184,21643.783350157188
1,88000.0,119100.0,Other,12.0,0.0,0.0,84.23333333,5.0,19.0,,0.2846239626406906,0.4,88000.0,0.18695297021825497,205648.26724008046,16451.861379206435,16451.861379206435
0,237543.0,261393.0,Self,3.0,1.0,0.0,254.517448,2.0,50.0,37.90658567,0.16828548857983835,0.4,237543.0,0.17307200087135036,513900.52878728975,41112.04230298318,41112.04230298318
1,69873.0,101484.0,Other,15.0,0.0,6.0,225.7525542,0.0,29.0,,0.8867411742238323,0.4,69873.0,0.0434922192189807,37986.64791859798,3038.931833487838,3038.9318334878385
0,50317.0,71327.0,Other,6.0,0.0,0.0,45.48580177,1.0,18.0,37.01414079,0.266616722339688,0.4,50317.0,0.18660892853604685,117370.01821435337,9389.60145714827,9389.60145714827
0,87838.0,104468.0,,6.0,,,,,,30.28035484,0.09347040064773167,0.4,87838.0,0.1414125219138256,155267.41374833268,12421.393099866615,12421.393099866615
0,119111.0,154860.0,Mgr,3.0,0.0,0.0,296.9303901,0.0,25.0,38.49313261,0.06235859587207737,0.4,119111.0,0.11776867773268938,175344.31216772957,14027.544973418366,14027.544973418366
0,147073.0,182069.0,Other,2.0,0.0,0.0,173.7149466,0.0,35.0,37.81236793,0.09886364808538221,0.4,147073.0,0.14469282004803216,266005.08903655293,21280.407122924236,21280.407122924233
0,26366.0,54775.0,Other,13.0,0.0,0.0,101.6362349,2.0,24.0,29.09588127,0.12590504702367794,0.4,26366.0,0.15843974481128043,52217.77889617775,4177.42231169422,4177.422311694219
0,,59888.0,Other,,0.0,0.0,288.2296811,0.0,19.0,38.58133284,0.07571870425103835,0.4,0.0,0.12903296882800533,0.0,0.0,0.0
0,,28900.0,Other,24.0,0.0,0.0,81.16666667,2.0,15.0,,0.21558707448980216,0.4,0.0,0.182405274393253,0.0,0.0,0.0
0,109253.0,158257.0,Mgr,17.0,0.0,0.0,193.9652872,0.0,25.0,34.59449254,0.07841414734704456,0.4,109253.0,0.13108581753086457,179018.98528374432,14321.518822699545,14321.518822699547
0,93411.0,140031.0,ProfExe,6.0,0.0,0.0,177.5112494,0.0,32.0,31.02733592,0.065306345470883,0.4,93411.0,0.12042274953281291,140610.11820761985,11248.809456609588,11248.809456609588
0,65233.0,96473.0,Other,15.0,0.0,0.0,80.09869097,1.0,17.0,35.44294677,0.20382223715738093,0.4,65233.0,0.18064205329848848,147297.78828525372,11783.823062820298,11783.823062820298
0,91316.0,147837.0,ProfExe,23.0,0.0,0.0,170.0567485,0.0,24.0,42.66845465,0.14740871232162403,0.4,91316.0,0.16675369063411952,190341.00017431573,15227.28001394526,15227.280013945257
0,80065.0,118423.0,ProfExe,8.0,0.0,1.0,126.5427462,0.0,18.0,26.2739081,0.16946133585047485,0.4,80065.0,0.17338285136633816,173523.7249330733,13881.897994645864,13881.897994645864
0,61260.0,103842.0,ProfExe,1.0,0.0,0.0,179.5402847,0.0,26.0,33.59045514,0.08896935647055972,0.4,61260.0,0.13851448787934226,106067.46909360634,8485.397527488507,8485.397527488507
0,217533.0,289931.0,ProfExe,6.0,,3.0,471.8875266,,55.0,31.33780789,0.08237667769492905,0.4,217533.0,0.1339845597473391,364325.790443974,29146.063235517922,29146.06323551792
0,112178.0,159638.0,Mgr,17.0,0.0,0.0,197.9695585,0.0,26.0,33.13017589,0.06845268287047676,0.4,112178.0,0.12314539287378135,172677.54852243807,13814.203881795045,13814.203881795043
0,95843.0,123377.0,Self,2.0,0.0,0.0,201.9767562,1.0,26.0,32.90346813,0.1428980612389318,0.4,95843.0,0.16517373547045988,197884.32910869108,15830.746328695286,15830.746328695286
0,33537.0,57048.0,Other,14.0,0.0,0.0,99.37613252,1.0,24.0,28.49500481,0.10864212415654041,0.4,33537.0,0.1501510998263677,62945.21793596118,5035.617434876895,5035.617434876894
0,,149489.0,,,,,,,,15.44348605,0.03583422831417105,0.4,0.0,0.08809053252721577,0.0,0.0,0.0
0,21470.0,52228.0,Other,25.0,0.0,0.0,124.5599493,0.0,11.0,23.88812168,0.0773949116839427,0.4,21470.0,0.13031749479859236,34973.95766657223,2797.916613325778,2797.916613325778
0,80072.0,107559.0,Other,18.0,0.0,0.0,194.8774602,0.0,12.0,39.21016963,0.1391687707125626,0.4,80072.0,0.16380455502850652,163951.97912803217,13116.158330242573,13116.158330242573
0,118251.0,158758.0,Mgr,2.0,0.0,0.0,282.6499217,0.0,24.0,38.84480195,0.07094525659835914,0.4,118251.0,0.12522583926404676,185101.00898515992,14808.080718812795,14808.080718812793
0,69615.0,94656.0,ProfExe,7.0,0.0,1.0,136.5556217,3.0,26.0,35.56529668,0.31154102913594484,0.4,69615.0,0.18653699027667037,162322.1572263801,12985.772578110409,12985.772578110407
0,134188.0,171658.0,Other,5.0,1.0,0.0,219.1675779,0.0,20.0,34.98614057,0.1465588023325882,0.4,134188.0,0.16646221414218512,279215.39489139424,22337.23159131154,22337.231591311538
0,67336.0,96060.0,ProfExe,8.0,0.0,1.0,142.3442498,3.0,25.0,35.97985624,0.31372404229443973,0.4,67336.0,0.18645809543630787,156941.77892874033,12555.342314299227,12555.342314299227
0,62490.0,97467.0,Other,14.0,0.0,0.0,96.97267872,1.0,17.0,34.97565503,0.18431399742750607,0.4,62490.0,0.17693604773141006,138209.17028419767,11056.733622735814,11056.733622735814
1,95736.0,134000.0,Mgr,1.5,0.0,1.0,122.5,2.0,20.0,,0.32100309883783995,0.4,95736.0,0.18614885877322399,222764.33929391712,17821.147143513368,17821.14714351337
0,52000.0,84915.0,Office,0.4,0.0,1.0,93.16666667,0.0,23.0,,0.17041558203862717,0.4,52000.0,0.17363181283840895,112860.67834496581,9028.854267597266,9028.854267597266
0,216787.0,281351.0,ProfExe,5.0,,4.0,473.8139861,,55.0,31.20117485,0.16296663499323158,0.4,216787.0,0.1716085497089982,465031.2833220574,37202.502665764594,37202.502665764594
0,,51623.0,Other,,,,91.86238836,,12.0,28.87957066,0.15302554421119532,0.4,0.0,0.16860955394433208,0.0,0.0,0.0
0,82756.0,122917.0,ProfExe,11.0,0.0,1.0,108.6501412,0.0,18.0,26.12743668,0.18030976995856457,0.4,82756.0,0.17604410917783364,182108.82873901003,14568.706299120802,14568.7062991208
0,123319.0,159934.0,Mgr,2.0,0.0,0.0,300.6251895,0.0,25.0,37.7861752,0.05875950372690535,0.4,123319.0,0.1143835906086199,176320.87512830496,14105.670010264397,14105.670010264397
0,,35543.0,Other,21.0,0.0,0.0,83.11198815,1.0,15.0,29.8556335,0.14712050450869762,0.4,0.0,0.16665516939172154,0.0,0.0,0.0
0,113034.0,165176.0,Mgr,15.0,0.0,0.0,194.842164,0.0,26.0,32.77014793,0.06893905803031249,0.4,113034.0,0.12355653812391723,174576.12162873577,13966.089730298861,13966.08973029886
0,83099.0,113245.0,ProfExe,9.0,0.0,1.0,122.7492164,0.0,19.0,28.12573109,0.18689827811863902,0.4,83099.0,0.1774869654308743,184362.36675425278,14748.989340340224,14748.989340340224
0,71862.0,94704.0,Other,1.0,0.0,0.0,93.26171339,2.0,29.0,35.2905832,0.18282923348075766,0.4,71862.0,0.17661080659299855,158645.07229232579,12691.605783386063,12691.605783386061
0,41300.0,61700.0,Office,19.0,0.0,0.0,181.6333333,2.0,22.0,,0.061037425937260754,0.4,41300.0,0.11654507611270562,60166.39554318428,4813.311643454742,4813.311643454742
0,135278.0,164559.0,Other,5.0,1.0,0.0,225.3668485,0.0,20.0,34.07915769,0.13465025166081931,0.4,135278.0,0.16206613064924458,274049.77527460636,21923.98202196851,21923.982021968506
0,,146804.0,,,,,,,,17.26353485,0.04038670416528368,0.4,0.0,0.09409638885679379,0.0,0.0,0.0
1,75636.0,112956.0,ProfExe,1.0,1.0,0.0,318.5461654,3.0,42.0,,0.07993647505654268,0.4,75636.0,0.1322158459585462,125003.47156150751,10000.277724920601,10000.277724920601
0,221331.0,289991.0,ProfExe,5.0,,4.0,474.0270741,,55.0,31.46338455,0.1652509121527358,0.4,221331.0,0.1722486956738225,476549.7007772851,38123.97606218281,38123.97606218281
0,55435.0,89663.0,Mgr,7.0,0.0,0.0,252.6220694,2.0,26.0,34.74184793,0.07655074629000286,0.4,55435.0,0.1296738796148599,89855.89395562198,7188.471516449759,7188.471516449758
0,149235.0,178454.0,ProfExe,5.0,0.0,0.0,324.1377835,0.0,34.0,38.70999145,0.04556210798103807,0.4,149235.0,0.10039370681393722,187278.185454724,14982.25483637792,14982.25483637792
0,111107.0,163926.0,Mgr,15.0,0.0,1.0,170.6294314,1.0,26.0,32.93429181,0.1782510928537509,0.4,111107.0,0.175567010889928,243834.04848684036,19506.72387894723,19506.72387894723
0,23231.0,54024.0,Other,24.0,0.0,0.0,118.1540915,0.0,11.0,23.26522492,0.07755006798323867,0.4,23231.0,0.13043507078940195,37876.71411885746,3030.137129508597,3030.1371295085964
0,109377.0,133116.0,Mgr,10.0,1.0,0.0,184.3557829,5.0,17.0,40.2026301,0.36730593515716753,0.4,109377.0,0.18265136217126504,249723.2255025807,19977.858040206454,19977.858040206458
1,79347.0,108238.0,Other,0.0,1.0,0.0,45.62588779,6.0,49.0,46.99603429,0.5619644587904442,0.4,79347.0,0.14675590068253955,145558.00564321832,11644.640451457466,11644.640451457466
0,53925.0,83056.0,Mgr,4.0,0.0,0.0,251.1883928,2.0,25.0,34.88924173,0.08105176865510726,0.4,53925.0,0.13303066223953314,89670.98076583531,7173.678461266825,7173.678461266824
0,44306.0,74197.0,Other,5.0,0.0,0.0,73.71525064,1.0,18.0,35.44157026,0.2176694520919397,0.4,44306.0,0.18268312953728327,101174.48421598591,8093.958737278873,8093.958737278873
0,98900.0,115052.0,Other,23.0,0.0,0.0,239.4260738,1.0,26.0,41.70053078,0.10545801758111767,0.4,98900.0,0.14843945424821867,183508.27531436033,14680.662025148828,14680.662025148826
0,77022.0,112172.0,Mgr,9.0,0.0,1.0,306.8710779,2.0,28.0,30.12004195,0.08332004553224455,0.4,77022.0,0.13465461779536994,129642.0996479373,10371.367971834985,10371.367971834983
0,,59934.0,Other,,0.0,1.0,305.6823468,0.0,18.0,38.02973836,0.13801277516422253,0.4,0.0,0.16336822745259227,0.0,0.0,0.0
0,,63753.0,Other,,0.0,0.0,300.7572856,0.0,19.0,40.13447676,0.07799191943962681,0.4,0.0,0.13076868743133807,0.0,0.0,0.0
0,144410.0,211936.0,ProfExe,3.0,0.0,0.0,195.0703595,1.0,28.0,38.92615688,0.12124966235566643,0.4,144410.0,0.15635950337314664,282248.44852645136,22579.87588211611,22579.875882116106
0,109084.0,140355.0,Mgr,11.0,2.0,0.0,183.7952585,5.0,18.0,40.60479583,0.5109769002311035,0.4,109084.0,0.15877396273253305,216496.23688394544,17319.698950715636,17319.698950715636
0,,45167.0,Other,,,,84.73561794,,12.0,28.45701893,0.1547525507117843,0.4,0.0,0.16915618498366897,0.0,0.0,0.0
0,98139.0,121696.0,Self,3.0,0.0,0.0,208.5232669,1.0,27.0,32.64426513,0.1326650415073913,0.4,98139.0,0.1612738781508316,197840.7140980558,15827.257127844463,15827.257127844463
1,132000.0,165000.0,Mgr,19.0,0.0,0.0,187.6666667,4.0,35.0,,0.10706306361790555,0.4,132000.0,0.14930992099580484,246361.36964307798,19708.90957144624,19708.90957144624
1,37200.0,67000.0,Other,10.0,1.0,8.0,242.4666667,4.0,23.0,,0.9920256347949207,0.4,37200.0,0.0031714590515651954,1474.7284589778158,117.97827671822526,117.97827671822527
0,82670.0,106563.0,Mgr,8.0,0.0,0.0,302.984432,2.0,28.0,30.95648584,0.04314300023946023,0.4,82670.0,0.09751532764590949,100769.90170609172,8061.592136487338,8061.5921364873375
0,43287.0,72898.0,Other,8.0,0.0,0.0,87.01103562,1.0,18.0,34.0310957,0.18621248361679354,0.4,43287.0,0.17734263060114464,95957.88063539685,7676.630450831748,7676.630450831748
1,76220.0,102087.0,Mgr,6.0,0.0,1.0,126.6410196,0.0,32.0,48.56957404,0.39929260490143265,0.4,76220.0,0.17886780965572413,170416.30564949117,13633.304451959295,13633.304451959293
0,64537.0,93212.0,ProfExe,7.0,1.0,1.0,120.3514204,4.0,25.0,34.68608867,0.49622237100756833,0.4,64537.0,0.16195394806345143,130650.27432713706,10452.021946170964,10452.021946170964
0,46116.0,77519.0,Other,9.0,0.0,0.0,120.0835519,1.0,19.0,42.92950927,0.2512007617125372,0.4,46116.0,0.18587416605415105,107147.16302191537,8571.77304175323,8571.77304175323
0,60778.0,94374.0,Other,5.0,0.0,0.0,232.1188078,1.0,20.0,34.92549001,0.09139204037400836,0.4,60778.0,0.1400931289020164,106432.25235508439,8514.580188406751,8514.580188406751
0,17139.0,33269.0,Other,16.0,3.0,0.0,124.1968265,1.0,18.0,26.27583242,0.37304534805990885,0.4,17139.0,0.1820488656139166,39001.69384696146,3120.135507756917,3120.1355077569165
0,134427.0,169444.0,Other,7.0,1.0,0.0,202.4473261,0.0,19.0,35.3492119,0.16396661471555715,0.4,134427.0,0.17189096668756917,288834.8372363733,23106.786978909862,23106.786978909862
0,89530.0,146815.0,ProfExe,19.0,1.0,0.0,164.7703104,1.0,25.0,39.34585859,0.22668700671620132,0.4,89530.0,0.18377330894717497,205665.3043755072,16453.224350040575,16453.224350040575
0,92168.0,143484.0,ProfExe,6.0,0.0,0.0,159.5834421,0.0,31.0,34.14587135,0.08954457209082392,0.4,92168.0,0.1388933411716245,160019.0183638286,12801.521469106288,12801.521469106287
1,62191.0,83694.0,Other,3.0,0.0,0.0,55.9375123,0.0,14.0,62.11072187,0.6503256257721916,0.4,62191.0,0.12267572973894914,95366.57885243733,7629.326308194987,7629.326308194985
0,51155.0,83000.0,Other,9.0,1.0,1.0,139.0333333,3.0,30.0,,0.40919256442066737,0.4,51155.0,0.1774962481420621,113497.75717133984,9079.820573707188,9079.820573707188
0,139241.0,171296.0,Other,6.0,1.0,0.0,220.6871583,0.0,19.0,35.59165567,0.152721802192145,0.4,139241.0,0.16851226542314218,293297.70437229675,23463.81634978374,23463.81634978374
1,77000.0,115006.0,Other,10.0,0.0,0.0,293.2333333,0.0,36.0,,0.03934155642668058,0.4,77000.0,0.09275870189100305,89280.25057009043,7142.420045607235,7142.420045607235
0,,48291.0,Other,,,,94.07837758,,12.0,25.61784573,0.1248832639616499,0.4,0.0,0.15799238889250397,0.0,0.0,0.0
1,74800.0,105000.0,Mgr,10.0,0.0,5.0,163.3,2.0,46.0,,0.8187334486493817,0.4,74800.0,0.06805326642690446,63629.804109155666,5090.3843287324535,5090.3843287324535
0,,60685.0,Other,,0.0,0.0,311.9358895,0.0,19.0,39.4217139,0.07012837893588547,0.4,0.0,0.124551251113299,0.0,0.0,0.0
0,60504.0,93907.0,Office,1.0,0.0,0.0,99.99371532,0.0,23.0,33.49035424,0.07521083767968087,0.4,60504.0,0.12863853593940186,97289.32473096963,7783.145978477571,7783.14597847757
0,95651.0,148280.0,ProfExe,21.0,1.0,0.0,154.5654328,0.0,24.0,42.69533127,0.25706804779014303,0.4,95651.0,0.18620412124735758,222632.63001788748,17810.610401431,17810.610401431
1,47032.0,75957.0,Other,9.0,0.0,7.0,259.4665279,3.0,22.0,40.78797575,0.9746676445486573,0.4,47032.0,0.010006730864807434,5882.9570754202905,470.63656603362324,470.63656603362324
0,,62619.0,Other,26.0,0.0,0.0,112.9674833,0.0,8.0,21.26380538,0.07397729726123198,0.4,0.0,0.12767016317584873,0.0,0.0,0.0
0,109000.0,175000.0,Sales,17.0,0.0,0.0,298.3333333,1.0,31.0,,0.1259620177352134,0.4,109000.0,0.15846453754791395,215907.93240903277,17272.63459272262,17272.63459272262
0,94000.0,125000.0,Office,11.0,0.0,1.0,151.1333333,0.0,29.0,,0.10569583070666612,0.4,94000.0,0.1485694224359357,174569.07136222444,13965.525708977955,13965.525708977957
0,99348.0,200000.0,Other,23.0,0.0,0.0,199.8333333,0.0,19.0,,0.08763863101144262,0.4,99348.0,0.13762821909601416,170913.6038843852,13673.088310750816,13673.088310750816
0,149000.0,202500.0,Other,11.0,0.0,0.0,256.6666667,2.0,34.0,,0.06445030825474055,0.4,149000.0,0.11966256302480303,222871.52363369564,17829.72189069565,17829.72189069565
0,177000.0,226000.0,ProfExe,0.4,0.0,0.0,305.1331253,1.0,33.0,,0.047189167583142004,0.4,177000.0,0.10226938767315037,226271.0202268452,18101.681618147617,18101.681618147617
0,136375.0,236250.0,ProfExe,29.0,0.0,0.0,354.1,1.0,19.0,,0.04031128893745687,0.4,136375.0,0.0940006465610751,160241.7271845827,12819.338174766617,12819.338174766617
0,23900.0,55700.0,Office,2.5,0.0,0.0,116.6333333,2.0,7.0,,0.13098702134107107,0.4,23900.0,0.16059028528867178,47976.347729990695,3838.107818399256,3838.1078183992554
0,19600.0,71000.0,Other,,2.0,2.0,93.33333333,2.0,26.0,,0.7773760080221269,0.4,19600.0,0.08235125516588289,20176.057515641307,1614.0846012513045,1614.0846012513045
0,145000.0,185000.0,Self,2.0,0.0,0.0,176.5,1.0,17.0,,0.21409165951191678,0.4,145000.0,0.18219953013147597,330236.6483633002,26418.931869064018,26418.931869064014
0,57459.0,96000.0,Other,16.0,0.0,1.0,133.7666667,0.0,30.0,,0.2028953077910886,0.4,57459.0,0.18048869605257328,129633.7498310601,10370.699986484808,10370.699986484808
0,188545.0,241279.0,Other,9.0,0.0,0.0,102.5,2.0,26.0,,0.17265897224364138,0.4,188545.0,0.17420557984299867,410569.8881437273,32845.59105149819,32845.59105149819
0,84000.0,120000.0,Other,1.5,0.0,0.0,188.7682131,2.0,25.0,,0.11893690662340384,0.4,84000.0,0.1552851407157872,163049.39775157656,13043.951820126125,13043.951820126125
0,94000.0,141750.0,Mgr,22.0,0.0,0.0,209.0,0.0,13.0,,0.09165186802036099,0.4,94000.0,0.14025981313232969,164805.2804304874,13184.422434438991,13184.422434438991
0,77590.0,108290.0,Office,10.0,0.0,1.0,396.7333333,0.0,45.0,,0.01894567961314395,0.4,77590.0,0.06047781266048281,58655.91855408577,4692.473484326862,4692.473484326862
0,126462.0,207200.0,ProfExe,10.0,0.0,0.0,239.8,3.0,27.0,,0.09259065008436623,0.4,126462.0,0.14085789967294438,222664.64635549867,17813.171708439895,17813.17170843989
0,89000.0,122000.0,ProfExe,0.0,1.0,0.0,193.8,3.0,38.0,,0.16696533864895519,0.4,89000.0,0.17271759237716808,192148.32151959947,15371.865721567958,15371.86572156796
0,199000.0,236200.0,Other,8.0,0.0,0.0,133.3666667,1.0,42.0,,0.09607697742207073,0.4,199000.0,0.1430232068790114,355770.22711154085,28461.61816892327,28461.61816892327
0,140000.0,183600.0,ProfExe,12.6,0.0,1.0,148.1333333,0.0,37.0,,0.16841488260390625,0.4,140000.0,0.17310642928428038,302936.25124749064,24234.90009979925,24234.900099799255
0,22800.0,49523.0,Other,36.0,0.0,0.0,281.0666667,1.0,24.0,,0.05244098525885303,0.4,22800.0,0.10801911138898633,30785.446745861107,2462.8357396688884,2462.8357396688884
0,,113000.0,Mgr,9.0,1.0,0.0,168.4,0.0,27.0,,0.15464701335030434,0.4,0.0,0.16912309712085846,0.0,0.0,0.0
0,65000.0,99000.0,ProfExe,12.0,0.0,0.0,283.0666667,1.0,33.0,,0.049532549286609585,0.4,65000.0,0.10489044401189214,85223.48575966236,6817.878860772989,6817.878860772989
0,42632.0,71000.0,Other,24.0,,1.0,284.9333333,1.0,30.0,,0.10117424394052493,0.4,42632.0,0.14603756653374542,77823.41920583294,6225.873536466635,6225.8735364666345
1,70150.0,,Office,4.0,2.0,,104.5333333,0.0,7.0,,0.28442676147810525,0.4,70150.0,0.18695202954064663,163933.56090345452,13114.684872276363,13114.68487227636
0,71700.0,122500.0,Office,0.0,0.0,0.0,303.4,1.0,24.0,,0.02927915278617618,0.4,71700.0,0.07852339608482266,70376.59374102231,5630.127499281785,5630.127499281784
0,69300.0,111800.0,Other,5.0,0.0,0.0,95.36666667,2.0,32.0,,0.16317544570369882,0.4,69300.0,0.17166780498899828,148707.23607171976,11896.578885737581,11896.578885737581
0,127491.0,178453.0,Mgr,1.0,,,120.4,,39.0,,0.11015261738370559,0.4,127491.0,0.1509419174079618,240546.69990323074,19243.73599225846,19243.73599225846
0,65700.0,93400.0,Office,10.0,0.0,0.0,149.1666667,0.0,21.0,,0.06170312012227023,0.4,65700.0,0.11716430876141329,96221.18857031067,7697.695085624853,7697.695085624853
1,98500.0,130000.0,Other,5.0,0.0,1.0,201.8333333,4.0,43.0,,0.18798062415693886,0.4,98500.0,0.17771204638946175,218807.9571170248,17504.636569361985,17504.63656936198
1,46451.0,89600.0,Office,10.0,1.0,2.0,95.36666667,2.0,15.0,,0.5402867895523775,0.4,46451.0,0.15205176101282258,88286.95438508278,7062.956350806622,7062.956350806622
1,71081.0,112500.0,Mgr,3.0,2.0,0.0,87.2,1.0,27.0,,0.3873872291776169,0.4,71081.0,0.18039497357282222,160283.1889566222,12822.655116529777,12822.655116529777
1,,,Other,22.0,0.0,2.0,203.2,0.0,23.0,,0.2949535759807421,0.4,0.0,0.18691890129156588,0.0,0.0,0.0
1,26743.0,57000.0,Other,2.0,0.0,0.0,90.6,3.0,19.0,,0.23944991115480768,0.4,26743.0,0.18501762295550916,61849.07863373977,4947.926290699182,4947.926290699182
1,110048.0,,Other,1.0,0.0,1.0,126.4,2.0,24.0,,0.30587325166486257,0.4,110048.0,0.1867112785115416,256840.03472047663,20547.20277763813,20547.20277763813
1,110676.0,,Sales,8.0,2.0,0.0,119.3666667,0.0,6.0,,0.689158473805591,0.4,110676.0,0.11098789151644164,153546.19851842118,12283.695881473695,12283.695881473695
1,184000.0,232760.0,Other,4.0,0.0,4.0,230.1,2.0,44.0,,0.6113030309153392,0.4,184000.0,0.13377151515633692,307674.48485957494,24613.958788765995,24613.958788765995
1,160000.0,220000.0,Other,7.0,0.0,6.0,228.0666667,2.0,35.0,,0.9026066221812096,0.4,160000.0,0.03758904503163758,75178.09006327517,6014.247205062014,6014.247205062014
1,82000.0,128325.0,Mgr,,0.0,1.0,10.13333333,,41.0,,0.3238180470818344,0.4,82000.0,0.18601058497669243,190660.84960110974,15252.86796808878,15252.86796808878
1,95000.0,127000.0,ProfExe,15.0,1.0,2.0,296.2,2.0,27.0,,0.3498249760510472,0.4,95000.0,0.18426628178247423,218816.20961668814,17505.29676933505,17505.29676933505
1,105750.0,141000.0,Office,15.0,1.0,2.0,305.3666667,2.0,14.0,,0.25138423370072394,0.4,105750.0,0.18588544721550943,245717.32553800152,19657.386043040122,19657.386043040122
1,,72970.0,ProfExe,1.8,4.0,0.0,198.8,0.0,18.0,,0.5428146720772717,0.4,0.0,0.15144793836907425,0.0,0.0,0.0
1,117500.0,165000.0,ProfExe,17.5,0.0,3.0,239.4,1.0,27.0,,0.4421795340761573,0.4,117500.0,0.17230419190619872,253071.7818622294,20245.742548978353,20245.74254897835
1,123184.0,200000.0,Other,12.0,0.0,1.0,160.3,1.0,32.0,,0.19606608851144375,0.4,123184.0,0.17929086478605538,276072.0735975681,22085.765887805446,22085.765887805446
1,90000.0,128000.0,Other,10.0,1.0,1.0,73.03333333,5.0,40.0,,0.5129550282507658,0.4,90000.0,0.15833694336447124,178129.06128503015,14250.324902802413,14250.324902802411
1,,48700.0,ProfExe,11.0,0.0,3.0,41.56666667,3.0,6.0,,0.8491344196497317,0.4,0.0,0.05722765875673863,0.0,0.0,0.0
1,101250.0,135000.0,Self,3.0,0.0,0.0,301.3,4.0,46.0,,0.0901308500334649,0.4,101250.0,0.1392768771221001,176272.29760765794,14101.783808612636,14101.783808612636
1,175225.0,211000.0,ProfExe,13.0,1.0,2.0,148.1333333,4.0,53.0,,0.484607862447446,0.4,175225.0,0.1643552935787255,359989.4539666522,28799.156317332177,28799.156317332174
1,86000.0,,Other,14.0,1.0,0.0,144.0333333,2.0,40.0,,0.17068523002991523,0.4,86000.0,0.17370163034300676,186729.25261873225,14938.34020949858,14938.340209498581
1,59000.0,34000.0,Sales,10.0,4.0,2.0,125.8333333,7.0,23.0,,0.9825630249074653,0.4,59000.0,0.0069077806618326855,5094.488238101605,407.5590590481284,407.55905904812846
1,106282.0,167500.0,ProfExe,14.0,2.0,4.0,198.8666667,2.0,28.0,,0.8911223659149472,0.4,106282.0,0.041868366452302345,55623.17154104497,4449.853723283598,4449.853723283598
1,68000.0,,Other,8.0,,1.0,134.7666667,3.0,33.0,,0.2707829416817418,0.4,68000.0,0.1867360650781821,158725.6553164548,12698.052425316384,12698.052425316384
1,191600.0,231000.0,Other,,,3.0,106.8,1.0,27.0,,0.6525107244177782,0.4,191600.0,0.1220345586608215,292272.7679926675,23381.8214394134,23381.821439413397
1,59841.0,108620.0,Self,20.0,0.0,0.0,101.4666667,0.0,4.0,,0.3068488526121946,0.4,59841.0,0.1866844552440635,139642.30607825003,11171.384486260002,11171.384486260004
1,132000.0,165000.0,ProfExe,10.0,0.0,0.0,196.8333333,1.0,29.0,,0.08792725193725331,0.4,132000.0,0.137821615128532,227405.6649620778,18192.453196966224,18192.453196966224
1,122000.0,151200.0,Office,1.0,1.0,6.0,262.3333333,3.0,30.0,,0.8981760240105704,0.4,122000.0,0.039243881531534845,59846.91933559064,4787.7535468472515,4787.7535468472515
1,104000.0,188500.0,Other,0.7,0.0,11.0,194.8,1.0,14.0,,0.9988365598664042,0.4,104000.0,0.0004645347657256327,603.8951954433225,48.3116156354658,48.3116156354658
1,86000.0,120000.0,Mgr,6.0,2.0,1.0,105.5333333,8.0,16.0,,0.7990261052607404,0.4,86000.0,0.07493032177294907,80550.09590592026,6444.007672473621,6444.00767247362
1,11300.0,154340.0,Other,19.0,1.0,5.0,119.6666667,1.0,21.0,,0.9411443536492065,0.4,11300.0,0.022993448800979935,3247.824643138416,259.82597145107326,259.82597145107326
1,39000.0,72500.0,Other,3.0,0.0,1.0,114.6666667,3.0,22.0,,0.3576626471723184,0.4,39000.0,0.18358410108364154,89497.24927827525,7159.77994226202,7159.77994226202
1,112000.0,157000.0,Office,5.5,0.0,0.0,63.9,3.0,9.0,,0.1802816934929726,0.4,112000.0,0.17603768796989894,246452.7631578585,19716.22105262868,19716.22105262868
1,103700.0,172762.0,Other,4.0,0.0,0.0,,0.0,0.0,,0.16532368949458792,0.4,103700.0,0.17226880036932796,223303.43247874134,17864.274598299307,17864.274598299307
1,75110.0,114208.0,Mgr,3.0,2.0,0.0,83.05264747,1.0,27.0,45.74394906,0.5766862217522356,0.4,75110.0,0.14301225785844382,134270.63359684646,10741.650687747717,10741.650687747715
0,,45764.0,Other,,,,107.1447608,,12.0,27.77990534,0.1327885916666265,0.4,0.0,0.16132370239305846,0.0,0.0,0.0
0,135501.0,184613.0,Mgr,0.0,,,119.5305254,,39.0,30.65881623,0.08590459266812009,0.4,135501.0,0.13645240119111315,231117.9601724628,18489.436813797023,18489.436813797023
0,,35000.0,Other,10.0,1.0,,88.93333333,,14.0,,0.31769155503102064,0.4,0.0,0.18629826603237684,0.0,0.0,0.0
0,83624.0,116976.0,ProfExe,9.0,0.0,0.0,129.5495932,0.0,19.0,29.42773368,0.09889326905289829,0.4,83624.0,0.14471028368858116,151265.65953967388,12101.25276317391,12101.25276317391
0,72077.0,104294.0,Mgr,1.0,,,232.0511235,4.0,24.0,40.64547977,0.16612366090457173,0.4,72077.0,0.17248862024174585,155405.77851455394,12432.462281164315,12432.462281164317
0,36108.0,84365.0,Other,23.0,0.0,0.0,248.8515009,0.0,7.0,26.02704025,0.04919408277196511,0.4,36108.0,0.10451755093919553,47173.9966164059,3773.919729312472,3773.919729312472
0,85337.0,104607.0,,6.0,,,,,,27.95047513,0.08082902422323411,0.4,85337.0,0.13286880038801724,141732.81023390286,11338.62481871223,11338.624818712227
0,28778.0,50872.0,Other,28.0,0.0,0.0,304.1951532,,12.0,31.59946433,0.0509612715476512,0.4,28778.0,0.10644402654023502,38290.57744718604,3063.2461957748833,3063.2461957748833
0,147622.0,187441.0,Self,3.0,0.0,0.0,170.4807208,0.0,16.0,41.52143161,0.28358454808571987,0.4,147622.0,0.18694732806373027,344969.23079279985,27597.53846342399,27597.53846342399
0,77088.0,111568.0,Mgr,7.0,0.0,0.0,288.0080252,2.0,29.0,32.55083764,0.05128311012446852,0.4,77088.0,0.1067895052989812,102902.36730609827,8232.189384487861,8232.189384487861
0,21490.0,71571.0,Other,,1.0,1.0,101.9251329,1.0,25.0,30.44411926,0.35736546097316296,0.4,21490.0,0.18361122677096747,49322.56579135114,3945.805263308091,3945.805263308091
0,28244.0,48375.0,Other,28.0,0.0,0.0,303.0950845,,13.0,31.68881825,0.0504651344699443,0.4,28244.0,0.10590824002414045,37390.90414052279,2991.2723312418234,2991.272331241823
0,46614.0,69750.0,Office,17.0,0.0,0.0,193.2525794,1.0,22.0,33.71535165,0.04745018597892096,0.4,46614.0,0.10256595347761194,59762.61694256753,4781.009355405403,4781.009355405403
0,,59783.0,Other,,0.0,0.0,307.7497359,0.0,19.0,39.27702198,0.0711037260916272,0.4,0.0,0.12535590273904726,0.0,0.0,0.0
0,65633.0,100776.0,Other,15.0,0.0,1.0,141.9381303,0.0,29.0,40.62020969,0.27014919414655636,0.4,65633.0,0.18671861879332066,153186.2888407752,12254.903107262016,12254.903107262015
0,41314.0,71357.0,Office,19.0,0.0,0.0,183.6314283,1.0,22.0,33.66553412,0.049280033616847616,0.4,41314.0,0.10461242251998151,54024.47029988145,4321.9576239905155,4321.957623990516
0,58042.0,98964.0,Other,16.0,0.0,1.0,125.7958639,0.0,29.0,38.3722235,0.25752717368860567,0.4,58042.0,0.1862272884994839,135112.55348858805,10809.004279087045,10809.004279087045
0,26889.0,47061.0,Other,28.0,0.0,0.0,318.9013325,,13.0,31.32456596,0.04508778240474181,0.4,26889.0,0.09983794054338667,33556.77979088905,2684.542383271124,2684.542383271124
0,118559.0,150172.0,Office,4.0,,,279.1980214,1.0,37.0,42.98797946,0.04194009402759899,0.4,118559.0,0.09604213549471145,142333.2442764687,11386.659542117497,11386.659542117495
0,26211.0,42517.0,Other,28.0,0.0,0.0,313.3362279,,12.0,31.29506957,0.04746143131425893,0.4,26211.0,0.1025787037955325,33608.63006480878,2688.6904051847023,2688.6904051847023
0,96627.0,128022.0,ProfExe,1.0,0.0,0.0,197.6334714,3.0,37.0,35.98054235,0.10673304651440972,0.4,96627.0,0.14913222409040067,180127.49271478932,14410.199417183147,14410.199417183145
0,66938.0,92544.0,ProfExe,8.0,1.0,1.0,135.6650702,4.0,26.0,34.56587631,0.46415806192727255,0.4,66938.0,0.16835378572837525,140865.8213635748,11269.265709085985,11269.265709085983
0,23269.0,75668.0,Other,,2.0,1.0,73.31788498,2.0,25.0,28.16593014,0.5363945819832048,0.4,23269.0,0.15297419748774455,44494.4575167791,3559.5566013423277,3559.5566013423277
0,143881.0,243809.0,ProfExe,27.0,0.0,0.0,353.9908365,1.0,18.0,39.87670703,0.05783791893911403,0.4,143881.0,0.11348988100767149,204112.9696158098,16329.037569264783,16329.037569264781
0,73398.0,115065.0,Other,5.0,0.0,0.0,88.60633747,2.0,31.0,42.05024445,0.25326791103901297,0.4,73398.0,0.18599764607205016,170648.19032995423,13651.85522639634,13651.855226396337
0,44639.0,75412.0,Other,22.0,,1.0,284.9136704,0.0,29.0,39.51801709,0.12321655407148752,0.4,44639.0,0.1572516184476841,87744.43744857713,7019.55499588617,7019.55499588617
0,24205.0,54464.0,Other,25.0,0.0,0.0,116.4407697,0.0,11.0,22.45936936,0.07392630884617311,0.4,24205.0,0.12762981668957948,38615.99641214089,3089.2797129712712,3089.2797129712712
0,137489.0,168216.0,Other,7.0,1.0,0.0,211.2089809,1.0,20.0,34.76794885,0.1664590367180414,0.4,137489.0,0.17258013946496442,296598.38493623113,23727.870794898492,23727.870794898492
0,108235.0,201918.0,Other,24.0,0.0,0.0,199.4864637,0.0,19.0,23.65233981,0.04254366779351935,0.4,108235.0,0.09678491067009062,130943.93507971574,10475.51480637726,10475.51480637726
0,94712.0,127247.0,Office,8.0,0.0,0.0,166.82201,0.0,30.0,39.02592642,0.060965518063945144,0.4,94712.0,0.1164778556220814,137898.1332709822,11031.850661678574,11031.850661678574
0,55283.0,103324.0,ProfExe,0.0,0.0,0.0,181.4513682,0.0,26.0,32.92386047,0.0850007715369083,0.4,55283.0,0.1358299544191631,93863.59212693242,7509.087370154593,7509.087370154593
0,63258.0,100392.0,ProfExe,0.0,0.0,0.0,194.7013158,0.0,25.0,35.27446098,0.09354469072966158,0.4,63258.0,0.1414590995765682,111855.24651268189,8948.41972101455,8948.41972101455
0,22773.0,72541.0,Other,,1.0,2.0,92.583557,1.0,26.0,30.42091482,0.5577262400860614,0.4,22773.0,0.14781196835557495,42076.524442018854,3366.1219553615083,3366.1219553615083
0,51789.0,75569.0,Other,25.0,,1.0,281.9286846,1.0,30.0,40.87461909,0.14641600134466584,0.4,51789.0,0.16641296010973022,107729.50988903522,8618.360791122817,8618.36079112282
0,26255.0,50963.0,Other,24.0,0.0,0.0,302.4312241,,12.0,31.25832865,0.05166921303552572,0.4,26255.0,0.10720183055741689,35182.30076606225,2814.58406128498,2814.58406128498
0,137054.0,207511.0,ProfExe,4.0,0.0,0.0,188.5746595,0.0,27.0,39.96388766,0.12049099799774984,0.4,137054.0,0.15601012821130109,267272.6513983957,21381.81211187166,21381.81211187166
0,,68083.0,Other,26.0,0.0,0.0,128.4230865,0.0,8.0,21.05500114,0.06705910791778233,0.4,0.0,0.12195309732911803,0.0,0.0,0.0
0,75037.0,102227.0,Office,9.0,0.0,0.0,148.7297782,0.0,21.0,37.23969674,0.07240936184494262,0.4,75037.0,0.12641770863614496,118575.07003663012,9486.005602930409,9486.005602930409
0,73168.0,93608.0,Office,9.0,0.0,0.0,151.1214795,0.0,21.0,35.59032677,0.06434041744370023,0.4,73168.0,0.11956435863541844,109353.5624079537,8748.284992636296,8748.284992636296
0,55823.0,90658.0,Office,0.0,0.0,0.0,85.31414308,0.0,22.0,35.57129493,0.09529983896519185,0.4,55823.0,0.14254802258624158,99468.22831039705,7957.458264831765,7957.458264831764
0,69510.0,90781.0,ProfExe,6.0,0.0,1.0,143.8313539,4.0,25.0,35.3269126,0.3340405781172148,0.4,69510.0,0.18542348203178494,161109.82795036715,12888.786236029373,12888.786236029371
0,74038.0,114722.0,Mgr,9.0,0.0,1.0,304.0041559,1.0,28.0,31.36072725,0.08099875154015557,0.4,74038.0,0.13299217548963949,123080.9336112741,9846.474688901928,9846.474688901928
0,60084.0,88898.0,Other,7.0,0.0,0.0,227.0869244,0.0,19.0,36.44443099,0.09224464660042186,0.4,60084.0,0.14063822020411468,105626.33528430034,8450.106822744026,8450.106822744026
0,137813.0,214014.0,ProfExe,5.0,0.0,0.0,187.1925099,0.0,27.0,38.65684666,0.11147536263539481,0.4,137813.0,0.15162352621877084,261196.16273484332,20895.693018787468,20895.693018787468
0,139427.0,245988.0,ProfExe,28.0,0.0,0.0,366.1101514,1.0,18.0,36.27844415,0.042499627622264474,0.4,139427.0,0.09673095911727216,168586.34296054882,13486.907436843905,13486.907436843905
0,115226.0,153900.0,Office,6.0,,,303.0140835,2.0,36.0,41.71511069,0.03861567302200645,0.4,115226.0,0.09181565164057515,132244.3784492114,10579.550275936912,10579.550275936912
0,118744.0,153552.0,Office,5.0,,,307.876199,1.0,35.0,43.46926337,0.03818620777688995,0.4,118744.0,0.09125217340933556,135445.60099147676,10835.648079318142,10835.648079318142
0,,33975.0,Other,23.0,0.0,0.0,79.16325954,2.0,14.0,27.17922554,0.14490119317199068,0.4,0.0,0.16588547545037882,0.0,0.0,0.0
0,22361.0,50688.0,Other,24.0,0.0,0.0,125.407464,0.0,11.0,25.18149884,0.08408593597236777,0.4,22361.0,0.13519311306632176,37788.16501595026,3023.053201276021,3023.053201276021
0,122933.0,157009.0,Mgr,3.0,0.0,0.0,280.5738445,0.0,24.0,38.74080142,0.07083416377594694,0.4,122933.0,0.12513450522987435,192289.5016428018,15383.160131424143,15383.160131424143
0,51261.0,87025.0,Mgr,4.0,0.0,0.0,249.8361848,2.0,25.0,31.65878641,0.06655675912093399,0.4,51261.0,0.12151803780898451,77864.20170157944,6229.136136126355,6229.136136126355
0,56393.0,86612.0,Mgr,6.0,0.0,0.0,258.1473687,1.0,25.0,33.19387553,0.06115233038479435,0.4,56393.0,0.11665235578513433,82229.70374738851,6578.376299791082,6578.376299791081
0,46780.0,62536.0,Office,18.0,0.0,0.0,189.1366883,0.0,22.0,30.74672437,0.03498373300049384,0.4,46780.0,0.08691440985483667,50823.20116261574,4065.8560930092594,4065.8560930092594
0,62540.0,101165.0,ProfExe,0.0,0.0,0.0,195.4513312,0.0,25.0,35.20086451,0.09274552771458894,0.4,62540.0,0.1409559481866278,110192.31249489626,8815.3849995917,8815.384999591703
1,136322.0,,ProfExe,2.0,0.0,5.0,303.7379347,1.0,27.0,16.6446745,0.4563205405662957,0.4,136322.0,0.1698050779205326,289352.0979035356,23148.16783228285,23148.167832282845
0,76194.0,98188.0,Mgr,0.0,,,245.2678533,5.0,23.0,42.13810643,0.1935250587444728,0.4,76194.0,0.1788138766638755,170306.80648159163,13624.544518527331,13624.54451852733
1,107343.0,192642.0,Other,1.0,0.0,10.0,192.6716931,1.0,14.0,35.75976024,0.9976208853595242,0.4,107343.0,0.0009490456629841937,1273.4176075214039,101.87340860171231,101.87340860171231
0,61907.0,87133.0,Office,0.0,0.0,1.0,81.49211941,0.0,22.0,34.36469831,0.17911229429462994,0.4,61907.0,0.17576814570345875,136015.98245080025,10881.27859606402,10881.278596064021
0,149364.0,210724.0,Other,10.0,0.0,0.0,266.5067241,1.0,34.0,41.61798303,0.08333210447954408,0.4,149364.0,0.1346631344318869,251422.80514105444,20113.824411284357,20113.824411284357
0,82553.0,107422.0,Mgr,9.0,1.0,0.0,305.7597054,2.0,29.0,32.72167844,0.08031786230372294,0.4,82553.0,0.1324957123524301,136723.98177287704,10937.918541830164,10937.918541830162
0,44800.0,78000.0,Other,21.0,0.0,0.0,211.0333333,1.0,27.0,,0.079722123439362,0.4,44800.0,0.13205798671245184,73952.47255897302,5916.197804717842,5916.197804717842
0,158111.0,209649.0,Other,10.0,0.0,0.0,254.3361895,1.0,34.0,43.13677016,0.0977730679089606,0.4,158111.0,0.1440457256602317,284690.1716233112,22775.213729864896,22775.213729864892
1,83943.0,129189.0,Mgr,,1.0,1.0,5.243341044,,41.0,42.93355731,0.6059474039966799,0.4,83943.0,0.13523970711644592,141905.33418094774,11352.42673447582,11352.426734475821
0,62906.0,96327.0,Other,17.0,0.0,0.0,110.6201271,1.0,16.0,33.76074836,0.16128384973850193,0.4,62906.0,0.1711255348124431,134560.28616139432,10764.822892911547,10764.822892911547
0,138132.0,243327.0,ProfExe,27.0,0.0,0.0,349.9409295,0.0,19.0,37.82005452,0.04468162162372784,0.4,138132.0,0.09935875274012174,171557.7904187312,13724.623233498496,13724.623233498496
0,69035.0,108365.0,ProfExe,13.0,0.0,0.0,281.2219109,1.0,33.0,39.5433415,0.06717798452085288,0.4,69035.0,0.122055638789388,105326.3877978175,8426.1110238254,8426.1110238254
0,61771.0,105880.0,Other,17.0,0.0,1.0,130.1504229,0.0,29.0,37.19524901,0.23651937393878017,0.4,61771.0,0.1847616814958113,142661.42284597197,11412.913827677758,11412.91382767776
0,,45369.0,Other,,,,87.26384702,,12.0,27.5294977,0.1447844524050893,0.4,0.0,0.16584444226194006,0.0,0.0,0.0
0,135728.0,178942.0,Mgr,0.0,,,133.9564941,,38.0,32.42562995,0.09059691256915697,0.4,135728.0,0.13957990935729855,236811.2742155927,18944.901937247418,18944.901937247418
0,,31777.0,Other,23.0,0.0,0.0,82.29350724,3.0,15.0,28.07899411,0.16484214006623513,0.4,0.0,0.17213544110434223,0.0,0.0,0.0
0,143881.0,178914.0,ProfExe,7.0,0.0,0.0,323.0225718,0.0,35.0,37.57582198,0.04110891886308799,0.4,143881.0,0.09500721905696019,170871.6710641811,13669.733685134488,13669.73368513449
1,63967.0,87239.0,Other,6.0,0.0,0.0,,0.0,0.0,33.05107375,0.14717416477374762,0.4,63967.0,0.16667353746813365,133270.07714030132,10661.606171224106,10661.606171224106
0,79689.0,117577.0,ProfExe,9.0,0.0,0.0,114.9684987,0.0,19.0,26.48488637,0.08912071104161856,0.4,79689.0,0.1386144207525109,138075.5571918355,11046.044575346841,11046.044575346841
0,44562.0,79481.0,Other,10.0,0.0,0.0,126.2778082,1.0,19.0,40.25073803,0.21103801961665886,0.4,44562.0,0.1817630442920941,101246.55974680372,8099.724779744298,8099.724779744298
1,25828.0,44166.0,Other,,0.0,1.0,187.8625184,,17.0,39.42789016,0.2922430324923965,0.4,25828.0,0.18694346203048715,60354.69671654277,4828.375737323422,4828.375737323422
0,50847.0,79738.0,Other,20.0,0.0,0.0,204.6779007,0.0,26.0,35.86008764,0.07991665277396856,0.4,50847.0,0.13220126495312062,84025.47148839156,6722.037719071325,6722.037719071324
0,79593.0,113063.0,ProfExe,9.0,0.0,0.0,135.7406135,0.0,19.0,28.04079318,0.0877899336044101,0.4,79593.0,0.1377296838444502,137028.98407789157,10962.318726231326,10962.318726231324
0,113204.0,184561.0,Sales,17.0,1.0,0.0,308.9581984,1.0,31.0,34.357866,0.19029653458662346,0.4,113204.0,0.17818260778994655,252137.29915316388,20170.98393225311,20170.983932253108
0,26603.0,64347.0,Office,1.0,0.0,0.0,117.432365,1.0,6.0,39.25791203,0.15494041811630163,0.4,26603.0,0.169214983341601,56270.32752295765,4501.6262018366115,4501.6262018366115
0,84267.0,117833.0,ProfExe,12.0,0.0,1.0,123.7568565,0.0,18.0,27.47115778,0.17966566182273278,0.4,84267.0,0.17589620591472893,185278.0697977058,14822.245583816464,14822.245583816462
0,235839.0,267506.0,Self,5.0,0.0,0.0,240.2170139,3.0,51.0,39.04842776,0.12718096499715678,0.4,235839.0,0.15899123570171536,468704.17545821064,37496.33403665685,37496.33403665685
0,,121708.0,Mgr,8.0,1.0,0.0,151.9693412,0.0,27.0,33.15994063,0.1529976184736527,0.4,0.0,0.16860062374849516,0.0,0.0,0.0
0,,44707.0,Other,,,,95.59549608,,12.0,27.50357097,0.1385805653539075,0.4,0.0,0.16358325277455102,0.0,0.0,0.0
0,32458.0,52329.0,Other,15.0,0.0,0.0,105.7836806,2.0,24.0,29.86627823,0.12749843041943099,0.4,32458.0,0.15912723508854598,64561.897456300314,5164.951796504025,5164.951796504026
0,,43031.0,Other,,,,89.16926731,,13.0,28.86528212,0.15199557087923715,0.4,0.0,0.1682782497225076,0.0,0.0,0.0
0,73083.0,126995.0,Office,1.0,0.0,0.0,289.2008986,1.0,24.0,37.31620765,0.037082737281752966,0.4,73083.0,0.08978505820826133,82022.01761292953,6561.761409034362,6561.761409034362
0,,51974.0,Other,,,,100.6768656,,13.0,28.11606742,0.1372596285275748,0.4,0.0,0.1630808653605279,0.0,0.0,0.0
0,47936.0,80600.0,Other,23.0,,1.0,290.4782768,0.0,30.0,37.73494052,0.10463226719610791,0.4,47936.0,0.14798545607727495,88672.88528150316,7093.830822520253,7093.830822520252
0,241570.0,264772.0,Self,4.0,1.0,0.0,260.7419889,2.0,50.0,37.37997465,0.15743331173762465,0.4,241570.0,0.16998300358034069,513284.92718628625,41062.7941749029,41062.7941749029
0,196689.0,247025.0,Other,8.0,0.0,0.0,105.425354,1.0,25.0,42.6702753,0.23977764778134944,0.4,196689.0,0.1850451718002435,454954.3724527262,36396.34979621809,36396.34979621809
0,58606.0,89508.0,Other,8.0,1.0,0.0,140.7127577,2.0,30.0,41.66996371,0.30444538136344385,0.4,58606.0,0.18674812742960575,136807.00945174345,10944.560756139475,10944.560756139475
0,78441.0,128814.0,Office,2.0,0.0,0.0,310.5000998,1.0,24.0,38.73864962,0.03583254726725496,0.4,78441.0,0.08808822553472119,86371.6062396133,6909.728499169065,6909.728499169065
0,240092.0,263958.0,Self,5.0,1.0,0.0,245.6794706,2.0,51.0,38.97353933,0.18103957334490103,0.4,240092.0,0.1762101946722596,528833.2257406518,42306.65805925215,42306.65805925215
0,111000.0,153000.0,ProfExe,7.0,0.0,0.0,112.6333333,3.0,27.0,,0.18092144963136367,0.4,111000.0,0.17618342001149842,244454.49526595406,19556.359621276326,19556.359621276326
1,46000.0,80000.0,Other,,0.0,0.0,135.9,2.0,19.0,,0.1693502613850468,0.4,46000.0,0.17335368029888426,99678.36617185845,7974.269293748676,7974.269293748676
0,76383.0,103544.0,Mgr,0.0,,,222.2421983,5.0,24.0,42.93996933,0.22109616281466338,0.4,76383.0,0.18311878516551802,174839.52709122203,13987.162167297764,13987.162167297764
1,105480.0,126389.0,Mgr,25.0,0.0,2.0,307.4029037,2.0,35.0,36.76382417,0.19319255021572287,0.4,105480.0,0.17875017494725084,235682.10566795027,18854.568453436023,18854.56845343602
0,,147598.0,,,,,,,,14.46198733,0.03358846085607931,0.4,0.0,0.08494507688403977,0.0,0.0,0.0
1,50910.0,87358.0,Other,19.0,2.0,0.0,104.4064722,0.0,27.0,42.67745065,0.44331444456556546,0.4,50910.0,0.17210943113436433,109526.1392381311,8762.091139050488,8762.091139050488
0,144616.0,211230.0,ProfExe,7.0,0.0,0.0,199.0913081,0.0,27.0,39.00292833,0.10563118897887158,0.4,144616.0,0.1485341292800294,268505.1454995092,21480.411639960734,21480.411639960734
1,65030.0,92453.0,Other,5.0,0.0,0.0,,0.0,0.0,35.02885642,0.16589848499215706,0.4,65030.0,0.1724269621864031,140161.56688727243,11212.925350981795,11212.925350981794
0,77123.0,103014.0,Mgr,1.0,,,231.7942011,3.0,24.0,43.67128143,0.17688122088000124,0.4,77123.0,0.17524243657225236,168940.28044702273,13515.222435761818,13515.222435761818
0,140649.0,212089.0,ProfExe,4.0,0.0,0.0,187.8714209,0.0,29.0,40.03321863,0.11663171855594076,0.4,140649.0,0.1541863258988157,271076.9068917816,21686.15255134253,21686.15255134253
0,76102.0,119391.0,Other,5.0,0.0,0.0,87.62538217,1.0,32.0,40.92995432,0.21292463653812302,0.4,76102.0,0.18203532399584868,173165.65283415097,13853.252226732078,13853.252226732076
0,139746.0,210298.0,ProfExe,6.0,0.0,0.0,185.1125764,1.0,28.0,38.36889038,0.12127440235745242,0.4,139746.0,0.15637084672091783,273152.50432326726,21852.20034586138,21852.200345861384
0,94295.0,143788.0,Mgr,23.0,0.0,0.0,220.7295189,0.0,13.0,42.35812804,0.1349205178589204,0.4,94295.0,0.16217262431398524,191150.84512109048,15292.067609687238,15292.067609687238
0,31333.0,56733.0,Other,13.0,0.0,0.0,97.08615056,2.0,25.0,30.61978676,0.13828872148132454,0.4,31333.0,0.16347290261748007,64026.20572141879,5122.096457713503,5122.096457713503
0,32039.0,54499.0,Other,15.0,0.0,0.0,114.8074121,2.0,24.0,31.14295705,0.13131391641584364,0.4,32039.0,0.1607244684935849,64368.14057582459,5149.451246065967,5149.451246065967
0,189995.0,250814.0,Other,9.0,0.0,0.0,100.8009427,1.0,25.0,41.00583277,0.2231995234034171,0.4,189995.0,0.18337311805043638,435499.6945499082,34839.97556399266,34839.97556399266
0,26059.0,51800.0,Other,24.0,0.0,0.0,118.0311312,0.0,10.0,23.08547854,0.07836668642649165,0.4,26059.0,0.13105025127293593,42687.98122401797,3415.0384979214373,3415.0384979214373
0,50800.0,85000.0,Other,23.0,1.0,2.0,184.2666667,1.0,20.0,,0.5053826804347702,0.4,50800.0,0.15999633267048138,101597.67124575567,8127.8136996604535,8127.813699660454
0,197425.0,242602.0,Other,8.0,0.0,0.0,102.9603455,2.0,26.0,41.27712717,0.24509921893578634,0.4,197425.0,0.18546275529629544,457687.30580463907,36614.984464371126,36614.984464371126
0,43881.0,69954.0,Other,10.0,0.0,0.0,126.4730656,0.0,20.0,40.76906182,0.19157259894770612,0.4,43881.0,0.17843552595309364,97874.11642934628,7829.9293143477025,7829.9293143477025
0,83733.0,116386.0,Office,8.0,0.0,1.0,397.8706892,0.0,44.0,41.86989334,0.031104067604243012,0.4,83733.0,0.0813086064324792,85102.66928013475,6808.21354241078,6808.213542410781
1,32613.0,63065.0,Other,0.0,0.0,0.0,218.4852751,0.0,22.0,41.21010704,0.1266521936295894,0.4,32613.0,0.15876363932065124,64721.98211455499,5177.758569164399,5177.758569164399
0,23047.0,76575.0,Other,,2.0,1.0,104.5662029,2.0,26.0,29.29663349,0.5038609781231778,0.4,23047.0,0.16032533979965208,46187.72632953227,3695.018106362582,3695.0181063625814
0,85417.0,98179.0,,7.0,,,,,,30.82947717,0.09610062250380488,0.4,85417.0,0.14303759852301146,152723.03191300086,12217.84255304007,12217.84255304007
0,103598.0,144594.0,Mgr,19.0,0.0,0.0,217.944828,0.0,13.0,41.13564938,0.13036166382385972,0.4,103598.0,0.16033221394857283,207626.20875805308,16610.096700644248,16610.096700644248
0,63054.0,104624.0,Other,15.0,0.0,1.0,132.1071172,0.0,29.0,40.20529288,0.27605907973895993,0.4,63054.0,0.18685538235372104,147274.7409866441,11781.979278931527,11781.979278931527
0,140785.0,208421.0,ProfExe,3.0,0.0,0.0,176.2714893,0.0,28.0,39.74500284,0.1249824142198736,0.4,140785.0,0.15803602297811936,278113.7686871817,22249.101494974537,22249.101494974533
0,,63456.0,Other,25.0,0.0,0.0,148.8162847,0.0,8.0,22.06576364,0.06431913998017302,0.4,0.0,0.11954532758233904,0.0,0.0,0.0
0,,68913.0,Other,26.0,0.0,0.0,123.6444881,0.0,9.0,22.92513606,0.07588056038233688,0.4,0.0,0.129158157358972,0.0,0.0,0.0
0,70804.0,106892.0,ProfExe,12.0,0.0,0.0,291.0720275,1.0,33.0,40.77228326,0.06924849935359954,0.4,70804.0,0.12381679355679945,109584.05313744534,8766.724250995627,8766.724250995629
0,82058.0,116330.0,ProfExe,11.0,0.0,1.0,128.4471699,0.0,18.0,27.98945739,0.1818178084437604,0.4,82058.0,0.17638556118518423,180923.0797466731,14473.846379733848,14473.846379733846
0,112388.0,180313.0,Sales,16.0,0.0,0.0,295.5460058,0.0,31.0,33.24109601,0.103641128709433,0.4,112388.0,0.14743491396533834,207123.93888420556,16569.915110736445,16569.915110736445
0,137140.0,167096.0,Other,7.0,0.0,1.0,209.085283,1.0,19.0,36.18947433,0.21805865334478955,0.4,137140.0,0.18273395467157216,313251.68179574254,25060.134543659402,25060.134543659406
0,,51824.0,Other,,,,89.59981508,,12.0,28.54647846,0.15181387705916694,0.4,0.0,0.16821939123195848,0.0,0.0,0.0
0,201877.0,239546.0,Other,6.0,0.0,0.0,134.8532427,0.0,42.0,40.39811434,0.12011283610205482,0.4,201877.0,0.15583487115582165,393243.45355404756,31459.476284323806,31459.476284323806
1,42105.0,73249.0,Other,2.0,0.0,0.0,109.2111561,3.0,22.0,31.80908592,0.17604374023841599,0.4,42105.0,0.17504117757593077,92126.35977293206,7370.108781834565,7370.108781834565
0,118965.0,154728.0,ProfExe,8.0,0.0,0.0,101.1976068,3.0,26.0,32.59840187,0.17058712483205518,0.4,118965.0,0.17367625596685518,258267.44738871156,20661.395791096926,20661.395791096926
0,,33888.0,Other,24.0,0.0,0.0,73.85849672,2.0,14.0,28.24306257,0.15736190684784276,0.4,0.0,0.16996131815759866,0.0,0.0,0.0
1,,,Other,20.0,0.0,2.0,190.9965648,0.0,22.0,31.16238948,0.26584742911180825,0.4,0.0,0.18658221689419416,0.0,0.0,0.0
0,108319.0,135884.0,Mgr,8.0,1.0,0.0,188.3758019,5.0,18.0,40.50485505,0.3644471930365651,0.4,108319.0,0.1829383989154714,247696.30540156184,19815.70443212495,19815.704432124945
1,58000.0,95000.0,Self,3.0,0.0,1.0,34.66666667,6.0,28.0,,0.6747066427847765,0.4,58000.0,0.1154087883026672,83671.37151943371,6693.709721554697,6693.709721554697
0,145700.0,211151.0,ProfExe,6.0,0.0,0.0,182.1713721,1.0,27.0,38.48048457,0.12647471687903739,0.4,145700.0,0.15868694657776009,289008.60145474557,23120.688116379646,23120.688116379646
0,80663.0,122372.0,ProfExe,10.0,0.0,1.0,133.669494,0.0,18.0,26.57393079,0.16454496653127218,0.4,80663.0,0.17205275197655379,173478.63915855947,13878.291132684757,13878.291132684759
0,152071.0,185893.0,Self,0.0,0.0,0.0,185.543512,0.0,16.0,40.6422789,0.2582118710412462,0.4,152071.0,0.1862611321871619,354061.4579104237,28324.916632833894,28324.916632833898
0,59575.0,85837.0,Other,22.0,0.0,1.0,189.7553505,0.0,19.0,24.87461511,0.10238623157932883,0.4,59575.0,0.14672896216021117,109267.22400868226,8741.37792069458,8741.37792069458
0,56784.0,91401.0,Office,2.0,0.0,1.0,90.16369704,0.0,23.0,34.09893173,0.16404818042257208,0.4,56784.0,0.17191385226829672,122024.45234003702,9761.956187202963,9761.95618720296
0,58693.0,86469.0,Office,1.0,0.0,1.0,94.12956341,0.0,23.0,32.12756274,0.14434431491966454,0.4,58693.0,0.16568924384753336,121559.98486429095,9724.798789143277,9724.798789143275
1,21852.0,57518.0,Other,2.0,0.0,0.0,80.16847942,2.0,11.0,31.98368604,0.22439731420582604,0.4,21852.0,0.18351356931887047,50126.73145944947,4010.1385167559574,4010.1385167559574
0,61064.0,94714.0,Office,2.0,0.0,0.0,98.80937484,0.0,23.0,34.56594425,0.0804943576093402,0.4,61064.0,0.1326247924051817,101232.5040428752,8098.600323430016,8098.600323430016
1,43314.0,71303.0,Other,8.0,0.0,7.0,246.3186749,3.0,23.0,43.21523351,0.9797171182122781,0.4,43314.0,0.008026667895022089,4345.838665062335,347.6670932049868,347.66709320498677
0,150773.0,179077.0,Other,1.0,0.0,0.0,186.914467,0.0,35.0,38.70777971,0.09797584740423154,0.4,150773.0,0.14416665435922613,271705.487221295,21736.4389777036,21736.4389777036
0,238005.0,260479.0,Self,5.0,1.0,0.0,242.2901595,2.0,51.0,35.45765879,0.1506567626340335,0.4,238005.0,0.1678416155403788,499339.2963335982,39947.14370668786,39947.14370668786
0,100548.0,207647.0,Other,22.0,0.0,0.0,218.5959913,0.0,18.0,26.55949496,0.047811434978637476,0.4,100548.0,0.10297446109746598,129423.45143035012,10353.87611442801,10353.876114428009
0,107291.0,137426.0,Mgr,9.0,2.0,0.0,191.57344,4.0,18.0,40.76740141,0.4725944112546727,0.4,107291.0,0.16674067206533627,223622.16808202493,17889.773446561994,17889.773446561994
0,45963.0,74279.0,Other,20.0,,0.0,295.6669448,1.0,29.0,37.91727288,0.05857587680366458,0.4,45963.0,0.11420641739535538,65615.869534284,5249.269562742719,5249.269562742719
0,222681.0,286283.0,ProfExe,6.0,,4.0,485.9453583,,55.0,33.23935548,0.17141173983800415,0.4,222681.0,0.17388857562009916,484021.02384574123,38721.6819076593,38721.6819076593
0,139904.0,172310.0,Other,6.0,1.0,0.0,204.1144147,0.0,19.0,34.83482969,0.15880534345669794,0.4,139904.0,0.17039613686388413,297988.7641475606,23839.101131804848,23839.101131804848
0,75034.0,100852.0,Office,10.0,0.0,0.0,152.3539807,0.0,20.0,36.3563094,0.0681179091915797,0.4,75034.0,0.12286091269096944,115234.3215356775,9218.7457228542,9218.7457228542
1,79714.0,,ProfExe,1.0,0.0,4.0,125.7666667,0.0,23.0,,0.785785197219774,0.4,79714.0,0.07948593542010483,79201.77320097796,6336.141856078237,6336.141856078237
1,154000.0,190000.0,Other,0.0,0.0,4.0,171.4333333,3.0,58.0,,0.654463355752032,0.4,154000.0,0.12145988580534867,233810.28017529618,18704.822414023696,18704.822414023696
0,58794.0,91413.0,Other,5.0,0.0,0.0,230.6802307,0.0,19.0,37.99692333,0.1008323961802841,0.4,58794.0,0.14584083136760373,107182.07299283617,8574.565839426894,8574.565839426894
0,119553.0,158687.0,Mgr,5.0,0.0,0.0,290.7585045,0.0,24.0,36.97751891,0.05906073838973264,0.4,119553.0,0.11467327714741418,171369.1787850601,13709.534302804808,13709.534302804808
0,81764.0,118388.0,ProfExe,9.0,0.0,0.0,130.1924181,0.0,18.0,28.15413466,0.09300606559944524,0.4,81764.0,0.1411204921443556,144232.19899613864,11538.575919691091,11538.575919691091
0,20119.0,54563.0,Other,24.0,0.0,0.0,126.9879594,0.0,11.0,25.62363851,0.08570650465652188,0.4,20119.0,0.1363165486433251,34281.908026938225,2742.552642155058,2742.5526421550576
0,47067.0,63292.0,Office,17.0,0.0,0.0,174.6210154,2.0,21.0,33.67314644,0.06083589057347508,0.4,47067.0,0.11635651382145214,68456.9004504286,5476.552036034288,5476.552036034288
0,,36277.0,Other,9.0,0.0,,79.33145984,,13.0,20.51714628,0.09579362626587112,0.4,0.0,0.14285044082845721,0.0,0.0,0.0
0,75164.0,108483.0,Mgr,7.0,0.0,0.0,300.8359581,2.0,28.0,30.07140205,0.04148552821276864,0.4,75164.0,0.09547789247383616,89706.25387379277,7176.500309903422,7176.500309903421
0,113266.0,182082.0,Sales,18.0,0.0,0.0,304.8524691,1.0,31.0,33.19394936,0.10940185217167316,0.4,113266.0,0.1505505297335734,213153.2037600366,17052.25630080293,17052.256300802925
0,150464.0,203202.0,Other,10.0,0.0,0.0,248.4819453,1.0,33.0,43.11219067,0.10281074851494944,0.4,150464.0,0.14696889926833687,276419.10574388795,22113.528459511035,22113.52845951104
0,,35271.0,Other,9.0,0.0,,96.52831616,,14.0,23.31865001,0.10173844358769019,0.4,0.0,0.1463606033095559,0.0,0.0,0.0
0,80176.0,113247.0,Mgr,9.0,0.0,1.0,294.7520334,1.0,29.0,33.19212531,0.09347125324008776,0.4,80176.0,0.14141305668998094,141724.1654146989,11337.93323317591,11337.933233175912
0,,151429.0,,,,,,,,15.56700107,0.03612688865406237,0.4,0.0,0.08849111342205451,0.0,0.0,0.0
0,,120470.0,Mgr,7.0,0.0,0.0,161.2876716,0.0,27.0,34.13000366,0.09279868593735775,0.4,0.0,0.14098956071027877,0.0,0.0,0.0
0,103949.0,208432.0,Other,23.0,0.0,0.0,202.592647,0.0,18.0,23.29023448,0.042003976465374314,0.4,103949.0,0.09612109628253453,124896.14796841478,9991.691837473183,9991.691837473181
0,50605.0,77841.0,Other,21.0,,0.0,286.4482043,1.0,31.0,41.17380505,0.07223875621771886,0.4,50605.0,0.12627994814177285,79879.95969643019,6390.3967757144155,6390.396775714415
1,73525.0,,Office,3.0,1.0,,106.6522984,0.0,6.0,22.50817251,0.08815728945941927,0.4,73525.0,0.13797528893534222,126807.91398713796,10144.633118971036,10144.633118971036
0,20566.0,50534.0,Other,24.0,0.0,0.0,140.5532102,1.0,10.0,24.09826676,0.08346182147027632,0.4,20566.0,0.1347546699288413,34642.05677195688,2771.3645417565504,2771.3645417565504
0,105096.0,136580.0,Mgr,9.0,2.0,0.0,181.3585917,4.0,17.0,39.18736161,0.4664577267829407,0.4,105096.0,0.1679192424749079,220595.50883928651,17647.64070714292,17647.64070714292
0,75096.0,120859.0,Other,4.0,0.0,0.0,107.1771177,2.0,31.0,38.55297875,0.19417842944934172,0.4,75096.0,0.17893817865049133,167969.2682992162,13437.541463937296,13437.541463937298
0,77952.0,113285.0,Other,5.0,0.0,0.0,90.01609154,1.0,31.0,39.39066028,0.1972206810133228,0.4,77952.0,0.1795019147351448,174906.6657179251,13992.533257434008,13992.533257434006
0,141109.0,245422.0,ProfExe,28.0,0.0,0.0,343.7871223,1.0,18.0,38.11355594,0.05429425639815684,0.4,141109.0,0.10994496093008642,193927.79364854455,15514.223491883564,15514.223491883564
0,72648.0,123582.0,Office,0.0,1.0,0.0,331.3528857,0.0,23.0,37.54583738,0.047140567473248685,0.4,72648.0,0.10221403827884885,92820.56816102263,7425.64545288181,7425.645452881811
0,49323.0,77160.0,Other,23.0,,1.0,286.1816551,0.0,29.0,39.67630465,0.12283491286373556,0.4,49323.0,0.15708004797346334,96845.74007743916,7747.659206195132,7747.659206195132
0,149599.0,181869.0,Other,1.0,0.0,0.0,204.0289898,0.0,35.0,39.80087956,0.09565881605122807,0.4,149599.0,0.14276804664183806,266974.4626196542,21357.957009572336,21357.957009572332
0,100931.0,132627.0,Office,11.0,0.0,1.0,169.0320939,0.0,28.0,41.08956919,0.14266326050488287,0.4,100931.0,0.16508923530397893,208282.77010582373,16662.6216084659,16662.621608465895
1,51599.0,87148.0,Other,,0.0,0.0,129.9339205,2.0,19.0,,0.17436937305219113,0.4,51599.0,0.17463230219699175,112635.6520132822,9010.852161062576,9010.852161062578
0,189252.0,241754.0,Other,9.0,0.0,0.0,97.31488774,2.0,25.0,40.31269773,0.2420680932570376,0.4,189252.0,0.18523173468339682,438193.4531537777,35055.476252302215,35055.476252302215
0,87291.0,122531.0,ProfExe,10.0,0.0,1.0,128.4832581,0.0,18.0,27.83750961,0.18126234164181185,0.4,87291.0,0.1762605761015944,192324.52435605344,15385.961948484275,15385.961948484277
0,,37310.0,Other,26.0,0.0,0.0,92.85512943,2.0,15.0,27.21702865,0.13044879890332817,0.4,0.0,0.16036828136585066,0.0,0.0,0.0
0,94337.0,123054.0,ProfExe,0.0,1.0,0.0,204.9173394,2.0,38.0,35.72585219,0.14844305041557243,0.4,94337.0,0.16710458490835634,197051.81533124516,15764.145226499613,15764.145226499611
0,147600.0,184207.0,ProfExe,5.0,0.0,0.0,310.3481457,0.0,35.0,38.23508627,0.04671337463983647,0.4,147600.0,0.10172574432353493,187683.99827692195,15014.719862153755,15014.719862153755
0,118304.0,177819.0,Sales,17.0,0.0,0.0,299.2172523,1.0,30.0,34.36826933,0.1241649157239321,0.4,118304.0,0.15767480948342638,233169.50826409092,18653.560661127274,18653.560661127274
0,25685.0,51023.0,Other,35.0,0.0,0.0,261.470872,0.0,23.0,40.08504815,0.07414661955499414,0.4,25685.0,0.1278039630758834,41033.059895050814,3282.644791604065,3282.644791604065
0,52394.0,93307.0,Other,24.0,0.0,1.0,184.6560958,0.0,19.0,23.54869835,0.09577048325757118,0.4,52394.0,0.14283630518388843,93547.06717255813,7483.765373804651,7483.76537380465
0,58369.0,88124.0,Other,7.0,0.0,0.0,234.2215473,1.0,20.0,37.15829482,0.10244311956065455,0.4,58369.0,0.14676118216852851,107078.79302493551,8566.303441994842,8566.303441994842
0,52296.0,91041.0,Other,24.0,1.0,2.0,193.8537132,0.0,19.0,24.89378113,0.30303360625825443,0.4,52296.0,0.18678172941910604,122099.21652126961,9767.937321701569,9767.937321701569
0,,51055.0,Other,,,,70.25339459,,14.0,28.20743574,0.15774972019055936,0.4,0.0,0.17007887524430282,0.0,0.0,0.0
0,114956.0,147793.0,Office,3.0,,,296.5601545,2.0,35.0,43.80729316,0.04787201860529686,0.4,114956.0,0.10304275117151432,148067.2812959075,11845.382503672601,11845.3825036726
0,,45913.0,Other,,,,92.57722408,,13.0,27.92400089,0.14142794868073527,0.4,0.0,0.16464092411523457,0.0,0.0,0.0
0,,43472.0,Other,,,,90.08032697,,12.0,28.68850032,0.15269948609834927,0.4,0.0,0.16850510395340842,0.0,0.0,0.0
0,25530.0,79885.0,Other,,1.0,1.0,105.6387889,2.0,26.0,29.92863683,0.3694886443263353,0.4,25530.0,0.18242632811796244,58216.80196064476,4657.344156851581,4657.344156851581
0,78851.0,109090.0,Office,8.0,0.0,0.0,405.4304292,0.0,44.0,42.34162639,0.014212554282445245,0.4,78851.0,0.050457843484504716,49733.142707458515,3978.6514165966814,3978.6514165966814
0,189302.0,249773.0,Other,7.0,0.0,0.0,106.6093074,1.0,26.0,42.76938671,0.23682150045687408,0.4,189302.0,0.18478887171473463,437261.2874167837,34980.902993342694,34980.902993342694
0,94916.0,127526.0,ProfExe,0.0,0.0,0.0,195.8476245,2.0,37.0,36.01849565,0.09647365451354482,0.4,94916.0,0.14326413064804674,169975.72780737505,13598.058224590004,13598.058224590004
0,43781.0,66030.0,Office,17.0,0.0,0.0,184.3849541,2.0,21.0,31.48990578,0.050036621390655636,0.4,43781.0,0.10544231861997425,57704.626893763656,4616.370151501093,4616.370151501093
0,79163.0,123792.0,Office,0.0,0.0,0.0,310.6145549,0.0,24.0,38.1099786,0.030625866772557995,0.4,79163.0,0.08058847610539865,79745.31917414593,6379.625533931675,6379.625533931674
0,73679.0,98614.0,Office,10.0,0.0,0.0,151.6287037,0.0,20.0,38.15962279,0.0766688781728082,0.4,73679.0,0.12976434660959732,119511.34117310651,9560.90729384852,9560.90729384852
0,130672.0,212536.0,ProfExe,10.0,0.0,0.0,221.5068316,3.0,26.0,20.26991879,0.041148681999191666,0.4,130672.0,0.09505705150729668,155266.1879320184,12421.295034561472,12421.295034561472
0,128413.0,207302.0,ProfExe,9.0,0.0,0.0,228.0151317,3.0,26.0,17.87219518,0.034093711249104874,0.4,128413.0,0.08566404321424159,137504.70976588005,11000.376781270405,11000.376781270406
0,122105.0,165000.0,Mgr,1.0,0.0,0.0,234.4,2.0,24.0,,0.0922136968697586,0.4,122105.0,0.14061852721671544,214627.815822463,17170.22526579704,17170.22526579704
0,153853.0,188760.0,Self,2.0,0.0,0.0,172.5708333,0.0,17.0,43.35819405,0.3037102808765773,0.4,153853.0,0.18676597629331348,359181.3218831895,28734.50575065516,28734.50575065516
0,240907.0,260638.0,Self,7.0,1.0,0.0,255.415514,3.0,51.0,37.65291911,0.17678093129250097,0.4,240907.0,0.17521844904515158,527641.8863015041,42211.35090412033,42211.35090412033
0,134642.0,182719.0,Mgr,0.0,,,122.4568633,,39.0,32.69880046,0.09598602710505502,0.4,134642.0,0.1429678133756201,240618.404106503,19249.47232852024,19249.47232852024
0,44333.0,68945.0,Office,18.0,0.0,0.0,173.4953921,2.0,21.0,32.34941205,0.05585940972297279,0.4,44333.0,0.11153235539660736,61807.04889747243,4944.563911797794,4944.563911797794
0,220432.0,283978.0,ProfExe,6.0,,5.0,480.3560137,,56.0,33.7142391,0.32189994486511353,0.4,220432.0,0.18610592159446637,512796.2563613926,41023.70050891141,41023.70050891141
0,196412.0,250164.0,Other,9.0,0.0,0.0,97.27834927,1.0,26.0,42.334246,0.23894700295739638,0.4,196412.0,0.18497493131001308,454141.2026057786,36331.296208462285,36331.29620846229
0,59288.0,87753.0,Other,8.0,1.0,1.0,145.8824924,3.0,29.0,38.97248671,0.4756154384053954,0.4,59288.0,0.1661504579761085,123134.10440609402,9850.728352487522,9850.72835248752
0,29751.0,57501.0,Office,1.0,0.0,0.0,114.359189,2.0,7.0,37.07547187,0.15216594152509144,0.4,29751.0,0.1683333269718999,62601.06013426243,5008.084810740995,5008.084810740994
0,23742.0,77878.0,Other,,2.0,1.0,99.37716841,2.0,26.0,28.87672375,0.5043583241838775,0.4,23742.0,0.16021797418482078,47548.68928870018,3803.8951430960146,3803.895143096015
0,145393.0,187324.0,Self,3.0,0.0,0.0,194.2277448,1.0,16.0,40.85486499,0.27285689254984297,0.4,145393.0,0.18678846224747991,339471.6861443481,27157.73489154785,27157.734891547847
0,,63918.0,Other,25.0,0.0,0.0,135.4409472,0.0,8.0,20.16138785,0.0613157989772777,0.4,0.0,0.11680469231762675,0.0,0.0,0.0
0,63345.0,100332.0,Other,16.0,0.0,0.0,139.5105459,0.0,30.0,38.42744457,0.12486920026578464,0.4,63345.0,0.1579861958183464,125095.44467641441,10007.635574113154,10007.635574113152
0,240782.0,267675.0,Self,6.0,0.0,0.0,229.3070258,1.0,50.0,37.740919,0.09976362662721808,0.4,240782.0,0.1452208017337592,437081.93853822513,34966.55508305801,34966.55508305801
0,,38964.0,Other,11.0,1.0,,102.7529024,,14.0,20.35358209,0.1365292976013432,0.4,0.0,0.16279986097203303,0.0,0.0,0.0
0,112059.0,179599.0,Sales,15.0,0.0,0.0,313.2053014,0.0,30.0,36.35910417,0.1172189159898773,0.4,112059.0,0.15446891620384157,216370.40351107853,17309.632280886282,17309.632280886282
0,77198.0,131090.0,Office,0.0,0.0,0.0,312.9088037,0.0,24.0,37.83016379,0.02967050463095279,0.4,77198.0,0.07912924927378318,76357.74731796893,6108.619785437514,6108.619785437513
0,,64211.0,Other,26.0,0.0,0.0,127.4120114,0.0,10.0,22.28949083,0.06989610823867523,0.4,0.0,0.12435816409657381,0.0,0.0,0.0
0,84769.0,127773.0,Other,2.0,0.0,0.0,190.8604772,2.0,25.0,42.03163913,0.17814768601032097,0.4,84769.0,0.17554270917765244,186007.24892850526,14880.57991428042,14880.579914280419
1,61223.0,92255.0,Other,2.0,0.0,1.0,214.0325389,0.0,17.0,1.85553998,0.02403200848612401,0.4,61223.0,0.0698993549223949,53493.10258017228,4279.448206413783,4279.448206413783
0,34678.0,68000.0,Mgr,14.0,1.0,0.0,88.3,6.0,16.0,,0.44708956044238873,0.4,34678.0,0.17145421285478035,74321.11491722592,5945.6891933780735,5945.6891933780735
1,14000.0,45000.0,Other,0.0,0.0,0.0,195.2333333,1.0,7.0,,0.14798058968827937,0.4,14000.0,0.1669482150125452,29215.93762719541,2337.275010175633,2337.275010175633
1,82859.0,,Office,0.4,2.0,0.0,177.5,0.0,22.0,,0.15803103817418973,0.4,82859.0,0.17016381291759172,176245.04218173414,14099.603374538732,14099.603374538732
0,76599.0,119041.0,Other,4.0,0.0,0.0,97.26565847,1.0,31.0,40.12650973,0.19948924599824885,0.4,76599.0,0.17990639063632993,172258.12020440295,13780.649616352237,13780.649616352237
0,134952.0,165451.0,Other,8.0,1.0,0.0,225.3236722,1.0,19.0,35.73485637,0.16627487253925688,0.4,134952.0,0.17252993017468993,291040.73921168444,23283.259136934757,23283.259136934754
0,,61089.0,Other,27.0,0.0,0.0,144.1920343,0.0,9.0,22.81386786,0.06688212942957311,0.4,0.0,0.12180014661938626,0.0,0.0,0.0
0,47820.0,76159.0,Other,24.0,,0.0,282.4450078,0.0,30.0,41.28888238,0.06590225535227923,0.4,47820.0,0.12094694850582394,72296.03846935627,5783.683077548501,5783.6830775485005
0,,122693.0,Mgr,9.0,0.0,0.0,153.9424281,0.0,27.0,32.20081121,0.0845551035211855,0.4,0.0,0.13552057471915235,0.0,0.0,0.0
1,62895.0,103000.0,Self,1.0,0.0,5.0,187.4666667,2.0,34.0,,0.9109042073389362,0.4,62895.0,0.03447687282845311,27105.28645681948,2168.422916545558,2168.4229165455586
0,148986.0,175750.0,Other,1.0,0.0,0.0,197.3917133,0.0,35.0,40.51498958,0.10354870418524952,0.4,148986.0,0.1473832607261226,274475.5310317763,21958.042482542103,21958.0424825421
0,61151.0,97072.0,Other,16.0,0.0,1.0,133.4481104,0.0,29.0,39.22971154,0.2600863382551882,0.4,61151.0,0.1863494858122244,142443.2175862917,11395.457406903335,11395.457406903335
0,94954.0,131913.0,ProfExe,0.0,1.0,0.0,187.1408236,2.0,37.0,35.27011322,0.16110873941700338,0.4,94954.0,0.17107470876793107,203052.8487043766,16244.227896350129,16244.227896350127
0,78491.0,121598.0,Other,4.0,1.0,0.0,84.58301005,1.0,33.0,41.34234309,0.3338995065786775,0.4,78491.0,0.18543247314446593,181934.75311977844,14554.780249582276,14554.780249582274
0,140561.0,208775.0,ProfExe,5.0,0.0,0.0,197.5241025,1.0,27.0,36.87838912,0.10661090904331058,0.4,140561.0,0.1490662920540014,261911.33846753114,20952.90707740249,20952.90707740249
1,84843.0,115850.0,Sales,2.0,0.0,0.0,137.5388776,2.0,37.0,42.57188992,0.41035055968278006,0.4,84843.0,0.17732996292067765,188065.07555098817,15045.206044079054,15045.206044079054
0,49610.0,78355.0,Other,23.0,,0.0,278.603564,0.0,30.0,39.52990361,0.060539832795536284,0.4,49610.0,0.11607858494578766,71983.23248950657,5758.658599160525,5758.658599160525
0,128238.0,165316.0,Mgr,1.0,0.0,0.0,236.0659719,2.0,23.0,36.93931917,0.10599539981099226,0.4,128238.0,0.14873264646146225,238414.71396156246,19073.177116925,19073.177116924995
0,122501.0,153280.0,Mgr,2.0,0.0,0.0,289.581723,0.0,25.0,38.1297118,0.0638644910099613,0.4,122501.0,0.119137405935908,182430.64205693334,14594.451364554669,14594.451364554667
0,146193.0,185200.0,ProfExe,11.0,0.0,0.0,156.2294564,0.0,36.0,39.21027209,0.10887709994106189,0.4,146193.0,0.15027500319164797,274614.41926995735,21969.15354159659,21969.153541596592
0,40785.0,75601.0,Mgr,14.0,1.0,0.0,98.2405209,5.0,15.0,34.15422819,0.3942448821047578,0.4,40785.0,0.1795319212801798,91527.61761765167,7322.209409412134,7322.209409412133
0,144243.0,176096.0,Other,1.0,0.0,0.0,194.6797961,0.0,34.0,40.47924358,0.10698640525732572,0.4,144243.0,0.1492687032742521,269137.0695798493,21530.965566387946,21530.965566387946
0,73468.0,108774.0,ProfExe,11.0,0.0,0.0,290.0805914,1.0,32.0,39.0422045,0.06411304839925427,0.4,73468.0,0.11936071927501231,109614.91654620756,8769.193323696605,8769.193323696605
0,,120179.0,Mgr,8.0,0.0,0.0,162.12582,0.0,27.0,35.09551993,0.09745872748395189,0.4,0.0,0.1438577129492174,0.0,0.0,0.0
0,81968.0,114647.0,ProfExe,10.0,0.0,1.0,126.7073197,0.0,19.0,27.05672697,0.17170817845759628,0.4,81968.0,0.17396436937217086,178243.89285872626,14259.5114286981,14259.5114286981
0,23361.0,55483.0,Other,36.0,0.0,0.0,280.8076057,1.0,23.0,39.89165429,0.07401719494947602,0.4,23361.0,0.12770171593918508,37290.497325691285,2983.239786055303,2983.239786055303
0,186185.0,233480.0,ProfExe,0.0,0.0,0.0,290.578837,1.0,32.0,41.74120105,0.08135938582756931,0.4,186185.0,0.13325348865365644,310122.5098122628,24809.800784981024,24809.800784981024
0,129559.0,170042.0,Mgr,1.0,0.0,0.0,232.6461734,1.0,24.0,34.11753289,0.07869170398745423,0.4,129559.0,0.13129340342354287,212628.02567688486,17010.24205415079,17010.24205415079
0,18590.0,53462.0,Other,25.0,0.0,0.0,111.9955708,1.0,11.0,22.95980677,0.0882704699615459,0.4,18590.0,0.13805074614768106,32079.542136067386,2566.363370885391,2566.363370885391
0,149729.0,183027.0,ProfExe,7.0,0.0,0.0,331.2565571,0.0,34.0,37.00088322,0.038620412052417515,0.4,149729.0,0.09182184636742635,171854.91543435474,13748.393234748379,13748.39323474838
0,133594.0,173255.0,Other,8.0,0.0,0.0,215.968328,1.0,19.0,36.94699749,0.11296124103925993,0.4,133594.0,0.1523772524390996,254458.5832793634,20356.68666234907,20356.68666234907
0,145772.0,193135.0,ProfExe,12.0,0.0,0.0,147.9387954,0.0,36.0,40.90432104,0.12516683149126887,0.4,145772.0,0.15811705288451927,288112.98791352677,23049.039033082143,23049.039033082143
0,96895.0,144482.0,Mgr,23.0,0.0,0.0,201.9678752,0.0,13.0,40.16216065,0.13042132232013515,0.4,96895.0,0.1603569119178876,194222.28725354644,15537.782980283715,15537.782980283719
0,148471.0,183284.0,ProfExe,4.0,0.0,0.0,323.262383,0.0,35.0,37.27227131,0.041046305289240526,0.4,148471.0,0.09492868343157582,176176.95697211867,14094.156557769495,14094.156557769493
0,139309.0,166621.0,Other,5.0,0.0,0.0,217.2114826,0.0,20.0,35.18585706,0.08920897427748634,0.4,139309.0,0.13867261576105924,241479.29286321753,19318.343429057404,19318.3434290574
1,89146.0,128923.0,Mgr,7.0,2.0,1.0,114.4619553,7.0,16.0,2.83029717,0.26886026956138886,0.4,89146.0,0.18668104903934438,208023.35997076743,16641.868797661395,16641.868797661395
0,124199.0,166404.0,Mgr,1.0,0.0,0.0,243.9420995,2.0,23.0,34.50965688,0.08747622561962883,0.4,124199.0,0.13751910837055564,213496.69675643303,17079.735740514643,17079.73574051464
0,46236.0,62711.0,Office,17.0,0.0,0.0,175.075058,1.0,22.0,33.05993364,0.0503650075212571,0.4,46236.0,0.1057996359931972,61146.89962226831,4891.751969781465,4891.751969781465
0,35485.0,74949.0,Mgr,14.0,0.0,0.0,84.76662481,5.0,15.0,36.19145855,0.31058689972239406,0.4,35485.0,0.18656943333763168,82755.20427482325,6620.41634198586,6620.4163419858605
0,145745.0,211400.0,ProfExe,6.0,0.0,0.0,184.7116347,1.0,27.0,39.84839123,0.13539603612562037,0.4,145745.0,0.1623592079673847,295788.034565081,23663.04276520648,23663.042765206483
0,213165.0,282068.0,ProfExe,5.0,,4.0,476.728281,,55.0,31.18166119,0.16045065326924762,0.4,213165.0,0.17088274156333266,455327.7450668476,36426.21960534781,36426.219605347804
1,138216.0,170052.0,ProfExe,10.0,0.0,0.0,199.7387114,1.0,29.0,76.42147805,0.6182706716698101,0.4,138216.0,0.1318410911008913,227781.85309500986,18222.54824760079,18222.54824760079
1,18459.0,53907.0,Other,0.0,0.0,0.0,200.4170271,0.0,6.0,71.51211057,0.6485088259870048,0.4,18459.0,0.12320728047543272,28428.53987870016,2274.283190296013,2274.2831902960124
0,74982.0,126972.0,Office,0.0,0.0,0.0,315.8189112,0.0,23.0,38.32598985,0.030831497828206187,0.4,74982.0,0.0808989663956648,75824.57872849672,6065.966298279738,6065.966298279738
0,,35397.0,Other,7.0,0.0,,85.25084072,,13.0,20.83725547,0.09584430704148318,0.4,0.0,0.14288138332507816,0.0,0.0,0.0
0,69446.0,104590.0,ProfExe,11.0,0.0,0.0,287.2759924,1.0,32.0,41.49906043,0.07610835280034287,0.4,69446.0,0.1293339239196644,112271.54600656267,8981.723680525014,8981.723680525014
0,57414.0,92916.0,Office,0.0,0.0,0.0,70.28190571,0.0,22.0,34.39630178,0.09604348176712096,0.4,57414.0,0.14300281298434867,102629.54380854242,8210.363504683393,8210.363504683395
0,115638.0,145440.0,Office,4.0,,,294.7001921,2.0,36.0,43.90864533,0.04733482317244061,0.4,115638.0,0.10243502526015225,148067.26813791855,11845.381451033485,11845.381451033485
1,69000.0,106500.0,Sales,0.6,0.0,1.0,115.7,2.0,19.0,,0.6107222600448028,0.4,69000.0,0.133931388352186,115515.82245376041,9241.265796300833,9241.265796300833
0,67144.0,92923.0,Other,16.0,0.0,0.0,89.11217349,1.0,17.0,32.79147803,0.16744616989829822,0.4,67144.0,0.1728473429289369,145070.77492025672,11605.661993620537,11605.661993620539
0,47882.0,78854.0,Other,11.0,0.0,0.0,132.3473921,0.0,19.0,41.13070668,0.19250936026190832,0.4,47882.0,0.17861834870353502,106907.5471577833,8552.603772622664,8552.603772622664
0,98324.0,129210.0,ProfExe,0.0,1.0,0.0,185.2058111,3.0,38.0,34.65064913,0.17203008523943167,0.4,98324.0,0.17404635715656794,213911.67526327985,17112.93402106239,17112.934021062385
0,54071.0,85557.0,Office,0.0,0.0,2.0,91.20997623,0.0,22.0,34.5971919,0.31520336708627883,0.4,54071.0,0.18640096740748496,125986.0838586265,10078.886708690121,10078.88670869012
0,113724.0,151969.0,Office,4.0,,,294.8927627,1.0,36.0,42.39724899,0.037728320894968734,0.4,113724.0,0.09064679907354922,128858.95722300389,10308.716577840312,10308.716577840312
0,72848.0,101736.0,Office,10.0,0.0,0.0,131.4096343,0.0,21.0,36.36902746,0.0748686132793281,0.4,72848.0,0.1283713542680803,116894.95519651393,9351.596415721115,9351.596415721113
0,45763.0,73797.0,Other,23.0,,0.0,291.5916815,1.0,29.0,39.37085816,0.06451012066153987,0.4,45763.0,0.11971595522014933,68482.01573424618,5478.5612587396945,5478.561258739694
0,215692.0,286555.0,ProfExe,8.0,,5.0,468.1781224,,55.0,30.55300542,0.29321689814295104,0.4,215692.0,0.18693589855128423,504007.22287904494,40320.57783032359,40320.5778303236
1,79218.0,115721.0,Other,9.0,0.0,0.0,280.3437201,0.0,35.0,33.22776308,0.039113215073865885,0.4,79218.0,0.09246329935715114,91559.47060593498,7324.757648474799,7324.757648474799
0,77910.0,117590.0,Other,4.0,0.0,0.0,91.8742111,2.0,31.0,38.49715498,0.20809648999083458,0.4,77910.0,0.1813214720854618,176584.4486272291,14126.755890178329,14126.755890178329
0,50375.0,70656.0,Other,8.0,0.0,0.0,125.7160414,1.0,20.0,43.1338449,0.24460178374786704,0.4,50375.0,0.18542607121284715,116760.47921683968,9340.838337347175,9340.838337347175
0,13718.0,35684.0,Other,16.0,2.0,0.0,122.2944468,1.0,18.0,24.35575958,0.22692100108841395,0.4,13718.0,0.18379921116717748,31516.96973489176,2521.357578791341,2521.3575787913405
0,144901.0,178093.0,ProfExe,7.0,0.0,0.0,331.1139721,0.0,34.0,40.5665519,0.04879183460861681,0.4,144901.0,0.10407192960059038,188501.58338818932,15080.126671055146,15080.126671055146
0,45482.0,77000.0,Office,0.8,0.0,0.0,164.3,3.0,19.0,,0.09072226522438329,0.4,45482.0,0.13966113362631713,79400.84599490195,6352.067679592155,6352.067679592155
1,124000.0,162000.0,Other,0.8,0.0,2.0,166.3666667,1.0,34.0,,0.34797609004849434,0.4,124000.0,0.1844170092077072,285846.3642719462,22867.709141755695,22867.709141755695
0,54515.0,82539.0,Other,20.0,0.0,0.0,203.8613989,0.0,26.0,37.11235228,0.08681892699717257,0.4,54515.0,0.13707537866005298,93408.30334565985,7472.664267652788,7472.664267652788
0,45880.0,82425.0,Other,21.0,0.0,0.0,212.6442208,0.0,27.0,36.9977936,0.07997986005942562,0.4,45880.0,0.1322477472311912,75844.08303708816,6067.526642967053,6067.526642967053
0,54834.0,85391.0,Other,9.0,0.0,1.0,132.5785446,2.0,30.0,39.30573912,0.32187973251129043,0.4,54834.0,0.18610690081602949,127562.32249182703,10204.985799346163,10204.985799346161
0,,38441.0,Other,8.0,1.0,,85.17950335,,14.0,23.69117601,0.18362486362350888,0.4,0.0,0.17678588907808956,0.0,0.0,0.0
0,60631.0,86091.0,Other,24.0,0.0,2.0,200.1414536,1.0,20.0,26.24875663,0.22190173620194728,0.4,60631.0,0.18321735787682708,138858.1453178738,11108.651625429904,11108.651625429902
0,23160.0,58074.0,Other,36.0,0.0,0.0,275.8432307,1.0,24.0,40.13322041,0.07560457510040457,0.4,23160.0,0.12894454525346644,37329.44585087853,2986.3556680702827,2986.3556680702827
0,,61844.0,Other,26.0,0.0,0.0,133.0997369,0.0,8.0,22.71865262,0.07264402161930336,0.4,0.0,0.12660671258795672,0.0,0.0,0.0
0,,38356.0,Other,8.0,0.0,,87.47422306,,13.0,20.92741537,0.09465174480724248,0.4,0.0,0.14214849037937957,0.0,0.0,0.0
1,63844.0,101000.0,Other,8.0,1.0,1.0,128.8,0.0,22.0,,0.3742306139307784,0.4,63844.0,0.18192013895845693,145181.36689579656,11614.509351663724,11614.509351663724
0,140305.0,237302.0,ProfExe,27.0,0.0,0.0,349.5142676,2.0,18.0,37.42084716,0.0573593872629933,0.4,140305.0,0.11302133611696963,198218.2320486428,15857.458563891423,15857.458563891423
0,44095.0,77587.0,Mgr,14.0,1.0,0.0,92.14002902,6.0,15.0,33.5355472,0.42477057727580403,0.4,44095.0,0.1751598161730814,96545.90117690031,7723.672094152025,7723.672094152024
0,24494.0,77479.0,Other,,1.0,1.0,101.3129167,1.0,26.0,31.12455386,0.36363318997744565,0.4,24494.0,0.18301852100161176,56035.695667668486,4482.855653413479,4482.855653413479
0,,31681.0,Other,23.0,0.0,0.0,92.51403036,2.0,15.0,29.74190894,0.15421229957592747,0.4,0.0,0.1689863733272633,0.0,0.0,0.0
0,33649.0,63214.0,Office,2.0,0.0,0.0,113.0367365,2.0,6.0,37.83786387,0.16222601900740444,0.4,33649.0,0.1713971734948826,72091.7936366163,5767.343490929305,5767.343490929305
0,20479.0,46735.0,Other,24.0,0.0,0.0,103.8162897,0.0,10.0,24.25867722,0.09107517702877733,0.4,20479.0,0.1398891748480424,35809.88014641325,2864.7904117130597,2864.79041171306
0,118200.0,159739.0,ProfExe,6.0,0.0,1.0,117.1521605,3.0,27.0,34.20600845,0.31278370825130036,0.4,118200.0,0.18649287287040933,275543.2196660298,22043.457573282383,22043.457573282383
0,20497.0,74244.0,Other,,1.0,2.0,93.06034262,1.0,25.0,27.36133981,0.5107557860302195,0.4,20497.0,0.15882265802985837,40692.350270475086,3255.388021638007,3255.388021638007
0,70730.0,93752.0,Office,8.0,0.0,0.0,165.9193329,0.0,20.0,36.17090549,0.06326244352365397,0.4,70730.0,0.11859346465568815,104851.44693871029,8388.115755096824,8388.115755096824
0,145725.0,179197.0,Other,1.0,0.0,0.0,183.3762884,0.0,34.0,40.28747993,0.11222815664258143,0.4,145725.0,0.1520069548505875,276890.1686950233,22151.213495601864,22151.213495601864
0,83894.0,121302.0,ProfExe,6.0,0.0,1.0,124.2746965,0.0,18.0,29.73248931,0.2098096949911871,0.4,83894.0,0.181581195762552,190419.6604662942,15233.572837303538,15233.572837303536
0,110470.0,180982.0,Sales,17.0,0.0,0.0,295.4714492,1.0,30.0,34.7669497,0.1296349732045375,0.4,110470.0,0.16003004140623167,220981.48342683018,17678.518674146413,17678.518674146413
0,61000.0,104044.0,Other,16.0,0.0,1.0,141.9812345,0.0,30.0,39.54650758,0.2502585351437796,0.4,61000.0,0.18581523870699954,141684.11951408716,11334.729561126973,11334.729561126971
0,101680.0,134864.0,Office,10.0,0.0,1.0,150.596198,0.0,29.0,40.88049467,0.15255468516622198,0.4,101680.0,0.16845859042088374,214110.86842494324,17128.86947399546,17128.86947399546
0,97541.0,126368.0,ProfExe,0.0,1.0,0.0,186.7785479,3.0,38.0,34.81068944,0.17226317741516536,0.4,97541.0,0.1741055183714887,212280.32959341723,16982.426367473377,16982.426367473377
1,61118.0,35184.0,Sales,10.0,4.0,2.0,134.6489043,7.0,23.0,45.25528966,0.9908884152235119,0.4,61118.0,0.0036218707705415465,2767.018721924478,221.36149775395825,221.36149775395825
0,24070.0,58216.0,Other,35.0,0.0,0.0,273.3417572,0.0,24.0,37.63994733,0.0581519299025904,0.4,24070.0,0.113795664470677,34238.27054761494,2739.0616438091956,2739.0616438091956
0,58383.0,92484.0,Other,22.0,1.0,2.0,170.0723235,1.0,20.0,23.80982026,0.34455080636942437,0.4,58383.0,0.18468576879213638,134781.36549239123,10782.509239391298,10782.509239391298
0,66878.0,93656.0,Office,11.0,0.0,0.0,153.7959046,0.0,20.0,39.08500634,0.07980910269082589,0.4,66878.0,0.1321220917813095,110450.7656768802,8836.061254150416,8836.061254150416
0,72314.0,118839.0,Other,5.0,0.0,0.0,99.69383246,1.0,31.0,42.34342026,0.2211016595401076,0.4,72314.0,0.1831194626856569,165526.26030813242,13242.100824650593,13242.100824650593
0,44026.0,71597.0,Other,22.0,,1.0,287.2267963,0.0,30.0,38.48694867,0.11211305838900329,0.4,44026.0,0.1519485396781322,83621.08009836811,6689.686407869449,6689.686407869449
0,97373.0,126102.0,Office,10.0,0.0,1.0,139.1325983,0.0,28.0,39.17355395,0.14923308931743975,0.4,97373.0,0.16736979120913154,203716.23349258458,16297.298679406767,16297.298679406766
0,55973.0,93503.0,Other,22.0,0.0,1.0,167.7417315,0.0,19.0,26.21017597,0.12459437762030047,0.4,55973.0,0.1578649796140765,110452.20629923379,8836.176503938703,8836.176503938705
0,53223.0,86696.0,Office,0.0,0.0,0.0,96.07068788,0.0,22.0,34.51779051,0.08423669826305638,0.4,53223.0,0.13529853818321413,90012.42622156507,7200.994097725205,7200.994097725206
0,135823.0,185416.0,Mgr,1.0,,,135.3597477,,38.0,32.79497644,0.0914308946821183,0.4,135823.0,0.14011808657093935,237890.7359040587,19031.258872324695,19031.258872324695
1,106221.0,137727.0,Self,3.0,0.0,0.0,300.5745109,3.0,45.0,32.5603594,0.07076917085393078,0.4,106221.0,0.1250810125441022,166077.87791808852,13286.230233447082,13286.23023344708
0,37636.0,73328.0,Mgr,12.0,0.0,0.0,80.79269376,6.0,16.0,34.26822801,0.3138927090331679,0.4,37636.0,0.18645173090540934,87716.21680444982,7017.297344355986,7017.297344355986
0,,37531.0,Other,22.0,0.0,0.0,82.66026948,2.0,14.0,29.60984756,0.16479935881364985,0.4,0.0,0.17212355552842104,0.0,0.0,0.0
0,127260.0,212953.0,ProfExe,9.0,0.0,0.0,244.1654213,3.0,26.0,21.24119477,0.03881788579371304,0.4,127260.0,0.09207953323815805,146475.51749859995,11718.041399887996,11718.041399887994
0,,43277.0,Other,9.0,0.0,,101.8866148,,14.0,20.80819618,0.08461577605120872,0.4,0.0,0.13556278917287357,0.0,0.0,0.0
0,149950.0,177309.0,ProfExe,6.0,0.0,0.0,328.1681227,0.0,35.0,39.15955376,0.04457734782485911,0.4,149950.0,0.09923523651680682,186004.04644618978,14880.323715695182,14880.323715695184
0,,116708.0,Mgr,11.0,0.0,0.0,175.2009602,0.0,26.0,33.7478263,0.08372407357341187,0.4,0.0,0.13493929904695476,0.0,0.0,0.0
0,140773.0,188414.0,ProfExe,12.0,0.0,0.0,144.0934649,0.0,37.0,41.48280369,0.12953793250537987,0.4,140773.0,0.1599895032465637,281527.5292566064,22522.202340528514,22522.20234052851
0,99900.0,143437.0,Mgr,21.0,0.0,0.0,211.1082771,0.0,12.0,39.11029763,0.12062734206936597,0.4,99900.0,0.15607313484250773,194896.32713458154,15591.706170766523,15591.706170766522
1,113364.0,146520.0,Office,16.0,1.0,1.0,284.3680179,2.0,13.0,34.6276594,0.14735730347154447,0.4,113364.0,0.1667361409548798,236273.44854011244,18901.875883208995,18901.87588320899
0,,39858.0,Other,11.0,1.0,,87.37900765,,14.0,20.58821436,0.14962916999350004,0.4,0.0,0.16750184066721607,0.0,0.0,0.0
0,,121625.0,Mgr,7.0,1.0,0.0,154.4378476,0.0,27.0,33.37381367,0.1538903400059866,0.4,0.0,0.1688846618597117,0.0,0.0,0.0
0,195497.0,246354.0,Other,8.0,0.0,0.0,89.26442741,1.0,25.0,39.66482299,0.2203422968295164,0.4,195497.0,0.1830252216659204,447261.02200028044,35780.881760022436,35780.881760022436
0,51298.0,90010.0,Other,6.0,1.0,0.0,146.6562202,3.0,29.0,42.15993654,0.3410150136089305,0.4,51298.0,0.1849487360501562,118593.75327376141,9487.500261900914,9487.500261900912
1,23939.0,56874.0,Office,3.0,0.0,1.0,197.8,0.0,11.0,,0.12520060013575834,0.4,23939.0,0.15813187218292696,47318.986102338604,3785.5188881870886,3785.5188881870886
0,46575.0,85263.0,Office,1.0,0.0,0.0,155.6470412,2.0,19.0,39.4893172,0.11186424295182433,0.4,46575.0,0.15182200226954523,88388.87194630086,7071.109755704069,7071.109755704069
0,100951.0,149305.0,Mgr,21.0,0.0,0.0,194.5330279,0.0,13.0,41.64417205,0.14952373988929815,0.4,100951.0,0.1674667504491672,211324.19905742348,16905.93592459388,16905.93592459388
0,41370.0,70528.0,Office,18.0,0.0,0.0,180.204345,1.0,21.0,33.4950887,0.05110974589409736,0.4,41370.0,0.10660360914074951,55127.39137691009,4410.191310152807,4410.191310152807
0,54511.0,84470.0,Other,9.0,0.0,1.0,140.247796,3.0,29.0,40.2782983,0.36154884776587737,0.4,54511.0,0.1832204043436948,124844.09326473935,9987.527461179148,9987.527461179146
0,97679.0,149877.0,Mgr,23.0,0.0,0.0,193.0056328,0.0,12.0,39.41516685,0.13326711579158126,0.4,97679.0,0.16151602539442647,197209.04805627727,15776.723844502181,15776.723844502183
0,145774.0,206788.0,ProfExe,4.0,0.0,0.0,191.9410188,0.0,27.0,38.00119223,0.10510347534399345,0.4,145774.0,0.1482450442338942,270128.4134768962,21610.273078151695,21610.273078151695
0,132000.0,179000.0,ProfExe,1.0,1.0,0.0,226.2333333,2.0,19.0,,0.1819767456816117,0.4,132000.0,0.17642115589300733,291094.90722346207,23287.592577876967,23287.592577876967
1,137900.0,184000.0,Office,10.0,0.0,0.0,,0.0,0.0,,0.08455739945326315,0.4,137900.0,0.1355221727242773,233606.345233473,18688.50761867784,18688.50761867784
0,150666.0,192346.0,Self,3.0,0.0,0.0,177.8714733,0.0,17.0,39.97865033,0.24997582357252288,0.4,150666.0,0.1857972328326763,349916.57352460007,27993.325881968005,27993.325881968005
0,,40807.0,Other,8.0,1.0,,95.53351917,,13.0,20.39892362,0.1473962237709256,0.4,0.0,0.16674942831559703,0.0,0.0,0.0
0,69579.0,117799.0,Other,5.0,0.0,0.0,84.3731245,2.0,32.0,38.86212081,0.214681758719132,0.4,69579.0,0.18228134195573553,158536.9186492265,12682.953491938122,12682.953491938122
1,97601.0,136546.0,Other,9.0,0.0,0.0,80.49714707,5.0,39.0,,0.20796380559658278,0.4,97601.0,0.18130105893975235,221189.5581697346,17695.16465357877,17695.16465357877
0,131269.0,211014.0,ProfExe,10.0,0.0,0.0,234.3512888,2.0,26.0,18.73514744,0.030418930960109322,0.4,131269.0,0.08027474415162464,131719.8173754952,10537.585390039616,10537.585390039614
0,23439.0,47177.0,Other,25.0,0.0,0.0,112.8945073,0.0,11.0,23.02289409,0.07810143418172148,0.4,23439.0,0.13085109885873364,38337.73632687322,3067.0189061498577,3067.0189061498577
0,54584.0,86568.0,Other,22.0,0.0,0.0,214.8157373,1.0,27.0,35.2239708,0.07936549428360723,0.4,54584.0,0.1317944406911834,89923.34688359444,7193.867750687555,7193.867750687555
0,73846.0,100216.0,ProfExe,12.0,0.0,0.0,282.3706614,1.0,33.0,38.19125134,0.06162003464348272,0.4,73846.0,0.11708732320719589,108080.38086948235,8646.430469558589,8646.430469558587
0,60039.0,86166.0,Office,0.0,0.0,0.0,100.9493217,0.0,23.0,33.82093404,0.07688220928147387,0.4,60039.0,0.12992738776232737,97508.88042327967,7800.710433862374,7800.710433862373
0,121592.0,153432.0,Mgr,2.0,0.0,0.0,297.0016085,0.0,24.0,40.01531648,0.07062439689626378,0.4,121592.0,0.1249616980934441,189929.28493222568,15194.342794578055,15194.342794578055
0,103898.0,130784.0,Office,11.0,0.0,0.0,147.1283978,0.0,29.0,42.00981358,0.08226625582864773,0.4,103898.0,0.1339056351163499,173906.59596648155,13912.527677318523,13912.527677318521
0,131887.0,174323.0,Mgr,0.0,0.0,0.0,243.053713,2.0,24.0,35.27186703,0.0908264080265857,0.4,131887.0,0.13972852479549708,230354.69937129653,18428.375949703724,18428.375949703724
0,150120.0,191972.0,Self,3.0,0.0,0.0,178.0384911,1.0,16.0,41.80742805,0.30588998974573783,0.4,150120.0,0.18671082955338342,350362.87165692396,28029.029732553918,28029.029732553918
0,64818.0,91915.0,Other,16.0,0.0,0.0,99.60460781,0.0,17.0,32.46114433,0.13932466181503,0.4,64818.0,0.16386295934426404,132765.86623470634,10621.269298776508,10621.269298776506
0,153063.0,202542.0,Other,10.0,0.0,0.0,266.938956,2.0,33.0,42.82914582,0.10318436862063197,0.4,153063.0,0.14717911855281252,281595.96778811427,22527.677423049143,22527.677423049143
0,57327.0,87683.0,Office,0.0,0.0,0.0,98.521771,0.0,23.0,34.76057541,0.0826447019266714,0.4,57327.0,0.13417569949657512,96148.62906300202,7691.890325040162,7691.890325040162
0,,117581.0,Mgr,10.0,0.0,0.0,165.0058394,0.0,27.0,34.99872778,0.0942227705393753,0.4,0.0,0.14188239865103253,0.0,0.0,0.0
0,54328.0,94216.0,Other,24.0,1.0,2.0,188.3937419,1.0,19.0,26.83331217,0.3692021442205363,0.4,54328.0,0.18245615402846985,123905.97420073386,9912.477936058709,9912.477936058709
0,124139.0,157940.0,Mgr,4.0,0.0,0.0,288.8865396,0.0,24.0,38.22673698,0.06506708269461388,0.4,124139.0,0.12021113225378424,186536.12183565655,14922.889746852525,14922.889746852523
0,123121.0,157337.0,Mgr,2.0,0.0,0.0,283.2828535,0.0,24.0,36.94827386,0.06264636655470164,0.4,123121.0,0.11803235017162453,181653.2623185073,14532.260985480585,14532.260985480583
0,72468.0,106906.0,ProfExe,12.0,0.0,0.0,288.8495515,1.0,32.0,38.98401301,0.06390020640389872,0.4,72468.0,0.11916953891406068,107949.72682530187,8635.97814602415,8635.97814602415
0,112753.0,155166.0,ProfExe,6.0,0.0,0.0,124.9909552,3.0,26.0,32.08868135,0.14890279018835756,0.4,112753.0,0.167259208636729,235737.21939271383,18858.977551417105,18858.977551417105
0,129311.0,188143.0,Mgr,1.0,,,122.5168848,,39.0,30.47417374,0.08303410475999669,0.4,129311.0,0.13445231360238138,217327.03905296922,17386.163124237537,17386.16312423754
0,74964.0,118507.0,Other,5.0,0.0,0.0,91.7112462,1.0,32.0,39.14675577,0.18948633654239433,0.4,74964.0,0.17801968815515434,166813.34878578736,13345.06790286299,13345.06790286299
0,63962.0,101676.0,Other,15.0,0.0,1.0,138.5694126,0.0,30.0,37.38458848,0.22830721028152812,0.4,63962.0,0.18395023783926995,147072.8139084423,11765.825112675384,11765.825112675384
0,103249.0,206521.0,Other,24.0,0.0,0.0,196.7816329,0.0,19.0,25.68817634,0.04932743687765201,0.4,103249.0,0.10466469366098426,135081.56194753706,10806.524955802965,10806.524955802963
1,97834.0,132396.0,ProfExe,18.0,0.0,2.0,303.9519145,2.0,26.0,6.887024127,0.040645847548256224,0.4,97834.0,0.0944244661450797,115474.0402604716,9237.923220837727,9237.923220837727
0,54617.0,87722.0,Other,9.0,0.0,1.0,132.4113818,3.0,29.0,39.63110299,0.36203670972479884,0.4,54617.0,0.18317357547029967,125054.88964326697,10004.391171461359,10004.391171461357
0,73148.0,101462.0,ProfExe,10.0,0.0,0.0,264.6053894,0.0,33.0,40.47579335,0.07038000226540657,0.4,73148.0,0.1247597868150157,114074.11107430962,9125.92888594477,9125.928885944768
1,,65635.0,Other,18.0,0.0,3.0,221.1,1.0,28.0,,0.4640905548053103,0.4,0.0,0.168366482662146,0.0,0.0,0.0
1,61396.0,111627.0,Self,20.0,0.0,0.0,87.00250011,0.0,4.0,84.61388869,0.9351629331477148,0.4,61396.0,0.025282261307154965,19402.871440176077,1552.2297152140861,1552.2297152140861
0,25947.0,49836.0,Other,24.0,0.0,0.0,120.0258521,0.0,10.0,23.81017336,0.08113422957452947,0.4,25947.0,0.13309047452038952,43166.23177975683,3453.2985423805467,3453.298542380547
0,77886.0,114494.0,ProfExe,9.0,0.0,0.0,118.4713538,0.0,18.0,28.34407839,0.10018158164424233,0.4,77886.0,0.14546416815250554,141620.2775090756,11329.622200726048,11329.622200726046
0,54541.0,78832.0,Office,0.0,0.0,0.0,186.0208426,2.0,19.0,39.61433498,0.09656450782949098,0.4,54541.0,0.14331915707003914,97709.62682196256,7816.770145757006,7816.770145757005
0,149169.0,183234.0,ProfExe,8.0,0.0,0.0,314.7858392,0.0,35.0,37.63668272,0.04296066736494495,0.4,149169.0,0.09729386074332891,181415.34891527036,14513.227913221628,14513.22791322163
1,19300.0,39000.0,Mgr,12.0,3.0,0.0,212.0666667,0.0,46.0,,0.2245637562478016,0.4,19300.0,0.1835328362552681,44277.29674658343,3542.1837397266745,3542.183739726674
1,83300.0,,Mgr,20.0,1.0,4.0,247.9333333,1.0,19.0,,0.7727245403538734,0.4,83300.0,0.08392668533987387,87388.66111014366,6991.092888811493,6991.092888811493
1,85285.0,116468.0,Other,9.0,0.0,0.0,312.8079284,0.0,36.0,35.96802437,0.038087962222490855,0.4,85285.0,0.09112268532635201,97142.47772572414,7771.398218057931,7771.398218057931
0,76055.0,126560.0,Office,0.0,0.0,0.0,310.6263344,1.0,23.0,38.98355812,0.03769505172592052,0.4,76055.0,0.09060262666353783,86134.78463619211,6890.782770895369,6890.782770895369
0,,42515.0,Other,11.0,1.0,,95.04307414,,13.0,20.20903769,0.1435876004382866,0.4,0.0,0.16542058106163834,0.0,0.0,0.0
0,120070.0,153652.0,Office,4.0,,,300.1680612,2.0,35.0,43.92019123,0.046947578982635865,0.4,120070.0,0.10199384237819042,153080.00817936656,12246.400654349325,12246.400654349325
0,141930.0,182516.0,ProfExe,0.0,0.0,0.0,235.6305765,2.0,19.0,41.9588135,0.16057088745102166,0.4,141930.0,0.17091792756753332,303229.76824575005,24258.381459660006,24258.381459660006
0,35132.0,71456.0,Mgr,13.0,0.0,0.0,84.8749672,5.0,16.0,35.65073032,0.2992203496672849,0.4,35132.0,0.18685826409150663,82058.80667578515,6564.704534062812,6564.704534062811
0,67446.0,99206.0,ProfExe,11.0,0.0,0.0,286.9659711,0.0,32.0,38.9951644,0.05742513269478233,0.4,67446.0,0.11308589301374049,95339.88925255927,7627.191140204742,7627.191140204741
0,114417.0,150849.0,Mgr,5.0,0.0,0.0,285.3861264,0.0,24.0,38.58192387,0.0674236444208769,0.4,114417.0,0.12226704543528424,174867.85671961145,13989.428537568916,13989.428537568918
0,96332.0,123598.0,ProfExe,1.0,0.0,0.0,190.3137746,2.0,38.0,33.85589547,0.08456953627503395,0.4,96332.0,0.1355306194229476,163199.19537814235,13055.935630251388,13055.93563025139
0,19600.0,50594.0,Other,24.0,0.0,0.0,137.2340443,1.0,10.0,24.52237465,0.08725494578976092,0.4,19600.0,0.13737010857684503,33655.67660132703,2692.4541281061624,2692.454128106163
0,64804.0,97553.0,Other,15.0,1.0,0.0,105.0986638,1.0,17.0,32.17786106,0.24109019920678354,0.4,64804.0,0.18515335563987165,149983.47573607802,11998.678058886242,11998.678058886242
0,127770.0,169440.0,Mgr,2.0,0.0,0.0,235.728547,1.0,24.0,34.84415543,0.08049088331106413,0.4,127770.0,0.13262225411621212,211814.3176053553,16945.145408428423,16945.145408428423
0,142356.0,177328.0,ProfExe,6.0,0.0,0.0,315.1755675,0.0,35.0,38.59599092,0.04623755063325938,0.4,142356.0,0.10117807859779382,180041.33196084423,14403.306556867537,14403.306556867537
0,181405.0,229116.0,ProfExe,0.0,0.0,0.0,297.9981443,0.0,32.0,43.52042818,0.07735637210590657,0.4,181405.0,0.1302882553832768,295436.7620975416,23634.940967803326,23634.940967803326
0,55859.0,92179.0,Office,0.0,0.0,1.0,94.93254438,0.0,23.0,33.09789894,0.1529985954533845,0.4,55859.0,0.16860093621992228,117723.49620385798,9417.879696308639,9417.879696308639
0,73630.0,106757.0,ProfExe,11.0,0.0,0.0,282.7596984,1.0,32.0,38.26657321,0.06353299264537159,0.4,73630.0,0.11883843622986832,109375.92574506506,8750.074059605206,8750.074059605206
0,137006.0,207997.0,ProfExe,5.0,0.0,0.0,194.0931469,1.0,28.0,36.90607516,0.10654045967763298,0.4,137006.0,0.14902822098166404,255222.00554767333,20417.760443813866,20417.760443813862
0,66027.0,102745.0,ProfExe,9.0,0.0,0.0,298.1032514,1.0,32.0,38.25030605,0.05904154111029052,0.4,66027.0,0.11465485131913555,94628.94835060704,7570.315868048563,7570.315868048563
0,69589.0,115061.0,Other,5.0,0.0,0.0,97.8638453,1.0,32.0,41.47397173,0.2090359728745106,0.4,69589.0,0.18146478113433295,157849.4081794637,12627.952654357097,12627.952654357096
1,62264.0,39604.0,Sales,10.0,3.0,1.0,118.7782646,7.0,23.0,48.07753147,0.9734273833406563,0.4,62264.0,0.010492085750883052,8165.990339912279,653.2792271929823,653.2792271929824
0,149359.0,192955.0,Self,0.0,0.0,0.0,172.5795906,1.0,16.0,40.13553136,0.29301595066588937,0.4,149359.0,0.18693757536598163,349010.1164885956,27920.80931908765,27920.80931908765
0,142346.0,185057.0,ProfExe,9.0,0.0,1.0,155.548699,0.0,36.0,39.39704272,0.21691468456753532,0.4,142346.0,0.1825835752710227,324875.5200691125,25990.041605528997,25990.041605528997
0,50988.0,81533.0,Office,1.0,0.0,0.0,167.6144501,2.0,18.0,40.62088475,0.1148255851601784,0.4,50988.0,0.1533054081487215,97709.20188358765,7816.736150687012,7816.736150687012
0,113843.0,156282.0,ProfExe,7.0,0.0,0.0,109.9596262,2.0,27.0,33.94246485,0.1557764845162128,0.4,113843.0,0.16947508323217914,241169.3987550121,19293.55190040097,19293.55190040097
0,135511.0,184219.0,ProfExe,1.0,1.0,0.0,241.0522835,2.0,19.0,38.60649271,0.20829982854924015,0.4,135511.0,0.18135267175758174,307191.0237817707,24575.281902541657,24575.281902541657
1,90694.0,121543.0,Mgr,5.0,2.0,1.0,107.0462506,8.0,15.0,0.8381175254,0.2842335146868051,0.4,90694.0,0.18695104883657865,211941.7302898083,16955.338423184665,16955.338423184665
0,58002.0,86427.0,Other,9.0,0.0,1.0,129.575352,2.0,29.0,39.36269322,0.3316813122730793,0.4,58002.0,0.18557061564389016,134543.33560721145,10763.466848576916,10763.466848576916
0,59775.0,87390.0,Other,8.0,0.0,0.0,138.4864766,3.0,30.0,41.54380471,0.21825254267873,0.4,59775.0,0.18275914504078491,136555.3486851615,10924.42789481292,10924.427894812918
0,140770.0,209726.0,ProfExe,5.0,0.0,0.0,190.329522,0.0,27.0,38.88660597,0.11119350912776294,0.4,140770.0,0.1514791331203294,266546.4696168596,21323.71756934877,21323.71756934877
0,49764.0,74526.0,Other,24.0,,1.0,294.594783,1.0,30.0,37.61130938,0.11365568354665471,0.4,49764.0,0.15272524108115693,95002.73621453367,7600.218897162694,7600.218897162693
0,62376.0,104073.0,Other,16.0,1.0,0.0,146.1419296,0.0,30.0,39.75984964,0.21272111247018552,0.4,62376.0,0.1820063579844632,141910.35732048596,11352.828585638877,11352.828585638877
0,77322.0,118082.0,Other,7.0,0.0,0.0,80.65809369,1.0,31.0,38.8154384,0.19758741986468276,0.4,77322.0,0.17956821551415905,173557.1694998226,13884.573559985809,13884.573559985805
0,68000.0,106000.0,Other,6.0,,,114.7,11.0,21.0,,0.4227419910866857,0.4,68000.0,0.17547605406663136,149154.64595663667,11932.371676530935,11932.371676530933
1,86600.0,127000.0,ProfExe,6.5,0.0,4.0,234.3666667,5.0,35.0,,0.732531442193284,0.4,86600.0,0.097246536906317,105269.37620108815,8421.550096087052,8421.550096087052
1,28042.0,63500.0,ProfExe,14.0,2.0,4.0,121.7333333,4.0,28.0,,0.9439160372779,0.4,28042.0,0.021929957403741575,7686.998318946515,614.9598655157212,614.9598655157213
0,96015.0,127551.0,ProfExe,0.0,1.0,0.0,196.5234881,3.0,37.0,34.87164312,0.16795353317807207,0.4,96015.0,0.17298342463319197,207612.5439519491,16609.003516155928,16609.003516155928
0,100420.0,207737.0,Other,22.0,0.0,0.0,197.1981219,0.0,19.0,26.37254872,0.05211938840431485,0.4,100420.0,0.10767966248829529,135164.89633843265,10813.191707074611,10813.191707074613
0,135991.0,183598.0,Mgr,0.0,,,131.5891244,,38.0,31.08561766,0.08440774180443272,0.4,135991.0,0.13541791769032113,230195.22555780577,18415.61804462446,18415.61804462446
0,96160.0,128767.0,Office,10.0,0.0,1.0,154.672858,0.0,29.0,41.11794458,0.1515389920045921,0.4,96160.0,0.16813010681279217,202092.3883889762,16167.391071118096,16167.391071118094
0,86778.0,110851.0,Office,9.0,0.0,0.0,398.4023372,0.0,44.0,41.04058878,0.013473040636210382,0.4,86778.0,0.04875383766188021,52884.50655778301,4230.760524622641,4230.760524622641
0,32470.0,54522.0,Other,35.0,0.0,0.0,295.4966835,0.0,23.0,38.7994829,0.05659217337924816,0.4,32470.0,0.11226362957740249,45565.00065472824,3645.200052378259,3645.200052378259
1,61000.0,99000.0,Mgr,7.0,0.0,1.0,129.1666667,1.0,31.0,,0.22955964164926476,0.4,61000.0,0.18408314837291617,140363.40063434857,11229.072050747885,11229.072050747887
1,72100.0,112000.0,ProfExe,20.0,4.0,1.0,120.7333333,1.0,58.0,,0.6253720295195799,0.4,72100.0,0.12985039760493242,117027.67084144535,9362.213667315627,9362.213667315627
0,112564.0,162129.0,ProfExe,7.0,0.0,0.0,115.564462,2.0,26.0,33.09168147,0.14699929034109832,0.4,112564.0,0.1666136355846385,234433.71594936558,18754.697275949246,18754.697275949246
1,75768.0,,Other,9.0,,0.0,133.121867,3.0,33.0,46.75180011,0.2760791413782852,0.4,75768.0,0.18685574861152543,176971.07950997574,14157.68636079806,14157.68636079806
0,90485.0,123674.0,Other,1.0,0.0,1.0,189.7347419,2.0,25.0,41.67698554,0.3204657206166693,0.4,90485.0,0.1861740831097148,210574.5238772818,16845.961910182545,16845.961910182545
0,76011.0,129352.0,Office,1.0,0.0,0.0,302.8032607,0.0,23.0,36.39047361,0.029028072874728625,0.4,76011.0,0.07813216417592675,74236.2991397046,5938.903931176368,5938.903931176368
0,58232.0,97555.0,Other,17.0,0.0,1.0,130.4507649,0.0,29.0,38.0927303,0.24743770763184128,0.4,58232.0,0.1856288137920865,135119.21355925978,10809.537084740783,10809.537084740781
0,44363.0,72966.0,Mgr,16.0,1.0,0.0,82.27059459,6.0,16.0,34.98052537,0.45442885363225327,0.4,44363.0,0.17014839512902136,94353.66566385968,7548.2932531087745,7548.2932531087745
0,61038.0,87534.0,Other,8.0,0.0,0.0,137.4878193,3.0,30.0,39.3600186,0.19479442779456754,0.4,61038.0,0.1790543183048151,136613.96850861632,10929.117480689307,10929.117480689305
0,118728.0,160486.0,ProfExe,7.0,0.0,0.0,112.5208179,2.0,26.0,34.53734229,0.1622494225320607,0.4,118728.0,0.17140388190801187,254380.5011396804,20350.44009117443,20350.440091174434
0,109184.0,207035.0,Other,23.0,0.0,0.0,179.9377509,0.0,18.0,23.66245669,0.04890512092868956,0.4,109184.0,0.10419770287386228,142209.02488224723,11376.72199057978,11376.72199057978
0,44321.0,63050.0,Office,19.0,0.0,0.0,182.2473057,2.0,22.0,32.47716703,0.05214304535179485,0.4,44321.0,0.10770468654654726,59669.74265536902,4773.579412429522,4773.579412429521
0,185607.0,227617.0,ProfExe,0.0,0.0,0.0,311.0627554,0.0,33.0,42.435285,0.06579883828613448,0.4,185607.0,0.12085626746046806,280397.11543168867,22431.769234535095,22431.769234535095
0,,117181.0,Mgr,9.0,0.0,0.0,170.6461537,0.0,26.0,31.60143615,0.07594378910722008,0.4,0.0,0.12920699444143477,0.0,0.0,0.0
0,148455.0,191419.0,Self,1.0,0.0,0.0,186.9830429,0.0,17.0,39.56330308,0.23734945891776305,0.4,148455.0,0.18483594053134983,342997.74439476925,27439.819551581542,27439.81955158154
0,100353.0,131386.0,Office,9.0,0.0,0.0,146.0654833,0.0,28.0,38.67920763,0.06936019448871815,0.4,100353.0,0.12391048336047537,155434.85920842233,12434.788736673787,12434.788736673785
0,51663.0,92860.0,Other,24.0,0.0,1.0,172.3406543,0.0,20.0,26.9130048,0.12288162670892142,0.4,51663.0,0.15710108793756358,101453.91882647935,8116.313506118348,8116.3135061183475
0,148772.0,186023.0,Self,3.0,0.0,0.0,203.5758597,1.0,17.0,43.30465807,0.29090356230022857,0.4,148772.0,0.1869515391715069,347664.4298202928,27813.154385623424,27813.154385623424
1,66242.0,109762.0,Other,8.0,0.0,1.0,130.9695654,0.0,21.0,60.29541349,0.6561753633257157,0.4,66242.0,0.12095470566857527,100153.52016122204,8012.281612897764,8012.281612897763
0,72572.0,117311.0,Other,6.0,0.0,0.0,85.79724815,1.0,32.0,39.8765037,0.20174939504764833,0.4,72572.0,0.18029610134833024,163555.6083381378,13084.448667051023,13084.448667051021
0,,29512.0,Other,24.0,0.0,0.0,78.10906973,2.0,14.0,30.51328344,0.17537039819547398,0.4,0.0,0.1748777953702022,0.0,0.0,0.0
0,126942.0,166797.0,Mgr,0.0,0.0,0.0,244.7222847,1.0,23.0,33.394854,0.07234304271072281,0.4,126942.0,0.12636419220823844,200511.54109122755,16040.923287298205,16040.923287298205
0,105000.0,147000.0,ProfExe,11.0,0.0,0.0,162.3666667,1.0,17.0,,0.13384648629363416,0.4,105000.0,0.16174749773055985,212293.5907713598,16983.487261708786,16983.487261708786
0,71973.0,119224.0,Other,4.0,0.0,0.0,89.37995232,2.0,32.0,39.98105906,0.2238727795465212,0.4,71973.0,0.18345245222875023,165045.291803248,13203.62334425984,13203.62334425984
0,68959.0,102048.0,ProfExe,12.0,0.0,0.0,278.7147042,1.0,32.0,39.93275013,0.07177888984435163,0.4,68959.0,0.1259071479340122,108530.38767976935,8682.43101438155,8682.431014381547
0,130028.0,178918.0,Mgr,2.0,,,113.9426389,,39.0,33.44016163,0.10382976285307152,0.4,130028.0,0.1475401686463263,239804.41310930645,19184.353048744517,19184.353048744517
0,137159.0,186153.0,Mgr,0.0,,,112.1728125,,38.0,29.87473149,0.0869186015241682,0.4,137159.0,0.1371428874439321,235129.76623652855,18810.381298922286,18810.381298922282
0,145931.0,239990.0,ProfExe,27.0,0.0,0.0,357.2309538,0.0,19.0,38.26846999,0.04415269111974891,0.4,145931.0,0.09873011091961013,180097.2977076203,14407.783816609624,14407.783816609626
1,104686.0,136033.0,ProfExe,13.0,0.0,2.0,291.1716614,1.0,27.0,5.762994872,0.036133817156543326,0.4,104686.0,0.08850057157592367,115809.63544996432,9264.770835997146,9264.770835997146
0,90823.0,126845.0,Other,1.0,0.0,0.0,188.7734549,1.0,25.0,42.89671511,0.17035035478223418,0.4,90823.0,0.17361488892659713,197102.8132122541,15768.22505698033,15768.225056980331
0,72870.0,95647.0,Office,11.0,0.0,0.0,139.0452547,0.0,20.0,37.82067846,0.07986993824758341,0.4,72870.0,0.13216688858913223,120387.51464362582,9631.001171490067,9631.001171490065
0,46126.0,66942.0,Office,18.0,0.0,0.0,180.6683082,2.0,21.0,33.76903515,0.05880838782580818,0.4,46126.0,0.1144306817173342,65977.87031117197,5278.229624893757,5278.229624893757
0,150784.0,192411.0,Self,0.0,0.0,0.0,173.3054934,1.0,16.0,41.54325414,0.31240304043550854,0.4,150784.0,0.186506610555403,351527.65957482357,28122.212765985885,28122.212765985885
0,197852.0,243593.0,Other,10.0,0.0,0.0,111.1086801,2.0,26.0,41.21496534,0.2330718371755262,0.4,197852.0,0.18443816442362787,456143.2463442953,36491.459707543625,36491.459707543625
0,207687.0,242544.0,Other,8.0,0.0,0.0,134.0076805,0.0,41.0,41.29838663,0.1283461434640935,0.4,207687.0,0.15948802814575302,414044.8762688376,33123.59010150701,33123.590101507005
0,106020.0,206030.0,Other,22.0,0.0,0.0,188.7524695,0.0,18.0,25.33037232,0.05220073007184789,0.4,106020.0,0.10776566885692658,142816.45265264195,11425.316212211355,11425.316212211355
0,112996.0,175817.0,Sales,17.0,0.0,0.0,303.2820551,1.0,31.0,36.2890026,0.1336226926149586,0.4,112996.0,0.16165826570276473,228334.21739187004,18266.737391349605,18266.737391349605
0,53480.0,90560.0,Other,24.0,0.0,1.0,174.4747237,0.0,19.0,24.49083911,0.10711217329695193,0.4,53480.0,0.1493363076574589,99831.32166901126,7986.505733520901,7986.505733520901
0,183314.0,232345.0,ProfExe,1.0,0.0,0.0,300.9043101,1.0,32.0,42.3362269,0.07934618305845997,0.4,183314.0,0.13178013743188943,301964.3014148672,24157.144113189377,24157.14411318938
0,36484.0,73478.0,Mgr,13.0,1.0,0.0,100.9750908,6.0,16.0,34.76399378,0.4285944820213516,0.4,36484.0,0.17455417708777435,79605.4324608795,6368.43459687036,6368.434596870359
0,206126.0,238745.0,Other,9.0,0.0,0.0,119.0697634,1.0,42.0,41.67018774,0.15456416688879354,0.4,206126.0,0.16909709450589044,435691.3462765147,34855.30770212118,34855.30770212117
0,49461.0,83352.0,Other,21.0,0.0,0.0,210.0250584,0.0,26.0,37.3017641,0.08444262924283044,0.4,49461.0,0.13544223761948934,83738.85643621953,6699.108514897563,6699.108514897563
0,73188.0,111925.0,Other,5.0,,,123.6131744,11.0,21.0,44.52055475,0.5749419765877769,0.4,73188.0,0.14346181376015696,131246.0403184796,10499.683225478368,10499.683225478368
0,97262.0,131830.0,Office,10.0,0.0,0.0,168.8035325,0.0,29.0,42.3249247,0.0750423788259228,0.4,97262.0,0.1285071574565334,156235.7893567169,12498.863148537353,12498.863148537352
0,,41763.0,Other,12.0,1.0,,92.8669886,,13.0,21.901856,0.15920446875243766,0.4,0.0,0.17051505794574673,0.0,0.0,0.0
1,108293.0,135317.0,Other,5.0,0.0,0.0,219.6152519,4.0,43.0,31.20973109,0.06873992520054598,0.4,108293.0,0.12338851440523611,167026.4048810779,13362.112390486232,13362.112390486234
0,84908.0,108385.0,Office,10.0,0.0,0.0,384.2850469,0.0,45.0,41.34201094,0.01449679574044704,0.4,84908.0,0.051101656498895844,54236.7431251031,4338.939450008248,4338.939450008248
0,43413.0,73248.0,Mgr,13.0,0.0,0.0,102.5670171,6.0,16.0,35.67150508,0.3054044021862613,0.4,43413.0,0.1867236944369226,101327.94683237652,8106.235746590121,8106.235746590121
0,100145.0,130522.0,Office,10.0,0.0,0.0,137.9428692,0.0,29.0,39.07258918,0.07232989726911336,0.4,100145.0,0.1263535791867022,158170.98984565365,12653.679187652291,12653.679187652293
0,137174.0,186118.0,Mgr,1.0,,,115.2948111,,39.0,32.87512565,0.10019006137815684,0.4,137174.0,0.1454690937722008,249432.21836384843,19954.577469107873,19954.577469107873
0,29338.0,62220.0,Office,2.0,0.0,0.0,113.2059238,1.0,6.0,36.87709851,0.13694798485817583,0.4,29338.0,0.16296124009665164,59761.960774444575,4780.956861955566,4780.956861955566
0,32136.0,51599.0,Other,35.0,0.0,0.0,284.0838485,0.0,23.0,39.54773379,0.06326614240841466,0.4,32136.0,0.11859681975429269,47640.342495299374,3811.22739962395,3811.22739962395
0,94165.0,130285.0,Office,10.0,0.0,1.0,137.8133309,0.0,28.0,42.08001604,0.17736748124292667,0.4,94165.0,0.17535830508006198,206407.68497330043,16512.614797864037,16512.614797864037
0,85174.0,127306.0,Other,1.0,0.0,0.0,193.0739135,1.0,24.0,40.65624858,0.14947758960794047,0.4,85174.0,0.1674513767928923,178281.2945869726,14262.503566957808,14262.503566957808
0,136546.0,185507.0,ProfExe,0.0,0.0,0.0,212.3140985,3.0,19.0,40.51680132,0.18509895255416947,0.4,136546.0,0.17710541135682178,302287.94373910734,24183.03549912859,24183.035499128586
0,26189.0,50409.0,Other,36.0,0.0,0.0,287.4961733,0.0,23.0,38.6443946,0.05820681594974724,0.4,26189.0,0.11384897706570696,37269.8857546725,2981.5908603738,2981.5908603737994
0,39009.0,75893.0,Mgr,12.0,1.0,0.0,85.62551999,6.0,15.0,33.97581441,0.44499211370466263,0.4,39009.0,0.17181964616767217,83781.40721693405,6702.512577354724,6702.512577354724
0,105907.0,156126.0,ProfExe,10.0,0.0,0.0,165.090735,1.0,17.0,33.23130088,0.12042666581175056,0.4,105907.0,0.15598036602461895,206492.6578071165,16519.412624569322,16519.41262456932
0,31634.0,65157.0,Office,5.0,0.0,0.0,119.3620256,1.0,6.0,40.15941877,0.1579436144271285,0.4,31634.0,0.17013744763018945,67276.60022916766,5382.128018333413,5382.128018333413
1,126189.0,167157.0,ProfExe,19.0,0.0,2.0,239.2270359,0.0,26.0,31.01274893,0.1974169870434063,0.4,126189.0,0.1795374478619113,283195.6376030841,22655.65100824673,22655.651008246725
0,107281.0,155874.0,ProfExe,10.0,0.0,0.0,173.8358358,0.0,17.0,32.74036849,0.09920296223293307,0.4,107281.0,0.14489251736309347,194302.6769403754,15544.21415523003,15544.21415523003
0,137247.0,186685.0,Mgr,0.0,,,110.4950024,,39.0,30.85972433,0.09132512835502613,0.4,137247.0,0.1400501223020448,240268.23919485928,19221.459135588742,19221.459135588742
0,131767.0,214558.0,ProfExe,10.0,0.0,0.0,238.794891,2.0,27.0,20.52327227,0.03264638280066036,0.4,131767.0,0.08358629117133123,137673.93535966004,11013.914828772804,11013.914828772802
0,67951.0,106093.0,ProfExe,11.0,0.0,0.0,263.7439223,0.0,32.0,40.21223483,0.0705861389598286,0.4,67951.0,0.1249301316725024,106114.09221597762,8489.12737727821,8489.127377278211
0,133188.0,179454.0,ProfExe,1.0,1.0,0.0,223.3486635,1.0,19.0,41.13615926,0.2332174364166265,0.4,133188.0,0.18445232391903565,307085.45147660654,24566.836118128525,24566.83611812852
1,25190.0,59841.0,Office,1.0,0.0,1.0,201.1767833,0.0,11.0,35.72928694,0.13107721593397129,0.4,25190.0,0.16062735738219006,50577.53915571709,4046.2031324573672,4046.2031324573677
0,204455.0,245685.0,Other,8.0,0.0,0.0,123.3967471,1.0,42.0,42.34547139,0.1581794124248255,0.4,204455.0,0.17020849710152702,434999.72843615885,34799.97827489271,34799.97827489271
0,132019.0,168828.0,Mgr,0.0,0.0,0.0,231.286134,1.0,24.0,35.49030567,0.0869397317895165,0.4,132019.0,0.13715718865844284,226341.93611873707,18107.354889498965,18107.354889498965
0,,121560.0,Mgr,8.0,1.0,0.0,175.2063398,0.0,26.0,31.61203845,0.1265880330112362,0.4,0.0,0.15873593126869412,0.0,0.0,0.0
0,151328.0,194243.0,Self,2.0,0.0,0.0,174.9770528,0.0,17.0,42.11254013,0.28312604386428347,0.4,151328.0,0.18694430137892448,353623.84048837353,28289.907239069882,28289.907239069886
0,,44761.0,Other,10.0,0.0,,84.72826796,,14.0,22.84166319,0.10454257237894012,0.4,0.0,0.147935886817263,0.0,0.0,0.0
0,134144.0,185910.0,Mgr,2.0,,,122.5038922,,39.0,30.33821943,0.08181908388058313,0.4,134144.0,0.13358494988224115,223995.24396254195,17919.619517003357,17919.619517003357
0,30357.0,56776.0,Other,35.0,0.0,0.0,294.4200214,0.0,22.0,37.53746125,0.053628164535989245,0.4,30357.0,0.10925865650512752,41459.56294407695,3316.7650355261558,3316.765035526156
0,225000.0,285000.0,ProfExe,15.0,0.0,1.0,258.7333333,2.0,26.0,,0.14802966424513855,0.4,225000.0,0.16696484802147307,469588.635060393,37567.090804831445,37567.09080483144
0,135770.0,188368.0,ProfExe,0.0,1.0,0.0,229.7532224,2.0,19.0,40.63187139,0.24541806025508645,0.4,135770.0,0.18548601668774134,314792.956071183,25183.43648569464,25183.43648569464
0,91683.0,127833.0,ProfExe,0.0,1.0,0.0,187.2424028,3.0,37.0,33.16875685,0.1595387819277682,0.4,91683.0,0.17061423365832093,195530.30980619794,15642.424784495835,15642.424784495837
0,134509.0,211558.0,ProfExe,10.0,0.0,0.0,247.8444526,2.0,27.0,20.61070665,0.031178480866961806,0.4,134509.0,0.08142006247069856,136896.6397858899,10951.731182871194,10951.731182871194
0,89945.0,124453.0,Other,2.0,0.0,0.0,194.9102495,2.0,25.0,42.71977457,0.18155019210688508,0.4,89945.0,0.17632545891575224,198244.9175272167,15859.593402177336,15859.593402177336
0,,117991.0,Mgr,7.0,0.0,0.0,159.5500246,0.0,27.0,32.16500253,0.0828763988107914,0.4,0.0,0.1343404410535621,0.0,0.0,0.0
1,63748.0,36392.0,Sales,9.0,4.0,1.0,124.2478986,6.0,23.0,44.57850006,0.9779175807174731,0.4,63748.0,0.008733075348318709,6958.951091307763,556.716087304621,556.716087304621
0,102108.0,147463.0,Mgr,19.0,0.0,0.0,205.8658949,0.0,13.0,41.65421132,0.14295769244479062,0.4,102108.0,0.16519515952104227,210846.8418546823,16867.747348374585,16867.747348374585
0,75887.0,117989.0,Other,4.0,0.0,0.0,92.09054215,2.0,32.0,40.77888843,0.23062935736728543,0.4,75887.0,0.18419402738741786,174724.15195436226,13977.932156348981,13977.93215634898
0,77916.0,130728.0,Office,2.0,0.0,0.0,290.7726081,1.0,23.0,39.09547645,0.04194666135513921,0.4,77916.0,0.09605025671832902,93548.14753081654,7483.851802465323,7483.851802465324
0,109888.0,182229.0,Sales,16.0,0.0,0.0,302.2264177,1.0,30.0,33.3190619,0.11545695169145793,0.4,109888.0,0.15361537193546249,211006.07489055124,16880.4859912441,16880.485991244102
0,29515.0,49525.0,Other,36.0,0.0,0.0,288.6562467,0.0,24.0,39.60580772,0.06020659985441928,0.4,29515.0,0.11576442760991552,42709.83851133321,3416.787080906657,3416.7870809066567
0,152065.0,192445.0,Self,2.0,0.0,0.0,166.9485683,0.0,16.0,41.56383925,0.28984877500998274,0.4,152065.0,0.18695599336959662,355368.2891468464,28429.46313174771,28429.46313174771
0,32109.0,49912.0,Other,34.0,0.0,0.0,278.5650034,1.0,23.0,39.79656076,0.0754324814136761,0.4,32109.0,0.12881097785965132,51699.8961011943,4135.991688095544,4135.991688095544
1,149900.0,201000.0,Self,5.0,4.0,4.0,131.9333333,1.0,29.0,,0.9847285421148441,0.4,149900.0,0.00605494562893858,11345.454372223663,907.6363497778931,907.6363497778931
1,79000.0,,ProfExe,8.0,0.0,1.0,189.7,1.0,33.0,,0.16981333429937692,0.4,79000.0,0.17347503061791902,171306.592735195,13704.527418815602,13704.527418815604
1,72478.0,113000.0,Other,1.5,0.0,6.0,114.6666667,4.0,12.0,,0.9764899205620275,0.4,72478.0,0.009292909276465844,8419.143481746143,673.5314785396914,673.5314785396914
1,101824.0,,Mgr,4.0,2.0,4.0,186.7,0.0,14.0,,0.9058659635804751,0.4,101824.0,0.03636858094166184,46289.929822547194,3703.1943858037757,3703.1943858037757
0,116202.0,160084.0,ProfExe,6.0,0.0,0.0,124.1214617,3.0,26.0,32.64452984,0.15444932387582433,0.4,116202.0,0.16906100741823804,245565.33980017618,19645.227184014097,19645.227184014097
0,50105.0,83815.0,Other,21.0,0.0,0.0,188.2010287,0.0,26.0,35.59575067,0.08541164690919233,0.4,50105.0,0.13611374084647818,85249.73731390986,6819.978985112789,6819.978985112789
0,139299.0,180818.0,ProfExe,1.0,0.0,0.0,226.8611449,1.0,19.0,40.81730925,0.13949813936184866,0.4,139299.0,0.16392783105544428,285437.28672740416,22834.982938192334,22834.982938192334
0,99600.0,143000.0,Other,15.0,0.0,0.0,232.3333333,1.0,40.0,,0.05578880330659915,0.4,99600.0,0.11146149610760261,138769.56265396526,11101.565012317222,11101.56501231722
0,228059.0,291314.0,ProfExe,16.0,0.0,1.0,259.6772021,2.0,26.0,28.17364554,0.09798228623913682,0.4,228059.0,0.14417048961425918,410992.2211367292,32879.37769093834,32879.37769093834
0,68024.0,115954.0,Other,6.0,,,109.9150205,11.0,21.0,44.36917076,0.5904490141786242,0.4,68024.0,0.13940997866117621,118540.30485559814,9483.22438844785,9483.22438844785
0,119256.0,160683.0,ProfExe,6.0,0.0,0.0,109.121197,3.0,27.0,33.30176289,0.16945893987702207,0.4,119256.0,0.17338222254425123,258460.8791467153,20676.870331737224,20676.870331737224
1,48800.0,86000.0,Other,5.0,1.0,0.0,52.76653273,2.0,21.0,,0.3672023687612947,0.4,48800.0,0.1826619137641137,111423.76739610935,8913.901391688749,8913.901391688749
0,39354.0,75553.0,Mgr,13.0,1.0,0.0,77.34259704,6.0,15.0,35.11044889,0.47469440907388954,0.4,39354.0,0.16633109204157248,81822.42245255054,6545.793796204043,6545.793796204043
0,109457.0,145453.0,Other,15.0,0.0,0.0,222.858711,1.0,40.0,40.69741846,0.08513582116114159,0.4,109457.0,0.13592338350024008,185972.07234732222,14877.765787785778,14877.765787785778
0,232801.0,289260.0,ProfExe,13.0,0.0,0.0,264.4315076,2.0,25.0,26.98136309,0.04419448207520779,0.4,232801.0,0.09877997146519177,287450.95171335136,22996.07613706811,22996.07613706811
0,50079.0,80222.0,Office,1.0,0.0,0.0,147.9901182,2.0,19.0,38.139022,0.10728137110060286,0.4,50079.0,0.14942710625523367,93539.50067694808,7483.160054155846,7483.160054155847
0,48590.0,81354.0,Office,0.0,0.0,0.0,157.0263263,3.0,18.0,40.17061829,0.13340300294128635,0.4,48590.0,0.16157045112435675,98133.85275165619,7850.708220132496,7850.708220132495
1,118000.0,169900.0,Mgr,8.0,0.0,0.0,138.9666667,1.0,23.0,,0.13235249223480836,0.4,118000.0,0.16114752652401393,237692.60162292054,19015.408129833642,19015.408129833642
0,233916.0,291490.0,ProfExe,15.0,0.0,1.0,259.7334653,2.0,25.0,25.10508606,0.08317040315684643,0.4,233916.0,0.13454883110125998,393414.05469852913,31473.12437588233,31473.12437588233
0,46268.0,79463.0,Office,0.0,0.0,0.0,161.276029,3.0,19.0,40.26196223,0.1286449043308928,0.4,46268.0,0.15961436891092032,92312.97025963076,7385.037620770461,7385.037620770461
0,100657.0,148653.0,Other,14.0,0.0,0.0,221.9253115,0.0,40.0,42.30290733,0.08432623969767296,0.4,100657.0,0.13536106363077888,170312.98227354136,13625.03858188331,13625.03858188331
0,134560.0,187551.0,ProfExe,1.0,0.0,0.0,225.0922987,1.0,19.0,39.21193749,0.12800957811198702,0.4,134560.0,0.15934519319979998,268018.61496206356,21441.489196965085,21441.489196965085
0,225481.0,290762.0,ProfExe,13.0,0.0,1.0,239.3216306,1.0,26.0,24.77798542,0.07992241496730225,0.4,225481.0,0.13220550390451022,372622.86532366084,29809.829225892867,29809.829225892867
0,34000.0,71000.0,Other,10.0,,,115.6666667,,24.0,,0.14953597047989833,0.4,34000.0,0.1674708233454633,71175.0999218219,5694.007993745751,5694.007993745752
0,230499.0,294326.0,ProfExe,15.0,0.0,1.0,250.4910072,2.0,26.0,27.92066177,0.10192907762856272,0.4,230499.0,0.14646928635414116,422012.8004417898,33761.02403534319,33761.02403534319
0,135955.0,182161.0,ProfExe,0.0,0.0,0.0,235.3710385,2.0,18.0,38.69974659,0.13561821957501782,0.4,135955.0,0.16244604574460736,276066.9018651012,22085.352149208094,22085.352149208094
0,73506.0,115000.0,Mgr,11.0,0.0,0.0,77.13333333,1.0,35.0,,0.14060001240843545,0.4,73506.0,0.16433690473356732,150996.85649182,12079.748519345601,12079.7485193456
1,22000.0,,Other,2.0,2.0,0.0,81.13333333,11.0,10.0,,0.7924455988065824,0.4,22000.0,0.07720103016850369,21230.283296338515,1698.4226637070813,1698.422663707081
0,131756.0,167302.0,Mgr,0.0,0.0,0.0,237.5622414,1.0,24.0,35.04310052,0.0817175611359686,0.4,131756.0,0.1335119046529463,219887.43136816993,17590.994509453594,17590.99450945359
0,74975.0,118886.0,Mgr,12.0,0.0,0.0,85.0457549,0.0,34.0,26.34913193,0.07206292568222031,0.4,74975.0,0.12613766080986735,118214.63899024756,9457.171119219805,9457.171119219805
0,77853.0,114746.0,Other,6.0,,,114.5837225,10.0,21.0,43.29474364,0.5330376435105669,0.4,77853.0,0.1537626216125726,149636.01725504518,11970.881380403614,11970.881380403614
0,79044.0,118685.0,Mgr,12.0,0.0,0.0,92.11887554,1.0,34.0,27.22498526,0.08279826065616518,0.4,79044.0,0.13428493394522026,132680.22898457487,10614.418318765991,10614.418318765991
0,12223.0,35875.06,Other,28.5,0.0,0.0,199.8333333,0.0,15.0,,0.09204943139814993,0.4,12223.0,0.14051388878269871,21468.76578238658,1717.5012625909264,1717.5012625909264
0,187000.0,293000.0,Other,28.0,0.0,0.0,156.6333333,0.0,23.0,,0.09855638609717059,0.4,187000.0,0.14451131959470595,337795.2095526252,27023.616764210015,27023.61676421001
0,32657.0,76000.0,Other,,,,288.3333333,0.0,16.0,,0.06371173528540804,0.4,32657.0,0.11899980171908664,48577.206559252656,3886.1765247402127,3886.1765247402122
0,48000.0,97000.0,Office,3.0,0.0,0.0,173.5,2.0,25.0,,0.06634286814026258,0.4,48000.0,0.12133193873240396,72799.16323944238,5823.933059155391,5823.93305915539
0,224000.0,282000.0,ProfExe,5.0,0.0,1.0,209.3666667,0.0,30.0,,0.14850314299419937,0.4,224000.0,0.1671248424954876,467949.5589873652,37435.96471898922,37435.96471898922
0,8875.0,57000.0,Other,0.0,0.0,0.0,100.4666667,1.0,6.0,,0.23732197083228732,0.4,8875.0,0.18483350385883252,20504.966834339233,1640.3973467471387,1640.3973467471385
1,,50000.0,Office,4.0,0.0,1.0,118.6666667,1.0,15.0,,0.19118718632785142,0.4,0.0,0.17835960914180296,0.0,0.0,0.0
1,17696.0,53100.0,Mgr,20.0,4.0,5.0,147.8666667,0.0,28.0,,0.9824446526998214,0.4,17696.0,0.006954362228054878,1538.304924845739,123.06439398765912,123.06439398765913
1,176000.0,240000.0,ProfExe,1.0,1.0,0.0,198.8666667,2.0,13.0,,0.2308065900188473,0.4,176000.0,0.18421216425772655,405266.7613669984,32421.340909359875,32421.34090935987
1,,46200.0,,0.0,1.0,3.0,200.9333333,10.0,15.0,,0.8980391879726208,0.4,0.0,0.0392949126102343,0.0,0.0,0.0
0,109583.0,153132.0,ProfExe,10.0,0.0,0.0,162.3840072,1.0,16.0,33.76030524,0.12860542091013122,0.4,109583.0,0.15959769629806853,218614.92941789055,17489.194353431245,17489.194353431245
0,15214.0,38094.0,Other,26.0,0.0,0.0,199.4697909,0.0,15.0,39.5498738,0.12458306996821104,0.4,15214.0,0.15785998416089678,30021.022487798546,2401.6817990238837,2401.6817990238837
0,20000.0,38000.0,Other,0.9,0.0,0.0,59.83333333,0.0,7.0,,0.2518466469029474,0.4,20000.0,0.1859136010203455,46478.40025508637,3718.27202040691,3718.2720204069096
0,24350.0,40356.0,Other,0.0,0.0,0.0,81.8402502,0.0,6.0,13.40999565,0.0656450189799191,0.4,24350.0,0.12072116576792412,36744.504830611906,2939.5603864489526,2939.560386448952
1,92249.0,,Office,2.0,1.0,0.0,180.6801536,0.0,21.0,31.08912029,0.0741509948062316,0.4,92249.0,0.12780741671930496,147376.32981173953,11790.106384939163,11790.106384939163
0,138322.0,186139.0,ProfExe,2.0,0.0,0.0,215.750868,2.0,19.0,39.1891416,0.1493916740767153,0.4,138322.0,0.167422734568469,289478.09363724716,23158.247490979775,23158.24749097977
0,228006.0,285921.0,ProfExe,15.0,0.0,0.0,250.5398841,2.0,25.0,27.81329141,0.049797246169763214,0.4,228006.0,0.10518075761568535,299773.04776152445,23981.843820921957,23981.843820921953
0,78124.0,116280.0,Mgr,10.0,0.0,0.0,73.75338352,1.0,35.0,26.40633196,0.08615739936776896,0.4,78124.0,0.13662532090828317,133421.45713298392,10673.716570638715,10673.716570638713
0,42747.0,71360.0,Other,10.0,,,89.51626546,,24.0,34.03666376,0.16240722495449691,0.4,42747.0,0.17144906525156128,91611.66490385612,7328.933192308489,7328.93319230849
1,36000.0,73500.0,Office,14.0,0.0,1.0,202.9666667,0.0,33.0,,0.07215157614274777,0.4,36000.0,0.126209438532502,56794.2473396259,4543.5397871700725,4543.539787170072
1,80951.0,116160.0,ProfExe,19.0,4.0,0.0,130.3603618,0.0,58.0,50.35299879,0.6455804388257824,0.4,80951.0,0.12406107225759554,125535.84825405771,10042.867860324617,10042.867860324617
0,124000.0,171366.0,Mgr,13.0,0.0,0.0,176.5,2.0,28.0,,0.10730777477259126,0.4,124000.0,0.14944125999392477,231633.95299058338,18530.71623924667,18530.71623924667
0,20956.0,39333.0,Other,0.0,1.0,0.0,73.39179752,0.0,7.0,13.49536737,0.11546997146368825,0.4,20956.0,0.15362174089073705,40241.215026328566,3219.297202106285,3219.2972021062856
0,106594.0,148695.0,Other,13.0,0.0,0.0,239.918405,1.0,39.0,41.27520899,0.08322749150994527,0.4,106594.0,0.13458921079481398,179330.02919328,14346.4023354624,14346.4023354624
0,34955.0,79556.0,Other,8.0,,,121.0233134,,23.0,32.8045306,0.13305413917695605,0.4,34955.0,0.16143055607830312,70535.06359646357,5642.805087717086,5642.805087717085
0,137927.0,182588.0,ProfExe,1.0,1.0,0.0,248.980672,1.0,18.0,40.36185207,0.20234005279567463,0.4,137927.0,0.18039579045473428,311018.1273756267,24881.45019005014,24881.450190050135
1,,52545.0,,1.0,1.0,3.0,187.7221845,10.0,15.0,2.594364447,0.5105577172118893,0.4,0.0,0.15886625166505,0.0,0.0,0.0
0,54352.0,79302.0,Office,0.0,0.0,0.0,152.2027769,3.0,19.0,41.62936282,0.14604674781695667,0.4,54352.0,0.16628522382185756,112974.18106457003,9037.934485165602,9037.934485165602
0,109859.0,153240.0,ProfExe,10.0,0.0,0.0,172.6879798,0.0,17.0,34.54949648,0.11147694441682475,0.4,109859.0,0.15162433527740593,208216.22311550673,16657.29784924054,16657.29784924054
0,18306.0,66747.0,Other,1.0,0.0,0.0,95.18143755,1.0,6.0,37.58289841,0.2773698291075391,0.4,18306.0,0.18687793626721183,42762.34376634475,3420.98750130758,3420.98750130758
0,36014.0,76525.0,Mgr,14.0,0.0,0.0,88.93446885,5.0,16.0,34.9372716,0.2828025406933874,0.4,36014.0,0.1869419671362647,84156.60005556796,6732.528004445438,6732.528004445438
0,45747.0,78829.0,Office,0.0,0.0,0.0,174.3637482,3.0,18.0,41.25679468,0.13016637453906468,0.4,45747.0,0.16025125059118037,91637.67450993409,7331.013960794728,7331.0139607947285
0,40386.0,68120.0,Mgr,12.0,1.0,0.0,98.82015368,5.0,15.0,34.02025719,0.39451505862563546,0.4,40386.0,0.17949698887294474,90614.56740778433,7249.165392622746,7249.165392622746
0,46948.0,80473.0,Office,0.0,0.0,0.0,151.5970972,2.0,19.0,37.75387662,0.10343813336810907,0.4,46948.0,0.1473213951873147,86455.56076567565,6916.444861254052,6916.444861254051
0,55429.0,103948.0,Office,3.0,0.0,0.0,182.4841642,1.0,25.0,35.15098079,0.05675890773234579,0.4,55429.0,0.11242898456864073,77897.82732068983,6231.826185655186,6231.826185655187
0,77246.0,121758.0,Mgr,10.0,0.0,0.0,79.21417248,0.0,34.0,26.52174054,0.07617767321499262,0.4,77246.0,0.1293873147584818,124933.15644792108,9994.652515833686,9994.652515833686
0,57516.0,103086.0,Office,3.0,0.0,0.0,166.1995272,2.0,24.0,37.81408909,0.0849490893937954,0.4,57516.0,0.13579416056632593,97629.21173916002,7810.3369391328015,7810.336939132802
0,113822.0,148478.0,ProfExe,10.0,0.0,0.0,165.7882784,0.0,16.0,31.16320701,0.09592327077381245,0.4,113822.0,0.1429295578224491,203356.601630835,16268.5281304668,16268.5281304668
0,108736.0,147531.0,Other,13.0,0.0,0.0,228.6103591,1.0,40.0,43.12276156,0.0971640637682819,0.4,108736.0,0.143680855379083,195291.01863124964,15623.28149049997,15623.28149049997
0,138082.0,181157.0,ProfExe,2.0,1.0,0.0,219.2473072,1.0,19.0,40.87469852,0.2331332358607449,0.4,138082.0,0.1844441408081232,318355.1981383409,25468.41585106727,25468.415851067268
0,10952.0,65166.0,Other,0.0,0.0,0.0,91.95160351,1.0,6.0,37.69262438,0.284122613605039,0.4,10952.0,0.18695045967857388,25593.517929996768,2047.4814343997414,2047.4814343997411
0,124225.0,181129.0,Mgr,11.0,0.0,0.0,189.4391712,2.0,28.0,43.16839173,0.16599490183353552,0.4,124225.0,0.17245338397086096,267787.7702972526,21423.021623780205,21423.0216237802
1,18375.0,61738.0,Mgr,20.0,3.0,5.0,141.7031333,0.0,28.0,45.3547887,0.9850918169099058,0.4,18375.0,0.005911754057013408,1357.856009970267,108.62848079762136,108.62848079762136
0,35332.0,71898.0,Other,10.0,,,115.2108955,,24.0,33.07135028,0.13490640376132063,0.4,35332.0,0.16216707092687946,71621.08687485632,5729.686949988506,5729.686949988505
0,78355.0,124426.0,Mgr,11.0,0.0,0.0,81.22339757,1.0,34.0,25.94257777,0.08156567380368528,0.4,78355.0,0.13340245645116935,130659.36844039218,10452.749475231374,10452.749475231374
0,231344.0,284199.0,ProfExe,7.0,0.0,1.0,202.5286035,0.0,29.0,15.82390006,0.04753142684040627,0.4,231344.0,0.10265801789229777,296866.45614094666,23749.31649127573,23749.316491275735
0,54372.0,78653.0,Office,0.0,0.0,0.0,156.4135697,3.0,19.0,40.61109433,0.1346563935657397,0.4,54372.0,0.1620685543636848,110149.89297327839,8811.99143786227,8811.99143786227
0,36804.0,83295.0,Other,,,,289.3998161,0.0,15.0,42.21386978,0.10255853358755013,0.4,36804.0,0.14682648626142117,67547.5250045668,5403.802000365345,5403.802000365345
0,14834.0,64870.0,Other,1.0,0.0,0.0,99.70436212,1.0,5.0,36.69232406,0.2645979234026167,0.4,14834.0,0.18653665721402035,34588.55966390972,2767.084773112778,2767.084773112778
0,129062.0,176389.0,Mgr,13.0,0.0,0.0,184.3193761,2.0,28.0,40.89430209,0.1476600186912607,0.4,129062.0,0.16683933070312215,269157.7212400794,21532.617699206352,21532.617699206352
0,29226.0,44735.0,Other,1.0,0.0,0.0,66.24471976,0.0,7.0,13.78396544,0.07125128929487712,0.4,29226.0,0.12547678197067896,45839.80537343829,3667.1844298750634,3667.1844298750634
0,15428.0,45495.0,Other,28.0,0.0,0.0,200.5091243,0.0,15.0,42.38798551,0.14483422397201584,0.4,15428.0,0.1658619431753775,31986.47574137155,2558.918059309724,2558.918059309724
0,195221.0,293118.0,Other,29.0,0.0,0.0,151.9574182,0.0,22.0,38.18102732,0.12528286199966326,0.4,195221.0,0.1581679492224068,385971.3151893434,30877.705215147475,30877.705215147475
1,147577.0,187129.0,Office,11.0,0.0,0.0,,0.0,0.0,42.36225264,0.1327495634739345,0.4,147577.0,0.16130797091942775,297566.83030470484,23805.34642437639,23805.34642437639
0,21172.0,37333.0,Other,30.0,0.0,0.0,208.4986963,0.0,15.0,41.35817107,0.12931917778234514,0.4,21172.0,0.15989795787345515,42316.9945512099,3385.359564096792,3385.3595640967924
0,125787.0,175196.0,Mgr,13.0,0.0,0.0,157.8776807,2.0,29.0,41.35097453,0.16959727548335238,0.4,125787.0,0.1734184981025739,272672.4077603558,21813.792620828463,21813.792620828463
0,54981.0,82038.0,Office,2.0,0.0,0.0,165.0778474,2.0,19.0,41.23925628,0.11764724498412063,0.4,54981.0,0.15467388480799463,106301.5607578544,8504.124860628352,8504.124860628353
0,230978.0,291013.0,ProfExe,12.0,0.0,1.0,268.394238,1.0,26.0,26.24819069,0.07530111772800745,0.4,230978.0,0.12870883186577417,371611.35708365985,29728.90856669279,29728.908566692786
0,189798.0,301984.0,Other,28.0,0.0,0.0,150.9173633,0.0,22.0,37.23650784,0.11974521746874689,0.4,189798.0,0.15566378950720533,369308.449011107,29544.67592088856,29544.675920888556
1,106717.0,,Mgr,4.0,2.0,4.0,172.4323547,0.0,13.0,47.79590611,0.9628371087263295,0.4,106717.0,0.014620872779221772,19503.696004752623,1560.29568038021,1560.29568038021
0,190480.0,298239.0,Other,27.0,0.0,1.0,164.6048706,0.0,23.0,39.60145213,0.24191135082536055,0.4,190480.0,0.18521929876163246,441007.1503514469,35280.57202811575,35280.57202811575
0,133471.0,188154.0,ProfExe,0.0,0.0,0.0,218.5382606,2.0,18.0,40.31508349,0.16214951019392707,0.4,133471.0,0.17137522972572405,285920.29108402645,22873.623286722115,22873.623286722115
1,67794.0,103535.0,Mgr,7.0,0.0,1.0,116.8989899,1.0,31.0,44.06542878,0.37520137608695636,0.4,67794.0,0.18181362308450463,154073.40954238633,12325.872763390907,12325.872763390907
0,37507.0,71612.0,Other,10.0,,,112.8714443,,24.0,31.78445617,0.1264921748385178,0.4,37507.0,0.15869449741225028,74401.93143051589,5952.154514441271,5952.154514441271
0,118000.0,167000.0,ProfExe,17.0,0.0,0.0,127.0333333,1.0,17.0,,0.15451365922944063,0.4,118000.0,0.16908122949350096,249394.81350291395,19951.585080233115,19951.585080233115
1,30000.0,72000.0,Mgr,20.0,2.0,0.0,127.3,1.0,14.0,,0.3742522694982977,0.4,30000.0,0.18191777346649013,68219.1650499338,5457.533203994704,5457.533203994704
0,13542.0,58827.0,Other,0.0,0.0,0.0,92.1329084,0.0,6.0,36.25696875,0.2394438485804476,0.4,13542.0,0.18501711132422338,31318.77151940791,2505.5017215526327,2505.501721552633
0,51370.0,103298.0,Office,0.0,0.0,0.0,175.6096146,2.0,25.0,38.09341464,0.0819741704605277,0.4,51370.0,0.13369636298469728,85849.77708154875,6867.9821665239,6867.9821665239
0,73386.0,108864.0,Other,5.0,,,119.5395184,10.0,21.0,42.82660083,0.5194709600125453,0.4,73386.0,0.1568799797018314,143909.9273799825,11512.7941903986,11512.7941903986
0,136521.0,188264.0,ProfExe,1.0,1.0,0.0,227.6518778,2.0,19.0,38.51864488,0.22063134871900786,0.4,136521.0,0.18306124737744656,312396.3069152048,24991.704553216383,24991.704553216383
0,22907.0,46357.0,Other,0.0,0.0,0.0,62.41629688,0.0,6.0,15.02803747,0.08089542248842295,0.4,22907.0,0.13291709534916749,38059.14878954225,3044.7319031633797,3044.7319031633797
0,234304.0,290923.0,ProfExe,14.0,0.0,1.0,260.9197759,2.0,26.0,27.05723429,0.09197568338585047,0.4,234304.0,0.14046684600349263,411399.2985750292,32911.94388600234,32911.94388600234
0,14906.0,64767.0,Other,0.0,0.0,0.0,80.35557059,0.0,5.0,35.03907537,0.24114826119369578,0.4,14906.0,0.18515806218426364,34499.57593648292,2759.9660749186337,2759.9660749186337
0,124295.0,176185.0,Mgr,12.0,0.0,0.0,171.2144163,1.0,27.0,43.17681901,0.16487402953603628,0.4,124295.0,0.17214429668208614,267458.4419512487,21396.675356099895,21396.675356099895
0,15557.0,62847.0,Other,0.0,0.0,0.0,99.56044187,1.0,6.0,37.39411875,0.27101623936293134,0.4,15557.0,0.18674231776025801,36314.37796745417,2905.150237396334,2905.150237396334
1,38352.0,80550.0,Mgr,21.0,1.0,0.0,116.4379076,0.0,14.0,35.38186329,0.2421906871033817,0.4,38352.0,0.18524142751320727,88804.74034983157,7104.379227986526,7104.379227986525
0,33658.0,76624.0,Other,,,,286.6962892,0.0,15.0,40.3573739,0.09279695584272896,0.4,33658.0,0.14098846707729948,59317.37281109682,4745.389824887746,4745.389824887746
0,119911.0,171916.0,ProfExe,16.0,0.0,0.0,140.4494714,0.0,16.0,27.6899107,0.08533501936287263,0.4,119911.0,0.13606091958356478,203940.01160231046,16315.200928184837,16315.200928184837
0,188655.0,298090.0,Other,28.0,0.0,0.0,153.0868546,0.0,22.0,40.29677071,0.14201924848582553,0.4,188655.0,0.16485630257294157,388762.0720237287,31100.965761898296,31100.965761898293
0,106960.0,144201.0,Other,15.0,0.0,0.0,230.4130352,0.0,40.0,42.66665957,0.08187445639262776,0.4,106960.0,0.13362475282260194,178656.2945238188,14292.503561905503,14292.503561905503
0,12617.0,36082.0,Other,30.0,0.0,0.0,205.4598874,0.0,15.0,41.97900067,0.13627038219110685,0.4,12617.0,0.162699681698766,25659.77354991663,2052.7818839933307,2052.7818839933307
0,16209.0,62450.0,Other,1.0,0.0,0.0,108.3876577,1.0,6.0,38.12127507,0.26917054153113995,0.4,16209.0,0.18669034937930076,37825.79841361357,3026.0638730890855,3026.063873089086
0,37750.0,76204.0,Other,,,,268.2649306,0.0,16.0,41.44876331,0.10722961310300871,0.4,37750.0,0.14939934908947716,70497.81785159704,5639.825428127763,5639.825428127763
1,16800.0,,,12.0,1.0,2.0,110.6333333,4.0,20.0,,0.7170059038055581,0.4,16800.0,0.10224410787233347,21471.26265319003,1717.7010122552026,1717.7010122552024
1,15391.0,,,2.6,6.0,1.0,57.83333333,0.0,8.0,,0.9607072688470407,0.4,15391.0,0.015447913663960167,2971.9854900251366,237.75883920201093,237.75883920201093
1,22100.0,35000.0,Other,1.9,2.0,0.0,85.23333333,2.0,14.0,,0.5080409227318853,0.4,22100.0,0.15941799809479568,44039.22197368731,3523.1377578949846,3523.1377578949846
1,16000.0,43040.0,Other,0.0,1.0,1.0,98.43333333,1.0,11.0,,0.5261658589733655,0.4,16000.0,0.15535558801418686,31071.117602837374,2485.68940822699,2485.6894082269896
0,49020.0,100700.0,Office,4.0,0.0,0.0,169.6890389,1.0,25.0,36.03464456,0.06408205238669547,0.4,49020.0,0.11933291108827325,73121.24126933943,5849.699301547154,5849.699301547154
0,10879.0,58089.0,Other,0.0,0.0,0.0,94.24803572,0.0,5.0,38.66240227,0.2726927712167766,0.4,10879.0,0.186784576751504,25400.36763099515,2032.0294104796121,2032.0294104796121
0,224572.0,282839.0,ProfExe,7.0,0.0,1.0,212.7553311,0.0,29.0,16.62648898,0.04727729733637064,0.4,224572.0,0.10236965162956242,287366.9675719261,22989.35740575409,22989.357405754094
0,11478.0,66275.0,Other,1.0,0.0,0.0,97.19863392,1.0,5.0,35.94520575,0.25760951425504336,0.4,11478.0,0.186231403137205,26719.550565110483,2137.5640452088387,2137.5640452088387
0,15036.0,44220.0,Other,28.0,0.0,0.0,204.7009169,0.0,14.0,42.61822346,0.1465595314669167,0.4,15036.0,0.16646246542309512,31286.62037627073,2502.9296301016584,2502.9296301016584
0,72809.0,109678.0,Other,5.0,,,117.4739215,10.0,21.0,41.51283589,0.5000971627969991,0.4,72809.0,0.1611326205997218,146648.8121655643,11731.904973245144,11731.904973245144
0,55247.0,103246.0,Office,3.0,0.0,0.0,177.2769279,1.0,25.0,35.30277411,0.059002626042032776,0.4,55247.0,0.11461748526657073,79153.40260652792,6332.272208522234,6332.272208522233
1,60279.0,97875.0,Mgr,6.0,0.0,11.0,312.4333333,0.0,46.0,,0.9940409108182277,0.4,60279.0,0.002372268567292446,1787.4747120977668,142.99797696782136,142.99797696782136
0,34302.0,77481.0,Other,10.0,,,123.468827,,24.0,33.63468905,0.13370502097609613,0.4,34302.0,0.1616911181821289,69329.10919854233,5546.328735883386,5546.328735883385
0,126316.0,180750.0,Mgr,14.0,0.0,0.0,167.8572559,2.0,28.0,42.63343718,0.1759818065909196,0.4,126316.0,0.17502620827463095,276357.6315552285,22108.61052441828,22108.610524418284
0,70680.0,114720.0,Other,5.0,,,115.8502492,11.0,20.0,43.06942356,0.5675142912604036,0.4,70680.0,0.1453582207076199,128423.98799518218,10273.919039614575,10273.919039614573
0,71553.0,111237.0,Other,6.0,,,114.1237846,10.0,20.0,41.45670798,0.5081033562654899,0.4,71553.0,0.1594043601523692,142573.2522747809,11405.860181982473,11405.860181982473
0,125864.0,175163.0,Mgr,12.0,0.0,0.0,174.209344,2.0,28.0,40.5848115,0.15347574492782548,0.4,125864.0,0.1687531188944451,265499.28195663047,21239.942556530437,21239.94255653044
0,37100.0,74796.0,Other,10.0,,,109.7765826,,23.0,33.68886616,0.14666058039795515,0.4,37100.0,0.1664972694407476,77213.1087031467,6177.048696251736,6177.048696251736
0,226152.0,283022.0,ProfExe,4.0,0.0,1.0,209.2973763,0.0,29.0,15.73414368,0.04638668213373931,0.4,226152.0,0.10135015861901026,286506.7634000801,22920.541072006406,22920.541072006406
0,195134.0,299299.0,Other,29.0,0.0,0.0,161.8851264,0.0,22.0,38.63702392,0.12229625007917638,0.4,195134.0,0.15683663888271826,382552.0086467543,30604.160691740344,30604.160691740344
0,34498.0,82962.0,Other,,,,285.2974893,0.0,16.0,41.15524125,0.0962074571081892,0.4,34498.0,0.14310257514024935,61709.40796485402,4936.752637188321,4936.752637188322
0,15150.0,61388.0,Other,1.0,0.0,0.0,101.8594387,1.0,5.0,37.8165708,0.27724943416388476,0.4,15150.0,0.18687598096499547,35389.63889524601,2831.171111619681,2831.171111619681
0,104092.0,143832.0,Other,15.0,0.0,0.0,235.2018195,1.0,40.0,43.69152442,0.09595839999455673,0.4,104092.0,0.1429509755887628,186000.6618873187,14880.052950985497,14880.052950985497
0,23517.0,47805.0,Other,0.0,0.0,0.0,78.81360028,0.0,7.0,16.7277481,0.08061829524775821,0.4,23517.0,0.13271527073067493,39013.312772166035,3121.0650217732828,3121.0650217732823
0,83226.0,115509.0,Mgr,11.0,0.0,0.0,79.03011561,0.0,34.0,26.52185952,0.0757734078342105,0.4,83226.0,0.12907530746057813,134280.26923392594,10742.421538714076,10742.421538714076
0,16363.0,43218.0,Other,29.0,0.0,0.0,200.3016025,0.0,14.0,42.09417911,0.14448955278079845,0.4,16363.0,0.16574054321324097,33900.15635747828,2712.0125085982622,2712.012508598262
0,42478.0,85942.0,Other,,,,278.3638835,0.0,16.0,40.25722171,0.0944517851220837,0.4,42478.0,0.14202461913084702,75411.5221430015,6032.921771440119,6032.921771440119
1,33148.0,69965.0,ProfExe,13.0,2.0,4.0,112.5108654,3.0,27.0,36.02150867,0.9455153300261377,0.4,33148.0,0.021315476579195015,8832.067720589454,706.5654176471563,706.5654176471563
0,35219.0,76888.0,Other,9.0,,,110.4525208,,23.0,32.36421263,0.1360295629305094,0.4,35219.0,0.16260624083671768,71585.3649503545,5726.8291960283605,5726.82919602836
0,232000.0,36300.0,Mgr,3.0,0.0,2.0,206.0333333,3.0,50.0,,0.26500724247426166,0.4,232000.0,0.1865518791251581,541000.4494629585,43280.03595703668,43280.03595703668
1,92400.0,215000.0,Self,2.5,1.0,3.0,165.3333333,1.0,40.0,,0.7660145597862038,0.4,92400.0,0.08618723120583956,99546.2520427447,7963.700163419577,7963.700163419575
0,22832.0,43358.0,Other,1.0,0.0,0.0,68.32898424,0.0,7.0,13.66579769,0.069913536331201,0.4,22832.0,0.12437267181126749,35495.960534935744,2839.6768427948596,2839.676842794859
0,127901.0,176592.0,Mgr,12.0,0.0,0.0,186.6022388,2.0,27.0,40.95937708,0.15028658478864043,0.4,127901.0,0.16771968244760554,268143.93880913995,21451.515104731196,21451.515104731196
0,120725.0,168783.0,ProfExe,15.0,0.0,0.0,121.5604199,1.0,17.0,27.90222161,0.10627352753504526,0.4,120725.0,0.1488836958409455,224674.80225497682,17973.984180398147,17973.984180398144
0,16232.0,60238.0,Other,0.0,0.0,0.0,116.7297455,1.0,5.0,37.99908153,0.2637189992752881,0.4,16232.0,0.18650298897896006,37841.456463831,3027.3165171064798,3027.3165171064798
0,118793.0,171024.0,ProfExe,16.0,0.0,0.0,119.6034777,1.0,16.0,29.01132772,0.11650073327204247,0.4,118793.0,0.15412303565294785,228859.22217900792,18308.737774320634,18308.737774320634
0,188427.0,293790.0,Other,27.0,0.0,0.0,157.7262908,0.0,23.0,37.06575888,0.1127636843847011,0.4,188427.0,0.15227776088637054,358665.52063170174,28693.24165053614,28693.241650536143
0,108871.0,151667.0,Other,11.0,0.0,0.0,227.4154384,0.0,40.0,40.18309857,0.07298850551537008,0.4,108871.0,0.12688317280216782,172673.72382681016,13813.897906144814,13813.897906144814
0,235343.0,45270.0,Mgr,3.0,0.0,1.0,210.9224034,3.0,49.0,41.26480552,0.2014712096849034,0.4,235343.0,0.1802488421340793,530253.7906795078,42420.303254360624,42420.303254360624
0,195243.0,294372.0,Other,27.0,0.0,0.0,150.2093805,0.0,22.0,39.07277566,0.13489345581318346,0.4,195243.0,0.1621619756001803,395762.38252632506,31660.990602106005,31660.990602106005
0,14163.0,60626.0,Other,0.0,0.0,0.0,109.031088,1.0,6.0,36.50108651,0.24853124294182477,0.4,14163.0,0.18570287431133722,32876.37261089336,2630.109808871469,2630.109808871469
1,167000.0,221100.0,Mgr,4.0,0.0,0.0,185.7,3.0,21.0,,0.13963081297781976,0.4,167000.0,0.16397735806328118,342302.7349570995,27384.21879656796,27384.218796567955
0,23448.0,45557.0,Other,0.0,0.0,0.0,69.19973077,0.0,7.0,15.77819668,0.0800248014939402,0.4,23448.0,0.1322807753748286,38771.49526236227,3101.719620988981,3101.719620988981
0,28213.0,40515.0,Other,0.0,0.0,0.0,55.04424252,0.0,7.0,15.39687666,0.0843715206949725,0.4,28213.0,0.1353926574262477,47747.91304958408,3819.8330439667266,3819.8330439667266
0,133193.0,174905.0,Mgr,13.0,0.0,0.0,177.0516476,1.0,28.0,39.4756896,0.1257024610708748,0.4,133193.0,0.15835145460123226,263641.3161587741,21091.305292701927,21091.305292701927
0,194350.0,299720.0,Other,28.0,0.0,0.0,170.1968674,0.0,23.0,40.25151003,0.12721990188582996,0.4,194350.0,0.15900794193308965,386289.91893369966,30903.193514695973,30903.193514695973
0,41877.0,78220.0,Other,8.0,,,121.9977294,,23.0,31.87626204,0.1252757071532232,0.4,41877.0,0.1581648126861575,82793.34826072773,6623.467860858218,6623.467860858218
0,51220.0,106361.0,Office,3.0,0.0,0.0,172.362148,2.0,24.0,36.48909721,0.0755874053284041,0.4,51220.0,0.12893123193406683,82548.22124578629,6603.8576996629035,6603.8576996629035
1,103000.0,149500.0,Mgr,12.0,1.0,0.0,88.23333333,2.0,38.0,,0.2257701736649144,0.4,103000.0,0.18367067587733643,236475.99519207067,18918.079615365652,18918.079615365652
0,128523.0,179390.0,Mgr,13.0,0.0,0.0,150.0842871,1.0,28.0,43.14434551,0.17806988849784108,0.4,128523.0,0.17552440454763382,281986.53807094425,22558.92304567554,22558.923045675543
0,124548.0,169881.0,ProfExe,16.0,0.0,0.0,129.524283,1.0,17.0,28.85081359,0.1073101776036237,0.4,124548.0,0.14944254782753827,232659.63058530295,18612.770446824237,18612.770446824237
0,193409.0,297294.0,Other,30.0,0.0,0.0,150.7998535,0.0,22.0,40.59278045,0.14447753272976013,0.4,193409.0,0.1657363008576399,400686.152657191,32054.89221257528,32054.892212575276
0,232057.0,286938.0,ProfExe,15.0,0.0,1.0,249.9549333,2.0,26.0,25.25477175,0.08667602395842837,0.4,232057.0,0.13697845351630744,397335.1123454219,31786.808987633754,31786.808987633754
0,17918.0,40000.0,Mgr,7.0,0.0,0.0,45.66666667,0.0,7.0,,0.2520296256860257,0.4,17918.0,0.18592463159273542,41642.46936098292,3331.3975488786336,3331.397548878633
0,233216.0,38583.0,Mgr,4.0,0.0,1.0,226.1469888,2.0,49.0,40.22218286,0.15740233436803389,0.4,233216.0,0.16997359811106658,495507.0332133813,39640.562657070506,39640.562657070506
0,79874.0,125000.0,Mgr,30.0,0.0,0.0,340.9,0.0,20.0,,0.03596570126283195,0.4,79874.0,0.08827074566869492,88131.71924426671,7050.5375395413375,7050.5375395413375
0,14955.0,38584.0,Other,29.0,0.0,0.0,197.9863148,0.0,14.0,41.52909627,0.1414369334625413,0.4,14955.0,0.16464420765086263,30778.176567733135,2462.254125418651,2462.254125418651
0,39796.0,77819.0,Other,,,,294.4306958,0.0,15.0,40.23707296,0.08835474615794074,0.4,39796.0,0.13810686808402778,68701.26152839961,5496.1009222719695,5496.1009222719695
0,35458.0,78116.0,Other,9.0,,,126.5177052,,23.0,33.68805656,0.135497684375265,0.4,35458.0,0.16239896300123766,71979.28037622356,5758.342430097885,5758.342430097885
0,13781.0,43371.0,Other,28.0,0.0,0.0,203.8393048,0.0,14.0,40.65777994,0.1311679464600691,0.4,13781.0,0.1606646119030864,27676.48770795542,2214.1190166364336,2214.1190166364336
0,189564.0,296728.0,Other,27.0,0.0,0.0,155.5368967,0.0,23.0,38.05331686,0.12106180357464608,0.4,189564.0,0.15627326737396383,370297.320705976,29623.78565647808,29623.785656478078
0,37231.0,80347.0,Other,9.0,,,113.9365929,,24.0,32.17001962,0.12949400295968855,0.4,37231.0,0.15997113744040148,74448.56772554484,5955.885418043587,5955.885418043587
0,232792.0,293949.0,ProfExe,13.0,0.0,1.0,275.6958052,1.0,26.0,27.87825784,0.07968476979800172,0.4,232792.0,0.13203043584131186,384195.36525463336,30735.62922037067,30735.62922037067
1,,55657.0,,1.0,1.0,3.0,210.0122648,10.0,15.0,1.909225163,0.46597026208889414,0.4,0.0,0.16801167990100618,0.0,0.0,0.0
0,49709.0,101222.0,Office,2.0,0.0,0.0,181.9098245,2.0,24.0,35.04559626,0.06586208663478098,0.4,49709.0,0.12091174110862837,75130.0217346101,6010.401738768808,6010.401738768808
0,9200.0,66056.0,Other,0.0,0.0,0.0,107.6734382,1.0,6.0,37.18955165,0.25895528146374097,0.4,9200.0,0.18629692458545571,21424.146327327406,1713.9317061861925,1713.9317061861925
0,37265.0,76154.0,Other,7.0,,,128.7311432,,23.0,34.85797706,0.14521238247637003,0.4,37265.0,0.16599458733354058,77322.35371230487,6185.78829698439,6185.7882969843895
0,18026.0,57436.0,Other,0.0,0.0,0.0,94.11896805,0.0,5.0,37.74993373,0.260653995254035,0.4,18026.0,0.18637500740192767,41994.94854283935,3359.5958834271482,3359.5958834271482
0,232113.0,46286.0,Mgr,3.0,0.0,1.0,214.3529578,2.0,50.0,42.51200002,0.1873071384126788,0.4,232113.0,0.17757237999776235,515210.7229802576,41216.857838420605,41216.85783842061
0,54821.0,104724.0,Office,1.0,0.0,0.0,164.3009187,1.0,24.0,34.39190747,0.06190481807454981,0.4,54821.0,0.11735084347080371,80416.13237391162,6433.29058991293,6433.29058991293
1,153000.0,164000.0,Office,9.0,0.0,0.0,117.6666667,4.0,32.0,,0.09528299262263518,0.4,153000.0,0.14253767486243923,272603.303174415,21808.264253953203,21808.264253953203
0,138000.0,190000.0,ProfExe,22.0,0.0,0.0,188.1666667,1.0,22.0,,0.09886982434373576,0.4,138000.0,0.14469646187211396,249601.39672939657,19968.111738351727,19968.111738351727
0,227543.0,289091.0,ProfExe,3.0,0.0,0.0,203.9415862,0.0,29.0,17.42563348,0.025155130419729235,0.4,227543.0,0.0718292230018742,204302.96111894326,16344.236889515461,16344.236889515463
0,104422.0,152298.0,Other,15.0,0.0,0.0,227.6777656,0.0,40.0,42.2817024,0.08111635262942596,0.4,104422.0,0.1330775126628368,173702.7503409843,13896.220027278743,13896.220027278743
0,236847.0,46091.0,Mgr,1.0,0.0,2.0,205.6506602,3.0,49.0,41.83267428,0.37626609055764465,0.4,236847.0,0.18169567924404445,537925.9567739274,43034.0765419142,43034.0765419142
1,111917.0,156552.0,Mgr,12.0,0.0,0.0,107.2948996,2.0,37.0,41.44154866,0.18850832710876225,0.4,111917.0,0.17782058778792964,248764.33404327155,19901.146723461723,19901.146723461723
0,238018.0,44379.0,Mgr,3.0,0.0,2.0,195.3652599,3.0,49.0,40.41559886,0.36467306911491176,0.4,238018.0,0.18291603910507254,544216.3724463894,43537.30979571115,43537.30979571115
1,36705.0,78040.0,Mgr,19.0,2.0,0.0,120.090143,0.0,13.0,35.01574872,0.36262340987756325,0.4,36705.0,0.18311691561619792,84016.3298461568,6721.306387692544,6721.306387692544
0,195971.0,298682.0,Other,29.0,0.0,0.0,138.5666478,0.0,22.0,39.88756232,0.1483509830103344,0.4,195971.0,0.16707352110563653,409269.56255740876,32741.565004592703,32741.565004592696
0,119049.0,175867.0,ProfExe,17.0,0.0,0.0,112.4677853,0.0,16.0,28.51781662,0.10369162308631068,0.4,119049.0,0.14746311095951736,219441.69870774477,17555.33589661958,17555.33589661958
0,57419.0,103648.0,Office,4.0,0.0,0.0,175.3867231,1.0,25.0,34.28625051,0.0554891586821598,0.4,57419.0,0.11115999652797803,79783.69800799964,6382.695840639972,6382.695840639971
0,23858.0,40268.0,Other,0.0,0.0,0.0,56.60389545,0.0,7.0,16.6958286,0.09072065657315494,0.4,23858.0,0.13966009202347593,41650.13094370111,3332.0104754960885,3332.010475496089
0,140690.0,195001.0,ProfExe,21.0,0.0,0.0,177.247554,0.0,22.0,38.98121028,0.12026486759511412,0.4,140690.0,0.15590541827811683,274179.1662193532,21934.33329754826,21934.333297548255
0,19675.0,47894.0,Mgr,6.0,0.0,0.0,42.43527965,0.0,7.0,36.66861708,0.28113638662665386,0.4,19675.0,0.186927329826167,45972.44017912295,3677.7952143298357,3677.7952143298357
1,59000.0,85000.0,Self,2.0,0.0,7.0,240.4333333,3.0,26.0,,0.9800938483053727,0.4,59000.0,0.007878676239204019,5810.523726412964,464.84189811303713,464.84189811303713
0,20921.0,37363.0,Other,28.0,0.0,0.0,198.8970467,0.0,14.0,42.55636282,0.15036243392492588,0.4,20921.0,0.16774470915616946,43867.33825320276,3509.387060256221,3509.387060256221
0,37262.0,76717.0,Other,9.0,,,131.044986,,24.0,32.02105145,0.11745549766557063,0.4,37262.0,0.15458224902193485,72000.54703819171,5760.043763055337,5760.043763055336
0,73761.0,117729.0,Mgr,11.0,0.0,0.0,62.12090961,0.0,35.0,25.46161407,0.07609734357738564,0.4,73761.0,0.12932544039930036,119239.67261615992,9539.173809292794,9539.173809292794
1,54079.0,66261.0,Mgr,15.0,4.0,0.0,142.0,0.0,14.0,,0.6163893462659349,0.4,54079.0,0.13236456524946907,89476.79155157547,7158.143324126038,7158.143324126038
0,18934.0,42328.0,Mgr,5.0,0.0,0.0,38.69922722,0.0,6.0,34.22224671,0.25843968494449654,0.4,18934.0,0.18627220586648036,44085.97432344924,3526.8779458759395,3526.877945875939
0,37843.0,80771.0,Other,10.0,,,107.9971112,,23.0,33.96233051,0.15035279885809874,0.4,37843.0,0.1677415312514229,79348.03458934497,6347.842767147597,6347.842767147597
0,240157.0,42013.0,Mgr,3.0,0.0,2.0,201.6122988,2.0,50.0,41.64479426,0.3399546791173769,0.4,240157.0,0.18502469881425218,555437.2074141795,44434.97659313436,44434.976593134365
0,49292.0,104421.0,Office,1.0,0.0,0.0,161.8332356,1.0,25.0,36.89609946,0.0720569152814243,0.4,49292.0,0.1261327914788269,77716.71946967918,6217.337557574335,6217.337557574335
0,18804.0,43982.0,Mgr,7.0,0.0,0.0,46.76290645,0.0,6.0,34.98037124,0.2566064331501701,0.4,18804.0,0.1861804442370828,43761.713417926316,3500.9370734341055,3500.937073434105
0,87451.0,131949.0,Mgr,30.0,0.0,0.0,342.4680597,0.0,20.0,40.89238843,0.05283644904026062,0.4,87451.0,0.10843437122096718,118533.67747056001,9482.694197644802,9482.6941976448
0,79877.0,118554.0,Mgr,9.0,0.0,0.0,78.32776771,1.0,35.0,25.01202037,0.07749239487228164,0.4,79877.0,0.1303913925974811,130190.91583136245,10415.273266508997,10415.273266508997
0,233630.0,284049.0,ProfExe,4.0,0.0,0.0,218.9936962,0.0,30.0,14.07235376,0.01789760220736208,0.4,233630.0,0.058377219565091766,170483.37258740488,13638.669806992391,13638.66980699239
0,73877.0,124834.0,Mgr,10.0,0.0,0.0,68.48269459,0.0,34.0,25.96045509,0.07796262858489056,0.4,73877.0,0.13074662704035694,120739.60707325563,9659.168565860451,9659.16856586045
0,142468.0,195770.0,ProfExe,22.0,0.0,0.0,200.8607367,1.0,22.0,36.50527114,0.10220011717343815,0.4,142468.0,0.1466234062994529,261114.2931083807,20889.143448670457,20889.143448670453
0,12512.0,42634.0,Other,28.0,0.0,0.0,184.134954,0.0,15.0,42.48237422,0.15809586738287382,0.4,12512.0,0.17018334647593308,26616.675388835938,2129.334031106875,2129.3340311068746
0,28956.0,45640.0,Other,0.0,0.0,0.0,59.04270368,0.0,6.0,16.49508064,0.09029119764670195,0.4,28956.0,0.13938131983950247,50449.068715907924,4035.925497272634,4035.9254972726335
0,132617.0,172152.0,Mgr,15.0,0.0,0.0,178.4111833,1.0,28.0,42.45764485,0.14709773553420313,0.4,132617.0,0.16664737206848132,276253.4317700723,22100.274541605784,22100.274541605788
0,147522.0,198737.0,ProfExe,20.0,0.0,0.0,188.1493561,1.0,21.0,37.30853626,0.11853478552142374,0.4,147522.0,0.15509549251911858,285999.96559256763,22879.997247405412,22879.997247405412
0,83471.0,133221.0,Mgr,29.0,0.0,0.0,334.5812066,0.0,19.0,39.09556626,0.050564172626431175,0.4,83471.0,0.10601550552629142,110615.25327231339,8849.22026178507,8849.22026178507
0,26395.0,48905.0,Mgr,6.0,0.0,0.0,48.71005322,0.0,7.0,36.42433271,0.2703965856604195,0.4,26395.0,0.1867255094575997,61607.7477766668,4928.619822133344,4928.619822133344
0,36851.0,78893.0,Other,,,,302.7271504,0.0,16.0,41.82215988,0.09132462782490113,0.4,36851.0,0.14004980046885873,64512.18996347391,5160.9751970779125,5160.975197077913
0,15648.0,43726.0,Other,29.0,0.0,0.0,198.4511737,0.0,14.0,42.51197505,0.14943842101520405,0.4,15648.0,0.16743832243770268,32750.935868814642,2620.0748695051716,2620.0748695051716
0,128884.0,172094.0,Mgr,12.0,1.0,0.0,166.6247382,1.0,27.0,42.31889922,0.2559383262832418,0.4,128884.0,0.18614549162009303,299889.6942745509,23991.175541964072,23991.17554196407
0,13154.0,62208.0,Other,1.0,0.0,0.0,111.980657,1.0,5.0,37.4669773,0.2607917154634167,0.4,13154.0,0.18638111309942737,30645.714521373346,2451.6571617098675,2451.6571617098675
0,232317.0,38412.0,Mgr,2.0,0.0,2.0,213.2096514,3.0,50.0,42.5578291,0.37043711942468277,0.4,232317.0,0.18232696904130455,529470.6808346094,42357.654466768756,42357.65446676875
0,231455.0,290039.0,ProfExe,4.0,0.0,0.0,222.8746479,0.0,30.0,16.6894908,0.020852870085310532,0.4,231455.0,0.06415197242716927,185603.6847266308,14848.294778130465,14848.294778130465
0,121625.0,169369.0,ProfExe,15.0,0.0,0.0,112.3149971,0.0,17.0,28.99431237,0.10596715713981321,0.4,121625.0,0.14871728158056924,226096.74215295917,18087.739372236734,18087.739372236734
0,232312.0,286305.0,ProfExe,4.0,0.0,0.0,219.6589319,0.0,29.0,15.73593489,0.020384064373294788,0.4,232312.0,0.06326567516758616,183717.19411915346,14697.375529532277,14697.375529532275
0,57025.0,103563.0,Office,3.0,0.0,0.0,173.4941319,2.0,24.0,36.91389765,0.07716234994967808,0.4,57025.0,0.13014084471461965,92766.02087313982,7421.281669851185,7421.281669851185
0,139035.0,198788.0,ProfExe,23.0,0.0,0.0,171.9632916,1.0,22.0,37.68589208,0.1269281325215004,0.4,139035.0,0.15888257830594396,276127.9909345865,22090.239274766922,22090.23927476692
0,241545.0,42189.0,Mgr,1.0,0.0,2.0,196.5542212,3.0,50.0,42.04270618,0.38693356296677744,0.4,241545.0,0.180450450733154,544836.301529246,43586.904122339685,43586.90412233968
0,138523.0,196555.0,ProfExe,21.0,0.0,0.0,185.0054347,1.0,22.0,38.8960395,0.12908006407984995,0.4,138523.0,0.15979763547723827,276695.5982401685,22135.647859213477,22135.647859213477
0,241931.0,36486.0,Mgr,1.0,0.0,2.0,196.0088316,3.0,50.0,42.45858179,0.394463719293386,0.4,241931.0,0.17950363215527496,542843.6653869728,43427.49323095783,43427.49323095783
0,119575.0,175235.0,ProfExe,16.0,0.0,0.0,131.5424382,1.0,16.0,27.14989852,0.09764013632980817,0.4,119575.0,0.14396629918540468,215184.62781368455,17214.770225094766,17214.770225094766
0,89000.0,137000.0,Other,12.0,0.0,0.0,63.93333333,1.0,36.0,,0.15173035947848443,0.4,89000.0,0.16819229442608088,187113.92754901497,14969.114203921199,14969.114203921199
0,146171.0,196270.0,ProfExe,19.0,0.0,0.0,195.555801,1.0,21.0,37.94959341,0.11925386281753116,0.4,146171.0,0.1554340245281134,283999.33499123575,22719.94679929886,22719.94679929886
0,118911.0,168901.0,ProfExe,16.0,0.0,0.0,134.7340235,0.0,17.0,28.81751546,0.09245077030301846,0.4,118911.0,0.14076919499739826,209237.5718291953,16739.005746335624,16739.005746335624
0,97971.0,145124.0,Other,13.0,0.0,0.0,67.83204167,1.0,36.0,40.40270584,0.20215401736506658,0.4,97971.0,0.1803644878551731,220881.11549573953,17670.489239659164,17670.489239659164
1,155536.0,169503.0,Office,10.0,0.0,0.0,107.7099227,4.0,32.0,58.8269296,0.3630673282605867,0.4,155536.0,0.1830737958410216,355932.0738741142,28474.565909929137,28474.565909929133
0,109000.0,159500.0,Other,,0.0,0.0,250.6333333,3.0,14.0,,0.11697244990458798,0.4,109000.0,0.15435052941391303,210302.59632645652,16824.207706116522,16824.207706116522
1,169960.0,224716.0,Mgr,2.0,0.0,0.0,182.0684611,2.0,21.0,32.71020486,0.11274100895108051,0.4,169960.0,0.15226632723026254,323489.8122006928,25879.18497605542,25879.18497605542
0,27851.0,42623.0,Mgr,6.0,0.0,0.0,45.92716617,0.0,7.0,35.13109271,0.25644971974900926,0.4,27851.0,0.18617231837289228,64813.565487542786,5185.085239003423,5185.085239003422
0,143542.0,195327.0,ProfExe,23.0,0.0,0.0,174.6353487,1.0,22.0,37.44738401,0.12341456300772558,0.4,143542.0,0.15734034748092537,282311.8519763374,22584.948158106992,22584.94815810699
0,81688.0,131993.0,Mgr,27.0,0.0,0.0,327.4923598,0.0,19.0,41.21264082,0.0610888986188709,0.4,81688.0,0.11659315365307268,119053.26919515252,9524.261535612202,9524.2615356122
0,115191.0,165667.0,Other,,0.0,0.0,244.09767,4.0,14.0,36.13117578,0.1462921246271927,0.4,115191.0,0.1663701677372244,239554.3248977327,19164.345991818616,19164.345991818616
1,121399.0,164000.0,Office,11.0,0.0,1.0,208.0,2.0,34.0,,0.08937971334889086,0.4,121399.0,0.1387850201132906,210604.5332091671,16848.362656733367,16848.362656733367
0,138680.0,190729.0,ProfExe,21.0,0.0,0.0,198.1233342,0.0,21.0,35.57723925,0.08924039998343626,0.4,138680.0,0.13869332136254378,240424.87258196966,19233.989806557573,19233.989806557573
0,139519.0,195663.0,ProfExe,22.0,0.0,0.0,182.6647722,0.0,22.0,36.95591736,0.10273923754710072,0.4,139519.0,0.14692856189896217,256241.5753447663,20499.326027581305,20499.3260275813
0,121550.0,174507.0,ProfExe,17.0,0.0,0.0,110.9431095,1.0,17.0,30.69930302,0.13132908630900483,0.4,121550.0,0.16073068344984054,244210.18216660147,19536.81457332812,19536.814573328116
0,236340.0,37598.0,Mgr,2.0,0.0,1.0,220.6025351,4.0,50.0,41.85741593,0.21798659266753734,0.4,236340.0,0.1827245705439591,539814.0625294911,43185.125002359295,43185.125002359295
0,240994.0,39401.0,Mgr,3.0,0.0,1.0,210.5018174,3.0,50.0,42.96751164,0.21733975532635913,0.4,240994.0,0.1826398033578024,550188.7096301279,44015.09677041023,44015.09677041023
0,239058.0,40848.0,Mgr,4.0,0.0,1.0,212.0154058,3.0,49.0,40.13181545,0.18727170137143404,0.4,239058.0,0.177564995628918,530604.1590632235,42448.33272505788,42448.33272505788
1,227000.0,316000.0,ProfExe,3.0,0.0,0.0,160.2666667,1.0,25.0,,0.12095485041854023,0.4,227000.0,0.15622408998236834,443285.85532497015,35462.868425997614,35462.868425997614
0,31000.0,50000.0,Other,,0.0,0.0,,7.0,0.0,,0.32908865461749603,0.4,31000.0,0.18572431612808146,71968.17249963156,5757.453799970525,5757.453799970525
0,197906.0,265000.0,ProfExe,4.0,0.0,0.0,246.5666667,0.0,32.0,,0.057687579175374135,0.4,197906.0,0.11334301184105336,280390.7762676938,22431.262101415505,22431.262101415505
1,391000.0,505000.0,ProfExe,4.5,0.0,0.0,192.7666667,0.0,22.0,,0.09538691507304904,0.4,391000.0,0.14260147647819166,696964.7162871617,55757.17730297294,55757.17730297294
0,33844.0,55100.0,Other,,0.0,0.0,,6.0,0.0,34.70302378,0.29816772753333887,0.4,33844.0,0.18687569640226795,79057.76336297946,6324.621069038357,6324.621069038357
0,88197.0,132776.0,Mgr,30.0,0.0,0.0,333.0463123,0.0,20.0,39.29472094,0.050224904427163646,0.4,88197.0,0.10564740169969977,116472.29859635525,9317.78388770842,9317.783887708421
0,239513.0,37076.0,Mgr,0.0,0.0,1.0,183.3734524,2.0,49.0,40.7798487,0.20435047368656095,0.4,239513.0,0.1807284807769892,541085.2577042376,43286.820616339006,43286.82061633901
0,234682.0,37079.0,Mgr,2.0,0.0,1.0,216.6666372,2.0,50.0,40.41005141,0.16547912575380105,0.4,234682.0,0.17231167990006507,505480.6207788384,40438.44966230707,40438.44966230707
0,239987.0,43028.0,Mgr,2.0,0.0,1.0,210.1890052,3.0,49.0,41.33662673,0.20407322614854728,0.4,239987.0,0.18068320623193204,542020.2576747835,43361.620613982675,43361.620613982675
0,83439.0,134691.0,Mgr,30.0,0.0,0.0,355.8060308,0.0,20.0,41.88307125,0.05228021674462724,0.4,83439.0,0.10784961601444057,112485.80138286133,8998.864110628907,8998.864110628907
0,90295.0,139602.0,Other,12.0,0.0,0.0,62.80681071,0.0,35.0,40.22961403,0.18881608077220705,0.4,90295.0,0.17788352778190705,200774.91426334123,16061.993141067298,16061.993141067298
0,142713.0,196335.0,ProfExe,21.0,0.0,0.0,191.8661175,1.0,22.0,35.64744257,0.10233098307930706,0.4,142713.0,0.14669765085542683,261695.7730816316,20935.66184653053,20935.66184653053
0,116080.0,163905.0,Other,,0.0,0.0,252.3710369,3.0,14.0,34.62775217,0.1142469583507191,0.4,116080.0,0.15301940915127166,222031.16267849517,17762.493014279615,17762.493014279615
0,20552.0,46697.0,Mgr,7.0,0.0,0.0,45.14448683,0.0,6.0,36.06282742,0.2728578454070012,0.4,20552.0,0.18678848467546916,47985.96171312803,3838.8769370502428,3838.8769370502423
0,31807.0,51823.0,Other,,0.0,0.0,,7.0,0.0,34.44309217,0.3227177808841875,0.4,31807.0,0.18606585494864114,73977.45810439286,5918.196648351429,5918.196648351429
0,238104.0,43026.0,Mgr,3.0,0.0,1.0,206.6470786,3.0,49.0,41.27663712,0.205699835929271,0.4,238104.0,0.18094608861178668,538549.8435352606,43083.987482820856,43083.987482820856
0,207312.0,271738.0,ProfExe,4.0,0.0,0.0,228.8020074,0.0,32.0,32.68199935,0.05532663441077107,0.4,207312.0,0.11099593468627943,287634.8651460245,23010.78921168196,23010.78921168196
0,93309.0,137370.0,Other,12.0,0.0,0.0,70.02470469,0.0,36.0,41.86164685,0.1959479247112951,0.4,93309.0,0.17926906624385108,209092.71627684374,16727.4173021475,16727.4173021475
0,204292.0,268436.0,ProfExe,3.0,0.0,0.0,243.2954303,0.0,31.0,30.93897745,0.046861622053268354,0.4,204292.0,0.101895557700399,260205.59092162392,20816.447273729915,20816.44727372991
0,203680.0,270992.0,ProfExe,3.0,0.0,0.0,234.0239751,0.0,32.0,29.69634581,0.04455074079542941,0.4,203680.0,0.09920368699822145,252572.5870974718,20205.806967797744,20205.806967797744
1,124000.0,176000.0,Other,21.0,,,257.7,5.0,35.0,,0.08507154016667014,0.4,124000.0,0.13587893167114398,210612.34409027317,16848.987527221852,16848.987527221852
0,145908.0,190303.0,ProfExe,20.0,0.0,0.0,179.7192455,0.0,21.0,38.60076499,0.1191234943528614,0.4,145908.0,0.1553728503413758,283376.77309511823,22670.14184760946,22670.14184760946
0,89270.0,127834.0,Mgr,30.0,0.0,0.0,350.6195273,0.0,20.0,38.66907284,0.04367448944016494,0.4,89270.0,0.09815721142209229,109531.17829562724,8762.494263650178,8762.494263650178
0,94801.0,146627.0,Other,11.0,0.0,0.0,64.37879289,1.0,36.0,40.23487119,0.20583308453335003,0.4,94801.0,0.18096733132652001,214448.5497135678,17155.883977085425,17155.883977085425
0,36948.0,56236.0,Other,,0.0,0.0,,7.0,0.0,31.0580187,0.2743727813042679,0.4,36948.0,0.18682224360820743,86283.8532104506,6902.708256836048,6902.708256836048
1,233417.0,324987.0,ProfExe,4.0,0.0,0.0,152.2454279,0.0,25.0,21.86293891,0.04909256877260022,0.4,233417.0,0.10440534392056865,304624.77702384215,24369.982161907374,24369.98216190737
0,38010.0,59111.0,Other,,0.0,0.0,,6.0,0.0,31.33214149,0.25231419734321786,0.4,38010.0,0.1859416628058613,88345.53254063486,7067.642603250789,7067.642603250788
0,36974.0,54452.0,Other,,0.0,0.0,,7.0,0.0,31.16435392,0.27582133597571973,0.4,36974.0,0.18685099197004304,86357.85721375464,6908.628577100371,6908.628577100371
0,36661.0,53622.0,Other,,0.0,0.0,,6.0,0.0,32.01469166,0.2612113941531433,0.4,36661.0,0.18639951217123266,85419.9064463695,6833.59251570956,6833.592515709561
0,35287.0,56532.0,Other,,0.0,0.0,,7.0,0.0,32.6245319,0.2961835740651969,0.4,35287.0,0.18690416036883262,82441.08883668747,6595.287106934998,6595.287106934997
0,22431.0,42834.0,Mgr,6.0,0.0,0.0,50.41959435,0.0,6.0,33.41614827,0.23410103507986496,0.4,22431.0,0.18453731000904883,51741.95501016217,4139.356400812974,4139.356400812974
0,25867.0,43823.0,Mgr,6.0,0.0,0.0,56.12733917,0.0,6.0,33.67673955,0.2312553214797631,0.4,25867.0,0.18425778849380672,59577.45268711624,4766.196214969299,4766.196214969298
0,26662.0,70000.0,ProfExe,5.0,0.0,0.0,190.8,2.0,18.0,,0.1318445108944108,0.4,26662.0,0.16094121989720137,53637.68506123978,4291.014804899182,4291.014804899183
0,142395.0,195120.0,ProfExe,22.0,0.0,0.0,185.3593721,0.0,22.0,38.35509489,0.11031756478292114,0.4,142395.0,0.15102746697014646,268819.45199017506,21505.556159214004,21505.556159214004
0,35072.0,74829.0,ProfExe,4.0,1.0,0.0,195.5596417,2.0,18.0,23.01985524,0.10634062918708012,0.4,35072.0,0.14892006756638318,65286.55762110239,5222.924609688191,5222.924609688191
0,118040.0,164592.0,Other,,0.0,0.0,250.0032832,2.0,13.0,34.32228507,0.10298233600340384,0.4,118040.0,0.14706555411993893,216995.2251039699,17359.618008317593,17359.618008317593
0,38263.0,57311.0,Other,,0.0,0.0,,7.0,0.0,31.53665358,0.2809301319329754,0.4,38263.0,0.18692521205015633,89403.99235843915,7152.319388675132,7152.319388675131
0,86853.0,131508.0,Mgr,30.0,0.0,0.0,349.6943994,0.0,19.0,40.10703136,0.0492789390250336,0.4,86853.0,0.10461121508686032,113572.4732992385,9085.79786393908,9085.797863939079
0,204419.0,268745.0,ProfExe,4.0,0.0,0.0,267.920922,0.0,31.0,32.74759312,0.04558863821966479,0.4,204419.0,0.10042467101388196,256608.8852998342,20528.710823986734,20528.710823986738
0,141200.0,195729.0,ProfExe,23.0,0.0,0.0,182.7288948,0.0,22.0,37.40550958,0.10492385550064479,0.4,141200.0,0.14814625444368446,261478.13909310306,20918.251127448246,20918.251127448246
1,84978.0,125000.0,Self,10.0,0.0,1.0,213.0666667,0.0,64.0,,0.1199632615622066,0.4,84978.0,0.15576534716795193,165457.84589547775,13236.62767163822,13236.627671638218
0,18101.0,42320.0,Mgr,7.0,0.0,0.0,49.74620282,0.0,7.0,36.50100933,0.26887198262203066,0.4,18101.0,0.18668140309668124,42239.00096816284,3379.1200774530275,3379.120077453027
0,114350.0,164159.0,Other,,0.0,0.0,245.523255,3.0,13.0,37.0713328,0.13970295050282644,0.4,114350.0,0.1640042556836679,234423.58296784278,18753.886637427422,18753.886637427422
0,87683.0,131532.0,Mgr,32.0,0.0,0.0,351.025752,0.0,20.0,40.17865138,0.04745644363868211,0.4,87683.0,0.10257304888015176,112423.90806197932,8993.912644958345,8993.912644958347
1,397299.0,512650.0,ProfExe,4.0,0.0,0.0,197.5166839,0.0,21.0,43.45832742,0.15916390857163887,0.4,397299.0,0.17050299865580767,846758.3857869217,67740.67086295373,67740.67086295373
0,32590.0,58157.0,Other,,0.0,0.0,,6.0,0.0,33.01693102,0.2746378937086029,0.4,32590.0,0.18682776237437412,76108.95969726065,6088.716775780852,6088.716775780853
0,35447.0,59890.0,Other,,0.0,0.0,,7.0,0.0,31.17384352,0.2759508382238036,0.4,35447.0,0.18685339490579592,82792.40361532185,6623.392289225748,6623.392289225748
0,109378.0,163684.0,Other,,0.0,0.0,240.2328754,3.0,13.0,35.69154269,0.1323037326173269,0.4,109378.0,0.16112777482664345,220297.9219373576,17623.83375498861,17623.833754988606
0,35077.0,53120.0,Other,,0.0,0.0,,6.0,0.0,34.98501256,0.30221438847166215,0.4,35077.0,0.18679992924967703,81904.76397863652,6552.381118290921,6552.381118290921
1,125894.0,172184.0,Office,11.0,0.0,1.0,214.7311603,1.0,33.0,43.84754372,0.13503396604760565,0.4,125894.0,0.16221722998871568,255277.19940249217,20422.175952199374,20422.175952199374
1,111151.0,155000.0,ProfExe,12.0,0.0,0.0,137.9666667,0.0,40.0,,0.0839797406886261,0.4,111151.0,0.13511873955681902,187732.2877559999,15018.583020479991,15018.583020479991
0,34085.0,70596.0,ProfExe,3.0,0.0,0.0,195.3633838,2.0,18.0,25.59242395,0.07367136868578353,0.4,34085.0,0.12742770276246906,54292.16560823448,4343.373248658759,4343.373248658758
1,93378.0,145000.0,Sales,15.0,,2.0,368.7,1.0,27.0,,0.33812118494915644,0.4,93378.0,0.18515286668236317,216115.05481332136,17289.20438506571,17289.204385065706
0,36910.0,58338.0,Other,,0.0,0.0,,7.0,0.0,34.89158459,0.32945020551786763,0.4,36910.0,0.18570338769953043,85678.90049987086,6854.312039989669,6854.312039989668
0,35515.0,76591.0,ProfExe,6.0,0.0,0.0,203.7080546,1.0,17.0,22.43213209,0.050836682689442386,0.4,35515.0,0.10630984809386708,47194.92818817112,3775.5942550536897,3775.5942550536893
0,205922.0,267238.0,ProfExe,2.0,1.0,0.0,238.2114799,0.0,32.0,31.62284354,0.08586810700546836,0.4,205922.0,0.13642740245195717,351167.54459639906,28093.403567711925,28093.403567711925
0,202627.0,268857.0,ProfExe,3.0,0.0,0.0,248.1703603,0.0,31.0,31.85939856,0.04840652994508094,0.4,202627.0,0.10364254985755461,262509.736874834,21000.77894998672,21000.778949986718
1,68789.0,86172.0,Self,2.0,0.0,6.0,235.6379056,2.0,25.0,114.0505277,0.9997832287831544,0.4,68789.0,8.66456739493593e-05,74.50336581628095,5.960269265302476,5.960269265302477
0,96798.0,145550.0,Other,12.0,0.0,0.0,63.90167695,1.0,35.0,40.59485173,0.21302969611579228,0.4,96798.0,0.18205023797303285,220276.2366914204,17622.098935313632,17622.098935313636
0,111248.0,159739.0,Other,,0.0,0.0,260.0814842,2.0,13.0,36.39334812,0.1107979107992702,0.4,111248.0,0.15127569825309242,210363.9859907503,16829.118879260026,16829.118879260026
0,127000.0,190900.0,Mgr,,1.0,0.0,181.6333333,0.0,25.0,,0.15221913027550962,0.4,127000.0,0.16835049936824606,267256.4177470906,21380.513419767252,21380.51341976725
0,33388.0,71282.0,ProfExe,4.0,0.0,0.0,202.1125682,2.0,18.0,25.19652419,0.06879101409556741,0.4,33388.0,0.12343166272553968,51514.20443850399,4121.13635508032,4121.136355080319
0,141000.0,200300.0,ProfExe,5.0,0.0,0.0,145.6333333,0.0,31.0,,0.10150742860397269,0.4,141000.0,0.14622858360825172,257727.87860954364,20618.23028876349,20618.230288763494
0,141260.0,205493.0,ProfExe,5.0,0.0,0.0,148.1372394,0.0,31.0,34.3029739,0.09674208847948251,0.4,141260.0,0.1434265459616657,253255.42353181125,20260.4338825449,20260.433882544898
0,31687.0,76454.0,ProfExe,5.0,0.0,0.0,192.3516702,2.0,18.0,23.87340882,0.0663010017313134,0.4,31687.0,0.12129545192371496,48043.612313834456,3843.4889851067564,3843.488985106756
0,37200.0,51389.0,Other,,0.0,0.0,,6.0,0.0,32.77433102,0.27134884759650874,0.4,37200.0,0.18675107451059736,86839.24964742779,6947.139971794223,6947.139971794221
0,31214.0,58282.0,Other,,0.0,0.0,,7.0,0.0,34.22618958,0.3194877788203283,0.4,31214.0,0.18621901649405728,72658.0047605688,5812.640380845504,5812.640380845504
0,111412.0,166682.0,Other,,0.0,0.0,251.9567829,3.0,14.0,34.88341094,0.11627759612843495,0.4,111412.0,0.15401500544961033,214488.99733939982,17159.119787151987,17159.119787151987
0,201996.0,272874.0,ProfExe,3.0,0.0,0.0,249.8265925,0.0,32.0,31.42758245,0.0456204946631374,0.4,201996.0,0.10046183469428044,253661.1095113234,20292.888760905873,20292.888760905873
0,150044.0,202894.0,ProfExe,5.0,0.0,0.0,156.0339279,0.0,30.0,36.31140767,0.10711755238346927,0.4,150044.0,0.14933919695877568,280093.1308560317,22407.450468482537,22407.450468482537
0,58200.0,108000.0,Mgr,16.0,0.0,1.0,195.8333333,0.0,22.0,,0.168983182848654,0.4,58200.0,0.17325699009964707,126044.46029749325,10083.55682379946,10083.55682379946
1,24447.0,,Office,3.0,0.0,4.0,134.9,2.0,25.0,,0.6761285659885093,0.4,24447.0,0.11497747651780728,35135.679605385434,2810.8543684308347,2810.8543684308347
1,106000.0,160000.0,Other,24.0,0.0,6.0,240.4666667,0.0,33.0,,0.8602724642295675,0.4,106000.0,0.05319823174476426,70487.65706181266,5639.012564945013,5639.012564945012
1,290000.0,364000.0,ProfExe,0.3,0.0,0.0,126.8333333,6.0,32.0,,0.22007300156057857,0.4,290000.0,0.1829914889168891,663344.147323723,53067.53178589784,53067.53178589784
0,97759.0,139899.0,Other,11.0,0.0,0.0,62.85866966,1.0,36.0,41.78849218,0.22528791951816937,0.4,97759.0,0.1836159572125171,224376.40451423073,17950.112361138457,17950.11236113846
1,94083.0,132791.0,Self,10.0,0.0,1.0,212.992728,0.0,64.0,62.80173209,0.4789812012990444,0.4,94083.0,0.16548521931273585,194616.82360750157,15569.345888600126,15569.345888600128
0,204071.0,270794.0,ProfExe,3.0,0.0,0.0,230.3985765,0.0,32.0,31.36973939,0.050699458845263744,0.4,204071.0,0.10616177779717413,270806.751960589,21664.540156847124,21664.54015684712
0,33446.0,73289.0,ProfExe,5.0,0.0,0.0,180.847815,1.0,18.0,23.82041534,0.06220763994093019,0.4,33446.0,0.11762995914165864,49178.145168148934,3934.2516134519146,3934.2516134519146
0,67559.0,113024.0,Mgr,16.0,0.0,0.0,190.6766714,0.0,22.0,40.23960964,0.12095331444909313,0.4,67559.0,0.15622338331100963,131928.69441385625,10554.2955531085,10554.295553108499
0,93544.0,142231.0,Other,11.0,0.0,0.0,55.10985031,0.0,36.0,41.2954003,0.20497674576610855,0.4,93544.0,0.18083004270139935,211444.56893074626,16915.5655144597,16915.5655144597
0,128081.0,196037.0,Mgr,,0.0,0.0,197.8654921,0.0,24.0,32.56785691,0.07349991568351813,0.4,128081.0,0.12729141657900672,203795.14908569702,16303.611926855761,16303.61192685576
0,147457.0,210065.0,ProfExe,3.0,0.0,0.0,148.7331849,0.0,31.0,35.89492543,0.10764504756161747,0.4,147457.0,0.14962168667328554,275784.56314728333,22062.765051782666,22062.765051782666
0,92227.0,143087.0,Other,13.0,0.0,0.0,61.17833505,1.0,36.0,40.32954242,0.2077483941772843,0.4,92227.0,0.18126782678415787,208972.34826028158,16717.787860822526,16717.78786082253
0,93255.0,144457.0,Other,10.0,0.0,0.0,73.65685393,1.0,36.0,41.93949606,0.21724840931111314,0.4,93255.0,0.1826277552210821,212886.89141427513,17030.95131314201,17030.95131314201
0,31458.0,71821.0,ProfExe,4.0,0.0,0.0,191.9755584,2.0,17.0,24.98536247,0.07330474501861145,0.4,31458.0,0.12713592382271774,49993.02364518818,3999.4418916150544,3999.441891615055
0,136879.0,191860.0,Mgr,,1.0,0.0,185.3149451,0.0,25.0,35.05916323,0.15110254310979082,0.4,136879.0,0.16798775696536392,287424.9523207756,22993.996185662047,22993.996185662047
0,145590.0,209950.0,ProfExe,4.0,0.0,0.0,149.8811289,0.0,31.0,35.58278883,0.10433236606137031,0.4,145590.0,0.14781952096185083,269013.0507104483,21521.044056835864,21521.04405683586
1,,60000.0,Other,0.0,0.0,0.0,235.3666667,1.0,15.0,,0.10237856511309401,0.4,0.0,0.14672461846875492,0.0,0.0,0.0
0,33465.0,71449.0,ProfExe,6.0,0.0,0.0,172.767888,2.0,17.0,25.31284163,0.08205141789688536,0.4,33465.0,0.13375177997026363,55950.041458810905,4476.003316704872,4476.003316704872
1,119847.0,162365.0,ProfExe,13.0,0.0,0.0,149.8027955,0.0,39.0,47.91511242,0.17478596140024705,0.4,119847.0,0.17473484609415216,261768.08874807318,20941.447099845853,20941.447099845853
1,31976.0,,Office,2.0,0.0,3.0,134.543886,1.0,24.0,,0.46192170270204086,0.4,31976.0,0.16877260136132186,67458.40876412035,5396.672701129628,5396.672701129628
1,120006.0,160771.0,ProfExe,13.0,0.0,0.0,137.6353734,0.0,40.0,46.70158524,0.16995231048427523,0.4,120006.0,0.17351131421561825,260279.98467199353,20822.398773759483,20822.398773759483
0,198749.0,270751.0,ProfExe,4.0,0.0,0.0,245.8954444,0.0,32.0,29.62236869,0.04118447940310931,0.4,198749.0,0.0951018860506572,236267.55938352583,18901.404750682068,18901.404750682068
0,31836.0,54976.0,Other,,0.0,0.0,,6.0,0.0,33.45924564,0.2806979050960083,0.4,31836.0,0.18692274667173664,74385.9070380176,5950.872563041408,5950.872563041407
0,200731.0,269450.0,ProfExe,3.0,0.0,0.0,237.3442966,0.0,32.0,29.2944879,0.042589200370798976,0.4,200731.0,0.09684065011897092,242986.5067378894,19438.92053903115,19438.92053903115
0,36335.0,50704.0,Other,,0.0,0.0,,7.0,0.0,31.2443985,0.27691486377786206,0.4,36335.0,0.1868704239340676,84874.21067055433,6789.936853644346,6789.936853644346
1,399412.0,511164.0,ProfExe,5.0,0.0,0.0,181.9624008,0.0,21.0,43.73003185,0.17353047278640113,0.4,399412.0,0.1744241578779734,870838.7718294639,69667.10174635712,69667.10174635712
1,3372.0,41500.0,ProfExe,4.3,0.0,0.0,326.6666667,6.0,15.0,,0.11061981209465441,0.4,3372.0,0.15118381695219596,6372.39788453506,509.7918307628048,509.79183076280475
0,128996.0,195061.0,Mgr,,1.0,0.0,167.6645086,0.0,25.0,31.80559628,0.13659098606871678,0.4,128996.0,0.16282368621215482,262545.052832789,21003.604226623123,21003.604226623123
0,68135.0,108723.0,Mgr,15.0,0.0,1.0,193.6861891,0.0,22.0,38.57899271,0.21085575187746863,0.4,68135.0,0.18173628929649507,154782.52589020864,12382.602071216692,12382.602071216692
1,,62158.0,Other,0.0,0.0,0.0,238.8741292,1.0,14.0,1.028930968,0.011201334139851757,0.4,0.0,0.043229826487611575,0.0,0.0,0.0
0,27324.0,73924.0,ProfExe,6.0,0.0,0.0,190.3445745,1.0,18.0,25.05353353,0.06345848327963405,0.4,27324.0,0.11877105819278602,40566.25492574607,3245.300394059686,3245.3003940596855
0,148631.0,207976.0,ProfExe,6.0,0.0,0.0,151.2569462,0.0,31.0,35.43199305,0.10136664124327845,0.4,148631.0,0.14614795724565904,271526.46291724435,21722.11703337955,21722.11703337955
1,162000.0,235000.0,Mgr,10.0,3.0,4.0,77.1,0.0,21.0,,0.9643334904752469,0.4,162000.0,0.014039152706227132,28429.28423010994,2274.3427384087954,2274.3427384087954
0,30972.0,70545.0,ProfExe,3.0,0.0,0.0,197.4524289,2.0,17.0,25.36055735,0.0733121577325946,0.4,30972.0,0.12714183643624397,49222.96197629185,3937.836958103348,3937.836958103348
1,,50000.0,Other,7.0,0.0,0.0,51.76666667,0.0,14.0,,0.223861228863118,0.4,0.0,0.18345109956712197,0.0,0.0,0.0
0,132485.0,192838.0,Mgr,,1.0,0.0,176.1238814,0.0,24.0,31.7374782,0.1328899797937394,0.4,132485.0,0.1613645376388788,267229.7596135858,21378.380769086863,21378.38076908686
0,68117.0,117084.0,Mgr,15.0,0.0,0.0,198.0997869,0.0,21.0,40.2048745,0.11921139031855935,0.4,68117.0,0.1554141044826836,132329.281938087,10586.34255504696,10586.34255504696
0,134552.0,193455.0,Mgr,,0.0,0.0,185.1938366,0.0,25.0,33.2179617,0.0803407205994624,0.4,134552.0,0.1325124452490068,222872.68166430452,17829.814533144363,17829.814533144363
1,,44000.0,Other,,0.0,3.0,214.0333333,1.0,16.0,,0.561743558729845,0.4,0.0,0.14681118689809028,0.0,0.0,0.0
0,134586.0,193219.0,Mgr,,1.0,0.0,179.0693557,0.0,25.0,32.04113397,0.13064980610677127,0.4,134586.0,0.16045134896643645,269931.3156499602,21594.505251996816,21594.505251996816
0,146341.0,208296.0,ProfExe,5.0,0.0,0.0,139.4367339,0.0,31.0,35.4591605,0.10875251539198436,0.4,146341.0,0.1502093501237992,274772.3313308362,21981.7865064669,21981.786506466902
0,59360.0,117186.0,Mgr,16.0,0.0,1.0,203.1399683,0.0,22.0,40.13809045,0.21823018704730543,0.4,59360.0,0.18275624494720552,135605.1337508265,10848.41070006612,10848.410700066119
0,129611.0,191175.0,Mgr,,0.0,0.0,183.7992158,0.0,25.0,35.55248636,0.0936375237793243,0.4,129611.0,0.1415172471177602,229277.39895225022,18342.191916180018,18342.191916180018
1,76769.0,129000.0,Sales,30.0,0.0,0.0,286.3,2.0,35.0,,0.12850000056902025,0.4,76769.0,0.15955314443929988,153109.19181825765,12248.735345460613,12248.735345460613
0,134029.0,191990.0,Mgr,,1.0,0.0,178.7809596,0.0,24.0,34.52145025,0.15431195027048736,0.4,134029.0,0.16901777658544273,283166.0447246288,22653.283577970305,22653.283577970305
0,5118.0,62000.0,Office,,0.0,0.0,311.4333333,0.0,19.0,,0.02622275951137869,0.4,5118.0,0.07361932927630373,4709.796590451531,376.7837272361225,376.7837272361225
0,362000.0,465000.0,ProfExe,3.0,0.0,0.0,313.4666667,4.0,15.0,,0.09428058066320368,0.4,362000.0,0.14191833469871293,642180.464511676,51374.43716093408,51374.43716093408
1,147224.0,225000.0,Self,2.0,0.0,4.0,158.2,3.0,28.0,,0.8779119337016378,0.4,147224.0,0.046749938434907407,86033.91170176011,6882.712936140809,6882.712936140808
1,53543.0,,Other,3.5,1.0,8.0,159.3,2.0,39.0,,0.9912344857096521,0.4,53543.0,0.0034848470754961893,2332.3645870411556,186.58916696329246,186.58916696329246
1,4742.0,,Mgr,5.0,7.0,1.0,304.3666667,6.0,21.0,,0.9407889283145993,0.4,4742.0,0.02312969238661249,1371.0125162164552,109.68100129731641,109.68100129731643
1,120000.0,159000.0,Other,0.0,0.0,1.0,314.5,6.0,52.0,,0.11545762728574271,0.4,120000.0,0.1536157024425152,230423.55366377282,18433.884293101826,18433.884293101826
1,159000.0,225000.0,Self,5.0,0.0,0.0,6.133333333,8.0,3.0,,0.7179396366743548,0.4,159000.0,0.10194597073239949,202617.616830644,16209.409346451519,16209.409346451519
1,,850000.0,Other,17.0,0.0,0.0,186.6666667,1.0,24.0,,0.09921902085439145,0.4,0.0,0.14490194927987476,0.0,0.0,0.0
1,331000.0,415000.0,ProfExe,22.0,0.0,0.0,242.4666667,8.0,34.0,,0.13257388607192414,0.4,331000.0,0.16123707337253973,667118.3910788831,53369.47128631065,53369.47128631065
0,145351.0,208657.0,ProfExe,3.0,0.0,0.0,153.8265438,0.0,31.0,36.09992698,0.10610782384320835,0.4,145351.0,0.14879376018172105,270341.5229521667,21627.321836173334,21627.321836173338
0,129625.0,197722.0,Mgr,,0.0,0.0,178.7673936,0.0,25.0,33.19931059,0.08309556711237132,0.4,129625.0,0.13449585655571447,217925.3175754311,17434.02540603449,17434.02540603449
0,58784.0,115430.0,Mgr,17.0,0.0,1.0,183.5200567,0.0,22.0,39.38915656,0.22828060134138894,0.4,58784.0,0.1839473776794255,135164.53311884188,10813.16264950735,10813.162649507349
0,369874.0,467112.0,ProfExe,2.0,0.0,0.0,328.1988938,4.0,15.0,40.79992141,0.12592899868982924,0.4,369874.0,0.1584501701154374,732582.4777659662,58606.598221277294,58606.598221277294
0,33299.0,73380.0,ProfExe,4.0,0.0,0.0,184.5375891,1.0,18.0,24.37448111,0.06355657862402256,0.4,33299.0,0.1188597509884406,49473.88560205104,3957.9108481640837,3957.9108481640833
0,63131.0,109395.0,Mgr,14.0,0.0,0.0,198.4484187,0.0,21.0,39.55593621,0.1151221982930887,0.4,63131.0,0.1534513001346335,121094.17535999435,9687.534028799548,9687.534028799548
1,83786.0,131000.0,Office,34.0,,13.0,210.6,3.0,36.0,,0.999132300442372,0.4,83786.0,0.00034654774285836076,362.94811478913266,29.035849183130612,29.035849183130615
0,145423.0,203712.0,ProfExe,5.0,0.0,0.0,150.8043968,0.0,31.0,37.30801307,0.11461460168837229,0.4,145423.0,0.15320133915755885,278487.479303871,22278.99834430968,22278.99834430968
0,66895.0,113770.0,Mgr,14.0,0.0,0.0,188.1404168,0.0,22.0,38.08532813,0.10891294553973645,0.4,66895.0,0.15029387596192872,125673.86040591527,10053.908832473222,10053.908832473222
0,145127.0,205613.0,ProfExe,5.0,0.0,0.0,143.1288344,0.0,30.0,35.3375454,0.10805466381722931,0.4,145127.0,0.14983989649007387,271822.6832239369,21745.81465791495,21745.81465791495
0,362909.0,466731.0,ProfExe,4.0,0.0,0.0,305.8124192,4.0,14.0,42.93033947,0.16105835075651065,0.4,362909.0,0.17106006358980252,775990.4577163956,62079.23661731165,62079.236617311646
0,15024.0,65109.0,Office,,0.0,0.0,313.6709263,0.0,19.0,15.62993741,0.007090148501742359,0.4,15024.0,0.03179533086361105,5971.163136186155,477.6930508948924,477.6930508948924
0,14534.0,60000.0,Other,20.0,0.0,0.0,206.9666667,1.0,31.0,,0.07537691384058985,0.4,14534.0,0.12876778968207342,23393.88819049069,1871.511055239255,1871.511055239255
0,150283.0,208676.0,ProfExe,5.0,0.0,0.0,152.1022715,0.0,31.0,36.90999415,0.11112418380184767,0.4,150283.0,0.15144354796637582,284492.3839878857,22759.39071903086,22759.390719030856
0,11541.0,64714.0,Office,,1.0,0.0,298.6485317,0.0,19.0,16.5302805,0.014702303628547568,0.4,11541.0,0.051563413097289894,7438.666881947784,595.0933505558227,595.0933505558227
0,371003.0,467818.0,ProfExe,1.0,0.0,0.0,316.6044418,3.0,14.0,41.72389922,0.12914902321839156,0.4,371003.0,0.15982659552365674,741201.8302382904,59296.14641906323,59296.146419063225
0,127034.0,198587.0,Mgr,,1.0,0.0,186.5429439,0.0,25.0,35.40002128,0.1531696378529021,0.4,127034.0,0.16865558642080727,267812.4220672604,21424.993765380834,21424.99376538083
0,12064.0,66193.0,Office,,0.0,0.0,305.786099,0.0,18.0,12.93568769,0.006327774200511339,0.4,12064.0,0.029400311283249714,4433.566941514056,354.6853553211245,354.6853553211246
0,18760.0,69373.0,Other,19.0,0.0,0.0,211.6988199,1.0,31.0,39.92258688,0.10131552988214275,0.4,18760.0,0.14611865485077122,34264.82456250585,2741.185965000468,2741.185965000468
0,14719.0,69488.0,Office,,0.0,0.0,318.0554593,0.0,18.0,15.07801115,0.006809240463371147,0.4,14719.0,0.03092518355204851,5689.847208782525,455.187776702602,455.18777670260204
1,217000.0,290000.0,ProfExe,30.0,1.0,0.0,230.2666667,2.0,25.0,,0.134340338540682,0.4,217000.0,0.16194361488992892,439272.05538893223,35141.76443111458,35141.76443111458
0,149281.0,202877.0,ProfExe,4.0,0.0,0.0,156.783069,0.0,30.0,34.41651981,0.09556151235629018,0.4,149281.0,0.14270849676454708,266295.8388188544,21303.667105508353,21303.667105508353
0,64674.0,111877.0,Mgr,15.0,0.0,0.0,201.7363729,0.0,21.0,40.45600987,0.1187562669115369,0.4,64674.0,0.15520005282017538,125467.60270115027,10037.408216092022,10037.408216092022
0,129281.0,194500.0,Mgr,,1.0,0.0,197.4320691,0.0,25.0,32.51476871,0.12223655233584473,0.4,129281.0,0.1568095726195313,253406.2294728203,20272.498357825625,20272.498357825625
0,94600.0,151000.0,Other,15.0,,1.0,220.1333333,4.0,31.0,,0.20343579912890927,0.4,94600.0,0.18057838189230588,213533.9365876517,17082.714927012137,17082.714927012137
0,59463.0,112626.0,Mgr,16.0,0.0,0.0,210.2039695,0.0,22.0,40.4395557,0.11054294420291415,0.4,59463.0,0.15114410404449444,112343.52323497216,8987.481858797773,8987.481858797773
1,48400.0,99500.0,Other,3.0,1.0,1.0,203.8,2.0,38.0,,0.26408964726123935,0.4,48400.0,0.1865173508334862,112842.99725425914,9027.439780340732,9027.439780340732
0,99653.0,157923.0,Other,14.0,,1.0,213.4828743,3.0,30.0,40.90847995,0.26586537310717107,0.4,99653.0,0.1865828515437874,232419.26131116305,18593.540904893045,18593.540904893045
0,141705.0,207314.0,ProfExe,6.0,0.0,0.0,144.6224183,0.0,31.0,36.77626356,0.11394296962126052,0.4,141705.0,0.15286841312576188,270777.73102482606,21662.218481986085,21662.21848198609
1,42000.0,98000.0,ProfExe,12.0,0.0,0.0,222.2,0.0,23.0,,0.07600702031740565,0.4,42000.0,0.12925579556429748,67859.29267125617,5428.743413700494,5428.743413700494
0,362578.0,471827.0,ProfExe,1.0,0.0,0.0,292.135985,4.0,15.0,40.77205849,0.1519597779060659,0.4,362578.0,0.16826666468921936,762622.3843710972,61009.790749687774,61009.790749687774
0,,46000.0,Other,,6.0,,112.7960318,,20.0,,0.8711389162577171,0.4,0.0,0.049235449354907604,0.0,0.0,0.0
0,97536.0,158739.0,Other,13.0,,1.0,212.7744346,3.0,31.0,42.30190724,0.28244096172169203,0.4,97536.0,0.1869391631854492,227916.22775569969,18233.298220455974,18233.298220455974
0,,48319.0,Other,,5.0,,113.7989069,,20.0,29.04125341,0.7151324471577171,0.4,0.0,0.10284134567020833,0.0,0.0,0.0
0,,53078.0,Other,,6.0,,108.8701167,,20.0,26.98944023,0.8015650853232424,0.4,0.0,0.07405073530838395,0.0,0.0,0.0
0,365528.0,469694.0,ProfExe,3.0,0.0,0.0,304.9828841,3.0,15.0,43.36362433,0.1462382277396595,0.4,365528.0,0.1663515303824928,760076.7774706479,60806.14219765184,60806.14219765183
1,,44157.0,Other,,0.0,2.0,202.151546,0.0,15.0,34.90863172,0.3597786369103048,0.4,0.0,0.18338813538040577,0.0,0.0,0.0
0,59889.0,109250.0,Mgr,16.0,0.0,0.0,187.1328108,0.0,22.0,36.96881444,0.10102231438848334,0.4,59889.0,0.14595022444915215,109260.16240044091,8740.812992035273,8740.812992035273
0,12375.0,71029.0,Office,,0.0,0.0,325.2841932,0.0,19.0,16.10143414,0.006838160221263583,0.4,12375.0,0.031015411177163294,4797.696416467446,383.8157133173957,383.81571331739576
1,,854112.0,Other,16.0,0.0,0.0,180.6088782,0.0,23.0,42.07164538,0.14421380621745034,0.4,0.0,0.16564307411756543,0.0,0.0,0.0
1,,854114.0,Other,18.0,0.0,0.0,189.0993782,1.0,23.0,43.25877898,0.16368742988468873,0.4,0.0,0.1718124620427422,0.0,0.0,0.0
1,147416.0,227168.0,Self,2.0,0.0,4.0,157.6682359,3.0,28.0,,0.8782484550552268,0.4,147416.0,0.04662613670403424,85917.9821045239,6873.438568361911,6873.438568361911
0,5143.0,67205.0,Office,,0.0,0.0,317.924784,0.0,18.0,14.85334107,0.00671137646032258,0.4,5143.0,0.03061873255236899,1968.4017689604214,157.47214151683372,157.47214151683372
0,363737.0,469748.0,ProfExe,4.0,0.0,0.0,327.7437552,4.0,14.0,43.80929207,0.1518743273426485,0.4,363737.0,0.16823898753563898,764934.3076156339,61194.744609250716,61194.744609250716
1,9999.0,50681.0,ProfExe,3.0,0.0,0.0,326.0679857,5.0,15.0,12.38674131,0.02319933854791956,0.4,9999.0,0.06843607006096712,8553.653306745127,684.2922645396102,684.2922645396103
0,21314.0,68047.0,Other,21.0,0.0,0.0,209.8976942,1.0,30.0,39.94638535,0.10328775516150172,0.4,21314.0,0.14723713286827975,39227.65312443143,3138.212249954515,3138.2122499545144
1,140000.0,,ProfExe,25.0,2.0,1.0,311.4333333,1.0,15.0,,0.3021074753306178,0.4,140000.0,0.18680223382563724,326903.9091948652,26152.312735589217,26152.312735589214
1,65889.0,125000.0,Other,10.0,0.0,0.0,102.5,1.0,13.0,,0.1964907683622786,0.4,65889.0,0.17936890274689962,147730.47041363086,11818.437633090469,11818.437633090469
1,102000.0,165000.0,Office,12.0,1.0,1.0,237.3666667,0.0,19.0,,0.13749250364107637,0.4,102000.0,0.16316998024794738,208041.72481613292,16643.337985290633,16643.337985290633
0,17852.0,65877.0,Other,18.0,0.0,0.0,201.4302702,1.0,30.0,43.19519357,0.1336959165907035,0.4,17852.0,0.1616874866465575,36080.5626451793,2886.445011614344,2886.4450116143444
0,21137.0,65676.0,Other,21.0,0.0,0.0,194.3463245,1.0,31.0,43.20591058,0.1335953001203642,0.4,21137.0,0.16164732819298336,42709.24470018862,3416.7395760150894,3416.7395760150894
0,,55578.0,Other,,6.0,,115.8781891,,20.0,28.23841231,0.8084541718465104,0.4,0.0,0.07165450266636145,0.0,0.0,0.0
0,21393.0,68111.0,Other,19.0,0.0,0.0,208.5229244,0.0,30.0,39.75171656,0.09235923932510427,0.4,21393.0,0.14071107304141406,37627.89981968714,3010.231985574971,3010.231985574971
0,21427.0,61457.0,Other,19.0,0.0,0.0,183.4818117,1.0,30.0,39.86473881,0.11952550623335349,0.4,21427.0,0.15556120495129697,41665.124231143,3333.2099384914404,3333.20993849144
0,367089.0,469771.0,ProfExe,3.0,0.0,0.0,310.0515235,4.0,14.0,42.60364087,0.15565807790088892,0.4,367089.0,0.16943840245998656,777487.1715079251,62198.973720634014,62198.97372063401
0,22434.0,65893.0,Other,18.0,0.0,0.0,205.5336428,1.0,31.0,43.22866458,0.12858247887400778,0.4,22434.0,0.159588005206189,44752.466359945545,3580.1973087956435,3580.197308795644
1,220757.0,297444.0,ProfExe,30.0,0.0,0.0,237.5898022,1.0,25.0,44.47109904,0.1224371078868754,0.4,220757.0,0.1569004306968452,432960.8547417932,34636.868379343454,34636.868379343454
0,9898.0,65778.0,Office,,0.0,0.0,318.2554619,0.0,18.0,15.65288079,0.007071722535098511,0.4,9898.0,0.03173867673835152,3926.867779452542,314.1494223562034,314.14942235620333
0,104027.0,158425.0,Other,14.0,,0.0,224.6013756,3.0,31.0,42.68375126,0.14540532535486117,0.4,104027.0,0.16606204327093455,215936.70219181885,17274.93617534551,17274.93617534551
0,13284.0,64273.0,Office,,0.0,0.0,310.3983225,0.0,19.0,15.24961301,0.0070435912468567435,0.4,13284.0,0.03165206881606782,5255.826026908062,420.46608215264496,420.46608215264496
0,114000.0,174000.0,Self,12.0,0.0,0.0,183.4333333,0.0,5.0,,0.21968543832407847,0.4,114000.0,0.1829426541928804,260693.28222485454,20855.462577988365,20855.462577988365
0,22446.0,66485.0,Other,17.0,0.0,0.0,204.2036332,0.0,30.0,41.15627594,0.10433369842221522,0.4,22446.0,0.14782025939857288,41474.669280754584,3317.973542460367,3317.973542460367
0,9330.0,67950.0,Office,,0.0,0.0,305.7031533,0.0,19.0,12.84600617,0.006150774714067737,0.4,9330.0,0.028828496451703718,3362.123398679946,268.9698718943957,268.9698718943957
0,7382.0,71331.0,Office,,0.0,0.0,321.7808575,0.0,19.0,16.54506284,0.00719348056831311,0.4,7382.0,0.03211196874989352,2963.1319163964245,237.05055331171397,237.05055331171397
1,9133.0,44083.0,ProfExe,5.0,0.0,0.0,333.9133736,5.0,15.0,13.41782225,0.023435007655130773,0.4,9133.0,0.06885311171532024,7860.443366200247,628.8354692960197,628.8354692960198
0,6929.0,67573.0,Office,,0.0,0.0,299.3808919,0.0,19.0,14.04201152,0.006923173516464951,0.4,6929.0,0.03127978125072919,2709.220053578782,216.73760428630257,216.73760428630254
0,100919.0,158981.0,Other,14.0,,1.0,221.1178184,4.0,30.0,42.58161533,0.30702680350207234,0.4,100919.0,0.18667941914262076,235493.75375567682,18839.500300454147,18839.500300454143
0,8117.0,66731.0,Office,,0.0,0.0,315.2548189,0.0,19.0,13.31235591,0.006002172273253271,0.4,8117.0,0.02834352231832335,2875.804633222883,230.06437065783064,230.06437065783064
0,101731.0,155688.0,Other,14.0,,1.0,235.352057,3.0,30.0,43.18142449,0.2709692581858964,0.4,101731.0,0.18674106593683532,237466.94223525244,18997.355378820197,18997.355378820193
0,122372.0,175968.0,Self,13.0,0.0,0.0,160.7297557,0.0,4.0,39.46919961,0.3094068091644653,0.4,122372.0,0.18660783185723784,285444.67000042385,22835.57360003391,22835.57360003391
0,18388.0,64896.0,Other,20.0,0.0,0.0,207.0664633,0.0,31.0,40.77787713,0.09654455099894214,0.4,18388.0,0.14330707487337158,32939.13115964446,2635.130492771557,2635.1304927715564
0,13356.0,64852.0,Office,,0.0,0.0,320.3105483,0.0,19.0,15.60459962,0.006807405971685045,0.4,13356.0,0.0309194549916247,5162.003010851744,412.9602408681395,412.9602408681395
0,8482.0,64282.0,Office,,0.0,0.0,312.1176895,0.0,19.0,16.35364258,0.00751497199321543,0.4,8482.0,0.03308570026203166,3507.9113702819072,280.6329096225526,280.6329096225526
0,120310.0,178938.0,Self,10.0,0.0,0.0,196.2815792,0.0,5.0,40.16548813,0.27531185626377497,0.4,120310.0,0.1868412725854383,280985.9188094261,22478.873504754087,22478.873504754083
1,217036.0,291222.0,ProfExe,30.0,0.0,0.0,228.1464583,1.0,25.0,43.7894993,0.12343573507475328,0.4,217036.0,0.1573498232053054,426882.2028648333,34150.57622918666,34150.57622918666
0,367917.0,466755.0,ProfExe,3.0,0.0,0.0,312.3063392,4.0,15.0,42.62357404,0.15112870996312397,0.4,367917.0,0.1679963117979223,772608.7380969522,61808.69904775618,61808.69904775618
0,15635.0,60925.0,Other,19.0,0.0,0.0,212.1152801,0.0,30.0,40.46067582,0.09466432468848107,0.4,15635.0,0.14215627386478533,27782.666773448982,2222.6133418759186,2222.6133418759186
0,18824.0,63487.0,Other,22.0,0.0,0.0,212.2548894,0.0,30.0,41.24673596,0.09746967162970634,0.4,18824.0,0.14386427018397605,33851.262774289564,2708.101021943165,2708.101021943165
0,,53434.0,Other,,5.0,,113.7376908,,20.0,29.61653289,0.7231425058013173,0.4,0.0,0.1002789891455386,0.0,0.0,0.0
1,,45924.0,Other,,1.0,1.0,207.3007302,0.0,17.0,33.67894598,0.2813175524940903,0.4,0.0,0.18692913427473018,0.0,0.0,0.0
1,217840.0,299171.0,ProfExe,31.0,0.0,0.0,232.2700678,1.0,24.0,43.1146909,0.11766767432259805,0.4,217840.0,0.154683636399542,421203.54191595287,33696.28335327623,33696.28335327623
0,,48908.0,Other,,5.0,,123.4028599,,19.0,28.19235324,0.6960576479621077,0.4,0.0,0.10884875779292941,0.0,0.0,0.0
0,119351.0,179347.0,Self,13.0,0.0,0.0,178.9515394,0.0,4.0,37.98046402,0.2665287057153937,0.4,119351.0,0.18660592389221534,278395.0452807474,22271.603622459792,22271.603622459792
0,,51496.0,Other,,6.0,,109.2705596,,20.0,26.62587935,0.7972027837989157,0.4,0.0,0.07556079221062638,0.0,0.0,0.0
0,,46571.0,Other,,5.0,,108.5866326,,19.0,29.37129987,0.7304119212457969,0.4,0.0,0.09793380516483606,0.0,0.0,0.0
1,,855909.0,Other,16.0,0.0,0.0,196.4036364,0.0,23.0,42.98540838,0.1404362531240755,0.4,0.0,0.16427643216611001,0.0,0.0,0.0
0,5137.0,67256.0,Office,,0.0,0.0,306.9953711,0.0,18.0,16.67867641,0.00809871053765537,0.4,5137.0,0.03481184257868915,2235.355441584077,178.82843532672618,178.82843532672615
0,,48535.0,Other,,6.0,,95.71980545,,19.0,26.98118298,0.8170054636520585,0.4,0.0,0.06866078410803578,0.0,0.0,0.0
0,5884.0,64890.0,Office,,0.0,0.0,309.8275477,0.0,19.0,16.16045086,0.00751751284209079,0.4,5884.0,0.03309332875707347,2434.0143300827535,194.72114640662028,194.7211464066203
0,,54046.0,Other,,5.0,,113.1043563,,19.0,29.99790497,0.7335700912251021,0.4,0.0,0.09690917773101018,0.0,0.0,0.0
0,5149.0,67021.0,Office,,0.0,0.0,317.4093049,0.0,18.0,16.14568887,0.007348466306824054,0.4,5149.0,0.03258351432009508,2097.15644042712,167.7725152341696,167.7725152341696
0,120527.0,174003.0,Self,13.0,0.0,0.0,167.2083664,0.0,4.0,39.28934898,0.29870397834124846,0.4,120527.0,0.18686701678994844,281531.51165802643,22522.520932642114,22522.520932642114
0,,50760.0,Other,,5.0,,116.4370353,,19.0,26.07043469,0.6736676769363686,0.4,0.0,0.11572342561200784,0.0,0.0,0.0
1,68600.0,125000.0,Self,5.0,0.0,2.0,92.3,0.0,23.0,,0.6184182002040384,0.4,68600.0,0.13179997196424892,113018.47595934346,9041.478076747477,9041.478076747475
1,55604.0,101916.0,Other,3.0,0.0,1.0,194.2349529,2.0,37.0,43.33855659,0.2782032043319074,0.4,55604.0,0.18689082817116986,129898.47012037161,10391.87760962973,10391.87760962973
0,,51165.0,Other,,5.0,,130.4969829,,19.0,27.10511582,0.6709286234008277,0.4,0.0,0.11655083068701373,0.0,0.0,0.0
0,100564.0,154708.0,Other,14.0,,0.0,253.914111,3.0,30.0,43.90215236,0.1372600310007611,0.4,100564.0,0.16308101957851845,205000.99566117662,16400.079652894132,16400.07965289413
1,67272.0,130818.0,Other,9.0,0.0,0.0,112.5918505,0.0,12.0,43.68096501,0.2751405806719169,0.4,67272.0,0.18683790977679315,157111.99833130537,12568.95986650443,12568.959866504429
0,,50696.0,Other,,5.0,,128.6563934,,20.0,28.18713999,0.684443910449732,0.4,0.0,0.11243911471519592,0.0,0.0,0.0
0,95410.0,157649.0,Other,16.0,,1.0,216.1010462,4.0,31.0,40.48351525,0.27600880783457604,0.4,95410.0,0.18685446167586464,222847.30235617806,17827.784188494246,17827.784188494246
1,47321.0,115000.0,Other,,0.0,1.0,130.3,0.0,22.0,,0.2492137594719936,0.4,47321.0,0.18574794711596065,109872.23256842968,8789.778605474376,8789.778605474374
0,,76673.0,Office,11.0,0.0,0.0,297.3,0.0,13.0,,0.03164708262628831,0.4,0.0,0.08211824527443695,0.0,0.0,0.0
0,87000.0,151000.0,Other,16.0,0.0,0.0,223.2,8.0,19.0,,0.20212232153401308,0.4,87000.0,0.18035914589218152,196140.57115774738,15691.245692619792,15691.245692619792
1,67552.0,128659.0,Other,10.0,0.0,0.0,83.32311342,0.0,13.0,43.87407943,0.30741044442558674,0.4,67552.0,0.18666841166406392,157622.80680913557,12609.824544730845,12609.824544730845
0,89427.0,157731.0,Other,17.0,0.0,0.0,209.7670286,8.0,18.0,39.16706289,0.27211529912104865,0.4,89427.0,0.1867705497065829,208779.12435763236,16702.32994861059,16702.32994861059
0,118247.0,174711.0,Self,11.0,0.0,0.0,170.6522245,0.0,5.0,37.73075139,0.27100925841357004,0.4,118247.0,0.1867421319852286,276021.21101071656,22081.696880857326,22081.696880857326
1,,50800.0,ProfExe,13.0,3.0,2.0,97.4,4.0,46.0,,0.828079670915926,0.4,0.0,0.064752598454431,0.0,0.0,0.0
1,52720.0,115224.0,Other,,0.0,1.0,126.1165183,0.0,21.0,,0.25823406204885246,0.4,52720.0,0.18626221495367848,122746.79965447412,9819.74397235793,9819.74397235793
0,,86132.0,Office,10.0,0.0,0.0,301.925688,0.0,13.0,33.91473806,0.0291269301158226,0.4,0.0,0.07828644143722394,0.0,0.0,0.0
0,117227.0,174882.0,Self,12.0,0.0,0.0,195.6411868,0.0,5.0,40.62161928,0.2795687482157891,0.4,117227.0,0.18690953424405524,273885.5496353483,21910.843970827867,21910.843970827864
1,39800.0,41600.0,Other,,0.0,0.0,111.6,1.0,3.0,,0.22926330330051417,0.4,39800.0,0.18405200247454043,91565.87123108387,7325.26969848671,7325.269698486709
0,120636.0,178823.0,Self,11.0,0.0,0.0,188.0436192,0.0,3.0,40.91514127,0.30386520077798496,0.4,120636.0,0.18676227832733178,281628.17760369997,22530.254208296,22530.254208295995
0,,81114.0,Office,10.0,0.0,0.0,295.7343915,0.0,12.0,33.415153,0.029853401904523312,0.4,0.0,0.0794107619566547,0.0,0.0,0.0
0,91672.0,158953.0,Other,16.0,0.0,0.0,221.1323632,8.0,19.0,38.10922752,0.24242664344313206,0.4,91672.0,0.18526000000953136,212289.43401092198,16983.154720873757,16983.154720873757
1,192677.0,268000.0,Mgr,15.0,0.0,0.0,165.1,2.0,20.0,,0.13220984574656286,0.4,192677.0,0.16108971233839492,387978.53130281146,31038.282504224917,31038.282504224917
0,39000.0,99820.0,Self,9.0,0.0,0.0,203.8,3.0,36.0,,0.15707305278023462,0.4,39000.0,0.16987340678679486,82813.2858085625,6625.062864685001,6625.062864684999
1,164411.0,235500.0,Office,17.0,0.0,1.0,181.9333333,3.0,48.0,,0.08343507055051656,0.4,164411.0,0.1347358045502188,276900.6045238253,22152.04836190602,22152.048361906025
1,159500.0,230000.0,Office,3.0,0.0,0.0,,0.0,0.0,,0.08834641519485477,0.4,159500.0,0.13810132271948014,275339.5121719635,22027.160973757083,22027.160973757083
0,42437.0,109553.0,Self,10.0,0.0,0.0,206.7140756,2.0,35.0,40.14252106,0.1894655647414432,0.4,42437.0,0.17801548724526925,94430.54040284363,7554.443232227491,7554.4432322274915
0,48062.0,107824.0,Self,9.0,0.0,0.0,203.6866984,2.0,35.0,41.5263174,0.20846431674977609,0.4,48062.0,0.18137783654944944,108967.26975299549,8717.381580239638,8717.381580239638
0,,83607.0,Office,10.0,0.0,0.0,298.4308481,0.0,12.0,32.40868613,0.027495799933308723,0.4,0.0,0.07570029812190295,0.0,0.0,0.0
0,95847.0,152789.0,Other,16.0,0.0,0.0,230.0672773,8.0,18.0,38.95925288,0.24763616628354995,0.4,95847.0,0.18564242376234125,222415.867379364,17793.26939034912,17793.26939034912
0,,76836.0,Office,11.0,0.0,0.0,290.6493233,0.0,13.0,34.1468927,0.031344503980228935,0.4,0.0,0.08166815071234686,0.0,0.0,0.0
0,39364.0,108232.0,Self,9.0,0.0,0.0,199.3332859,2.0,35.0,40.18942197,0.19784821428800156,0.4,39364.0,0.1796151481648982,88379.63365453816,7070.370692363053,7070.370692363053
0,,86652.0,Office,7.0,0.0,0.0,304.0581023,0.0,13.0,31.57129492,0.02511981262668205,0.4,0.0,0.07176927868713867,0.0,0.0,0.0
0,93909.0,154158.0,Other,14.0,0.0,0.0,227.2282602,8.0,19.0,41.33812472,0.2806627532043059,0.4,93909.0,0.18692236601462062,219421.15587583758,17553.692470067006,17553.692470067006
1,47354.0,119244.0,Other,,0.0,1.0,128.0510907,0.0,21.0,,0.25604958740561684,0.4,47354.0,0.18615136862144002,110187.64887124588,8815.011909699671,8815.011909699671
0,95377.0,157273.0,Other,16.0,0.0,0.0,236.3026595,8.0,18.0,39.10304524,0.24263331739077607,0.4,95377.0,0.18527617768103735,220888.57498355373,17671.0859986843,17671.0859986843
0,41392.0,106075.0,Self,8.0,0.0,0.0,203.0888209,2.0,35.0,38.63382732,0.17925427829144686,0.4,41392.0,0.1758010914034168,90959.48469212785,7276.758775370228,7276.758775370228
0,93127.0,159179.0,Other,16.0,0.0,0.0,216.0086204,8.0,19.0,38.12822804,0.2482747112489148,0.4,93127.0,0.18568570478137505,216154.40786468892,17292.352629175115,17292.352629175115
0,33300.0,60000.0,Office,5.0,1.0,,193.3666667,1.0,16.0,,0.10764708870468678,0.4,33300.0,0.1496227765178495,62280.48072555485,4982.438458044388,4982.438458044388
0,47476.0,105332.0,Self,9.0,0.0,0.0,194.1389185,3.0,36.0,40.65343467,0.22656272657552382,0.4,47476.0,0.18375950347177558,109052.07733532522,8724.166186826018,8724.166186826018
0,33903.0,68995.0,Office,6.0,0.0,,204.4521171,1.0,16.0,30.99923613,0.04572396925021396,0.4,33903.0,0.10058242105932176,42625.57276467732,3410.045821174186,3410.0458211741857
0,41260.0,102771.0,Self,8.0,0.0,0.0,192.2261774,3.0,35.0,41.21871452,0.24083016638269195,0.4,41260.0,0.18513219518515092,95481.92966674159,7638.554373339328,7638.554373339327
0,40694.0,69777.0,Office,3.0,1.0,,205.1048824,0.0,16.0,30.21490434,0.06779903004618082,0.4,40694.0,0.12258880322331667,62357.85947962061,4988.6287583696485,4988.6287583696485
0,40724.0,102546.0,Self,6.0,0.0,0.0,211.4493138,1.0,36.0,39.03767909,0.1564437527248912,0.4,40724.0,0.16968083893905575,86376.03106192633,6910.082484954107,6910.082484954107
1,247500.0,,Other,0.0,0.0,4.0,160.3333333,2.0,25.0,,0.7905040086363682,0.4,247500.0,0.07786850640452139,240905.69168898807,19272.455335119044,19272.455335119044
1,9000.0,55000.0,Other,3.0,0.0,0.0,,0.0,0.0,,0.16627174743576503,0.4,9000.0,0.17252907719131652,19409.52118402311,1552.7616947218487,1552.7616947218487
0,44462.0,102203.0,Self,8.0,0.0,0.0,207.5640502,3.0,37.0,40.30286769,0.2063303397738224,0.4,44462.0,0.18104621608273172,100620.96074338022,8049.676859470417,8049.676859470418
0,45455.0,102971.0,Self,9.0,0.0,0.0,197.9633093,2.0,36.0,42.06427923,0.21643936596696153,0.4,45455.0,0.18252020742166608,103705.7003543979,8296.456028351831,8296.456028351831
0,43689.0,104139.0,Self,9.0,0.0,0.0,219.4172391,2.0,35.0,38.55938906,0.16384812300212886,0.4,43689.0,0.17185768014248243,93853.62734681144,7508.290187744915,7508.290187744915
1,69400.0,163000.0,Other,1.3,0.0,1.0,103.1333333,,13.0,,0.36251879391719893,0.4,69400.0,0.18312704623353201,158862.71260758903,12709.017008607123,12709.017008607121
1,235000.0,295000.0,Mgr,6.0,0.0,1.0,110.5666667,8.0,23.0,,0.5041749755590594,0.4,235000.0,0.16025757368058954,470756.6226867318,37660.52981493854,37660.52981493854
1,220528.0,300900.0,Self,5.0,0.0,0.0,0.0,0.0,2.0,,0.4833950324074455,0.4,220528.0,0.16460071927912365,453738.3427648322,36299.06742118658,36299.06742118658
1,202601.0,288000.0,ProfExe,3.0,1.0,1.0,160.6666667,2.0,30.0,,0.35591446065566773,0.4,202601.0,0.18374225407775024,465329.55523007846,37226.36441840628,37226.36441840628
0,,82200.0,Other,,0.0,0.0,342.8666667,0.0,7.0,,0.057124277590286626,0.4,0.0,0.112789995793886,0.0,0.0,0.0
0,,78703.0,Self,10.0,0.0,0.0,179.5666667,1.0,22.0,,0.1842274180105506,0.4,0.0,0.1769172581681323,0.0,0.0,0.0
0,44000.0,59000.0,Office,12.0,0.0,1.0,102.5,2.0,26.0,,0.17929371761254803,0.4,44000.0,0.17581023206488144,96695.6276356848,7735.650210854784,7735.650210854784
0,174900.0,250000.0,ProfExe,5.5,0.0,0.0,235.4333333,2.0,33.0,,0.07615965366233844,0.4,174900.0,0.12937344039649146,282842.68406682945,22627.414725346356,22627.414725346356
1,38000.0,,ProfExe,26.0,7.0,6.0,150.2,0.0,25.0,,0.9986696215094785,0.4,38000.0,0.0005311132282032283,252.2787833965334,20.182302671722674,20.182302671722674
1,26976.0,,Mgr,8.3,1.0,0.0,111.6,1.0,6.0,,0.32204353207437403,0.4,26976.0,0.1860989499767556,62752.56593216199,5020.205274572959,5020.205274572959
1,106000.0,,Mgr,0.8,0.0,2.0,252.6333333,3.0,32.0,,0.29565745317730224,0.4,106000.0,0.18691073884227913,247656.72896601981,19812.538317281585,19812.53831728159
1,167000.0,245000.0,Self,22.0,1.0,7.0,267.9,2.0,24.0,,0.983652380887004,0.4,167000.0,0.006478923372449996,13524.752539989368,1081.9802031991494,1081.9802031991494
1,80286.0,145000.0,Other,12.0,,1.0,178.7665994,0.0,35.0,,0.15168446344330397,0.4,80286.0,0.16817739248543237,168778.6266635678,13502.290133085424,13502.290133085424
1,160000.0,235000.0,ProfExe,0.3,0.0,0.0,184.7,0.0,41.0,,0.06859769806712504,0.4,160000.0,0.1232682449540325,246536.48990806504,19722.919192645204,19722.9191926452
1,30338.0,,Mgr,8.0,0.0,0.0,91.43100485,0.0,5.0,35.08400094,0.21339303977280563,0.4,30338.0,0.18210161628296176,69057.48543490618,5524.598834792494,5524.598834792494
0,35910.0,64042.0,Office,4.0,0.0,,187.3935802,1.0,16.0,30.42924665,0.04913880505873753,0.4,35910.0,0.10445647163649813,46887.8987058331,3751.0318964666476,3751.0318964666476
0,,85756.0,Other,,0.0,0.0,348.7860099,0.0,6.0,23.21980601,0.026301866885919067,0.4,0.0,0.07375030897240567,0.0,0.0,0.0
0,48370.0,106233.0,Self,8.0,0.0,0.0,193.6509051,3.0,36.0,39.93534357,0.21974774229187694,0.4,48370.0,0.18295052767974468,110616.46279836562,8849.317023869251,8849.317023869251
1,256431.0,,Other,0.0,0.0,4.0,142.343205,2.0,25.0,3.342569837,0.3275678088227957,0.4,256431.0,0.18581054572372346,595594.8006310016,47647.58405048013,47647.58405048013
0,,85567.0,Other,,0.0,0.0,351.1856524,0.0,6.0,24.08456584,0.02747622052698772,0.4,0.0,0.07566871830759037,0.0,0.0,0.0
1,34668.0,,Mgr,7.0,1.0,0.0,117.6825478,1.0,5.0,36.72448606,0.34939864538418414,0.4,34668.0,0.18430138710505112,79867.00610197391,6389.360488157913,6389.360488157912
1,197770.0,271676.0,Mgr,16.0,0.0,0.0,146.8625413,1.0,20.0,42.9265802,0.20382245565575863,0.4,197770.0,0.1806420891930175,446569.82474628836,35725.58597970307,35725.58597970307
0,46670.0,102264.0,Self,9.0,0.0,0.0,211.2358604,3.0,35.0,38.68051971,0.19142951106413938,0.4,46670.0,0.17840738876747927,104078.41042222822,8326.272833778257,8326.272833778257
0,,88313.0,Other,,0.0,0.0,344.4097766,0.0,7.0,22.16959631,0.02459652757537077,0.4,0.0,0.07087551889822605,0.0,0.0,0.0
0,53992.0,63772.0,Office,12.0,0.0,1.0,98.82239648,2.0,25.0,40.42570434,0.25033853165841247,0.4,53992.0,0.18582030640719183,125410.12479421376,10032.809983537101,10032.809983537101
1,168561.0,244322.0,Office,16.0,0.0,1.0,184.5232854,3.0,47.0,47.41737605,0.1787533727911259,0.4,168561.0,0.17568459137929465,370169.6300935661,29613.570407485287,29613.570407485287
0,43635.0,104114.0,Self,10.0,0.0,0.0,224.4829394,3.0,35.0,40.8514441,0.20139279082881192,0.4,43635.0,0.18023548430982098,98307.19197323798,7864.575357859038,7864.575357859038
0,53024.0,65024.0,Office,12.0,0.0,0.0,103.1857617,1.0,25.0,40.86786973,0.11785371592420493,0.4,53024.0,0.15477233783812494,102583.10551910922,8206.648441528738,8206.648441528738
0,40140.0,103789.0,Self,9.0,0.0,0.0,208.7665748,3.0,35.0,40.01526267,0.20833790022764279,0.4,40140.0,0.18135850215101612,90996.62845427234,7279.730276341787,7279.730276341787
1,70318.0,172288.0,Other,0.0,0.0,1.0,106.2010986,,13.0,25.84526388,0.23325874200527927,0.4,70318.0,0.18445633285369964,162132.50517008064,12970.600413606451,12970.600413606451
0,178073.0,255435.0,ProfExe,5.0,0.0,0.0,238.1770546,1.0,33.0,37.50148945,0.0786334549454724,0.4,178073.0,0.13124989659380437,292150.78545185656,23372.062836148525,23372.062836148525
0,,83365.0,Self,9.0,0.0,0.0,190.229251,0.0,21.0,25.65597685,0.0925430964086441,0.4,0.0,0.14082775961933977,0.0,0.0,0.0
0,,86207.0,Self,9.0,0.0,0.0,167.8236105,0.0,21.0,26.65051224,0.110800887163504,0.4,0.0,0.15127723220522338,0.0,0.0,0.0
0,48667.0,63130.0,Office,12.0,0.0,1.0,97.97218322,1.0,26.0,40.02592041,0.2184898050465337,0.4,48667.0,0.1827898536961343,111197.9226228721,8895.833809829768,8895.833809829768
0,44992.0,108486.0,Self,6.0,0.0,0.0,204.9624883,2.0,36.0,40.771305,0.19850359383981173,0.4,44992.0,0.17973230407351953,101081.44781094739,8086.515824875791,8086.515824875791
0,,91305.0,Other,,0.0,0.0,344.9541782,0.0,7.0,23.51912852,0.026823796657922522,0.4,0.0,0.07460888444342567,0.0,0.0,0.0
0,,85196.0,Other,,0.0,0.0,351.4508781,0.0,6.0,21.59548,0.02324435523250175,0.4,0.0,0.06851591064169123,0.0,0.0,0.0
0,42541.0,68483.0,Office,5.0,1.0,,181.3903357,1.0,15.0,30.9097129,0.0918156502585357,0.4,42541.0,0.1403646250495778,74640.64392792612,5971.25151423409,5971.25151423409
0,22000.0,77826.0,Other,3.0,2.0,0.0,263.7333333,7.0,14.0,,0.408994622288599,0.4,22000.0,0.177524550935964,48819.2515073901,3905.540120591208,3905.540120591208
0,53334.0,63298.0,Office,12.0,0.0,0.0,106.6882892,1.0,25.0,37.31209736,0.0930865033082492,0.4,53334.0,0.1411711931066348,94115.30516436577,7529.224413149262,7529.224413149261
0,39609.0,60837.0,Office,5.0,0.0,,178.8886708,0.0,16.0,30.84104501,0.046368695571012836,0.4,39609.0,0.10132942524886893,50169.465058530615,4013.5572046824495,4013.557204682449
0,28312.0,82300.0,Other,3.0,2.0,0.0,269.3359755,6.0,14.0,41.08753538,0.47281777897297256,0.4,28312.0,0.16669725763293658,58994.159476296256,4719.532758103701,4719.532758103701
0,178810.0,252724.0,ProfExe,6.0,0.0,0.0,252.9850717,2.0,32.0,39.35189319,0.09332893099146665,0.4,178810.0,0.1413237143133516,315876.16695463,25270.093356370402,25270.093356370402
0,,85255.0,Self,10.0,0.0,0.0,166.7279349,0.0,22.0,26.57262502,0.1080132464462618,0.4,0.0,0.1498178783293028,0.0,0.0,0.0
0,,79910.0,Self,13.0,1.0,0.0,169.9121678,0.0,21.0,26.25179842,0.17323092094912668,0.4,0.0,0.174349298671398,0.0,0.0,0.0
0,42041.0,67770.0,Office,6.0,0.0,,205.6565765,1.0,16.0,31.0290026,0.045502537472149496,0.4,42041.0,0.10032413375652541,52721.586340726055,4217.726907258085,4217.726907258085
0,,90003.0,Other,,0.0,0.0,347.8025143,0.0,7.0,25.32400193,0.029747250486884574,0.4,0.0,0.07924750103070194,0.0,0.0,0.0
0,38900.0,63292.0,Office,6.0,1.0,,182.5208964,1.0,15.0,32.82312065,0.10206434340742548,0.4,38900.0,0.14654626101801047,71258.11942000758,5700.649553600607,5700.649553600607
0,31536.0,81233.0,Other,2.0,1.0,0.0,267.1343742,6.0,13.0,40.15503117,0.32817673640339845,0.4,31536.0,0.18577637121825277,73233.04553423524,5858.643642738819,5858.64364273882
0,183615.0,257077.0,ProfExe,4.0,0.0,0.0,213.7558502,2.0,32.0,38.95331304,0.11352087738255087,0.4,183615.0,0.15265790028565768,350378.5045118879,28030.280360951034,28030.280360951034
0,181000.0,255026.0,ProfExe,6.0,0.0,0.0,253.7420986,1.0,33.0,40.01760328,0.08408876846905301,0.4,181000.0,0.1351950955134392,305878.9035991562,24470.312287932495,24470.312287932495
0,174945.0,251643.0,ProfExe,5.0,0.0,0.0,257.8079289,1.0,33.0,40.17406476,0.08359013787054456,0.4,174945.0,0.13484507833256712,294880.90286113694,23590.472228890954,23590.472228890954
0,31305.0,83147.0,Other,3.0,1.0,0.0,268.3858077,7.0,14.0,42.40293347,0.38519247592427047,0.4,31305.0,0.18066147570270505,70695.09371091478,5655.607496873183,5655.607496873182
0,,85298.0,Self,10.0,0.0,0.0,178.5784823,1.0,21.0,25.51396564,0.1092747171481288,0.4,0.0,0.1504839250110147,0.0,0.0,0.0
0,,90240.0,Other,,0.0,0.0,341.8288117,0.0,7.0,24.01667109,0.02822783431848519,0.4,0.0,0.07687174511105828,0.0,0.0,0.0
0,41301.0,67400.0,Office,5.0,1.0,,181.5023543,1.0,15.0,30.62618827,0.09015902763723008,0.4,41301.0,0.13929524476135052,71912.91129860672,5753.0329038885375,5753.032903888538
0,,81115.0,Self,10.0,0.0,0.0,173.2142842,1.0,21.0,24.98188282,0.10882412750840688,0.4,0.0,0.1502470992089322,0.0,0.0,0.0
0,,84584.0,Other,,1.0,0.0,350.9209963,0.0,7.0,24.35530425,0.04821177122696706,0.4,0.0,0.10342456314123263,0.0,0.0,0.0
0,27234.0,83482.0,Other,2.0,2.0,0.0,250.6140239,6.0,14.0,40.54824598,0.49296311051472885,0.4,27234.0,0.16263704877891347,55365.717330561616,4429.25738644493,4429.25738644493
0,23905.0,82670.0,Other,4.0,2.0,0.0,253.3513018,7.0,14.0,42.83695513,0.5574426952990578,0.4,23905.0,0.14788226877997196,44189.070439815376,3535.1256351852303,3535.12563518523
0,,80747.0,Self,10.0,0.0,0.0,174.1256156,0.0,21.0,25.26444754,0.09784707623257975,0.4,0.0,0.14408989336735328,0.0,0.0,0.0
0,53532.0,68305.0,Office,11.0,0.0,0.0,91.13322531,1.0,25.0,40.66968682,0.1247333133020937,0.4,53532.0,0.15792630660407736,105676.38806411836,8454.11104512947,8454.11104512947
0,48825.0,59418.0,Office,13.0,0.0,0.0,102.338683,1.0,25.0,38.75199499,0.1034654358682738,0.4,48825.0,0.14733667841001902,89921.41654211473,7193.713323369178,7193.713323369178
0,180371.0,256589.0,ProfExe,4.0,0.0,0.0,240.157802,1.0,33.0,36.47761781,0.07338239438728747,0.4,180371.0,0.12719783236764767,286785.0027748122,22942.800221984977,22942.800221984977
0,182033.0,258678.0,ProfExe,5.0,0.0,0.0,227.7177292,2.0,32.0,39.93135284,0.11126863586687749,0.4,182033.0,0.15151766499400612,344765.1888981739,27581.215111853915,27581.215111853915
0,,84871.0,Self,8.0,0.0,0.0,169.3437239,1.0,21.0,24.0312395,0.10610501978028199,0.4,0.0,0.14879223683305953,0.0,0.0,0.0
1,228236.0,305514.0,Self,6.0,0.0,0.0,11.14806851,0.0,2.0,34.55841672,0.4600053859948053,0.4,228236.0,0.16912850515583963,482515.16878435266,38601.213502748215,38601.213502748215
0,179116.0,257688.0,ProfExe,5.0,0.0,0.0,232.5959521,1.0,33.0,39.78989915,0.09349024912931425,0.4,179116.0,0.14142497022267866,316643.4370800664,25331.474966405312,25331.474966405312
1,235895.0,299772.0,Mgr,5.0,0.0,0.0,112.7482819,7.0,22.0,44.94592915,0.4505413452970434,0.4,235895.0,0.17084528474440308,503769.35555976204,40301.548444780965,40301.548444780965
1,208197.0,297280.0,ProfExe,4.0,1.0,1.0,160.4852512,2.0,29.0,41.6467315,0.47179981399223897,0.4,208197.0,0.16689482042285275,434337.51159470837,34747.00092757667,34747.00092757667
0,49669.0,63995.0,Office,12.0,0.0,1.0,92.96631275,2.0,26.0,40.10162342,0.24838553292846297,0.4,49669.0,0.1856931373520103,115289.90548921248,9223.192439137,9223.192439137
0,25813.0,78955.0,Other,3.0,2.0,0.0,243.5148555,7.0,14.0,42.99845603,0.5761096662121279,0.4,25813.0,0.14316103356369317,46192.696992245146,3695.4157593796117,3695.4157593796117
0,,84205.0,Other,,0.0,0.0,339.6656147,0.0,7.0,22.63994036,0.02608225172977684,0.4,0.0,0.07338613102998935,0.0,0.0,0.0
0,24158.0,82627.0,Other,2.0,2.0,0.0,250.6665426,6.0,14.0,43.26837545,0.5392579730826738,0.4,24158.0,0.15229644691456024,45989.71955702433,3679.1775645619464,3679.1775645619464
1,82324.0,154409.0,Other,10.0,,1.0,157.4840113,0.0,34.0,41.65904448,0.25066129137189996,0.4,82324.0,0.1858406309000106,191239.3012276559,15299.144098212473,15299.144098212473
0,,81322.0,Self,9.0,0.0,0.0,171.4475547,0.0,22.0,24.70906036,0.09452934394519528,0.4,0.0,0.1420726991563348,0.0,0.0,0.0
0,,91309.0,Other,,0.0,0.0,349.7957481,0.0,6.0,22.06132991,0.02420797508057872,0.4,0.0,0.07020498945100138,0.0,0.0,0.0
0,176922.0,256977.0,ProfExe,6.0,0.0,0.0,225.5657,2.0,33.0,37.98968921,0.09730527922436509,0.4,176922.0,0.14376568737241618,317941.4117662827,25435.312941302614,25435.312941302614
1,95321.0,169000.0,Other,3.0,0.0,0.0,239.4333333,4.0,38.0,,0.08744711793570052,0.4,95321.0,0.1374995306539096,163832.40951826645,13106.592761461316,13106.592761461317
0,38000.0,68000.0,Other,3.5,0.0,0.0,97.4,0.0,21.0,,0.16118246062220581,0.4,38000.0,0.17109611947705772,81270.65675160242,6501.652540128194,6501.652540128193
0,39436.0,75446.0,Other,2.0,0.0,0.0,102.2093582,0.0,20.0,30.16455356,0.12282306236677548,0.4,39436.0,0.15707470875136886,77429.97767898728,6194.398214318983,6194.398214318982
0,42615.0,70584.0,Other,4.0,0.0,0.0,102.2991169,0.0,20.0,28.52576894,0.109862008430328,0.4,42615.0,0.15079080837556214,80324.37873655726,6425.950298924581,6425.95029892458
0,40100.0,70672.0,Other,3.0,0.0,0.0,112.3195141,0.0,20.0,30.38843059,0.11739952815293797,0.4,40100.0,0.15455546424802963,77470.92645432484,6197.674116345987,6197.674116345988
0,119000.0,198000.0,ProfExe,9.0,0.0,0.0,309.1333333,2.0,27.0,,0.056365164513654115,0.4,119000.0,0.11203788098803212,166656.3479696978,13332.507837575824,13332.507837575822
0,43877.0,74768.0,Other,5.0,0.0,0.0,102.5503172,0.0,21.0,31.30426743,0.1263525689761003,0.4,43877.0,0.15863407446714478,87004.84106743638,6960.387285394911,6960.3872853949115
0,47485.0,69981.0,Other,4.0,0.0,0.0,100.1393112,0.0,20.0,29.47367331,0.11767525213377812,0.4,47485.0,0.15468725297108218,91816.55259164797,7345.324207331838,7345.324207331838
0,39253.0,69299.0,Other,2.0,0.0,0.0,110.876229,0.0,21.0,29.31950054,0.10930732428110533,0.4,39253.0,0.15050101660903006,73845.20506192821,5907.616404954257,5907.616404954257
0,42069.0,72082.0,Other,4.0,0.0,0.0,78.40407309,0.0,21.0,29.01621726,0.12561387771172638,0.4,42069.0,0.15831278565556328,83250.75724679865,6660.060579743892,6660.060579743892
1,86573.0,159920.0,ProfExe,7.0,0.0,5.0,332.7333333,3.0,22.0,,0.7761773749589144,0.4,86573.0,0.0827578780581641,89557.47221411801,7164.597777129441,7164.597777129441
0,122729.0,207797.0,ProfExe,9.0,0.0,0.0,313.3343967,2.0,27.0,35.02857792,0.055633617660246215,0.4,122729.0,0.1113055080275768,170755.1711839559,13660.413694716473,13660.413694716473
0,38944.0,69961.0,Other,2.0,0.0,0.0,96.69392888,0.0,20.0,28.38550102,0.11355922360119909,0.4,38944.0,0.15267706601062397,74323.19573397175,5945.85565871774,5945.85565871774
0,40669.0,70207.0,Other,3.0,0.0,0.0,96.26606796,0.0,21.0,29.36696636,0.11762840551711926,0.4,40669.0,0.15466489014210338,78625.83021486504,6290.066417189203,6290.066417189202
1,46126.0,83800.0,Other,33.0,0.0,1.0,339.9,1.0,23.0,,0.08237744356321892,0.4,46126.0,0.133985106792664,77252.46294898025,6180.19703591842,6180.19703591842
0,124491.0,198338.0,ProfExe,10.0,0.0,0.0,324.3207318,1.0,26.0,38.06975144,0.05703572748039818,0.4,124491.0,0.11270266992146807,175380.8510149185,14030.468081193481,14030.468081193481
0,120598.0,207803.0,ProfExe,9.0,0.0,0.0,304.3146151,2.0,26.0,36.43625181,0.06541598472364298,0.4,120598.0,0.12051950029567565,181680.13370822367,14534.410696657895,14534.410696657893
0,119903.0,201928.0,ProfExe,9.0,0.0,0.0,297.3074808,1.0,25.0,37.63650245,0.06626723540069007,0.4,119903.0,0.12126600996782738,181751.97991465506,14540.158393172405,14540.158393172407
1,202000.0,281000.0,ProfExe,2.0,0.0,0.0,99.43333333,2.0,21.0,,0.19895749424045403,0.4,202000.0,0.17981278616287769,454027.2850612661,36322.18280490129,36322.18280490129
0,62200.0,140030.0,Office,10.0,0.0,1.0,126.8,0.0,12.0,,0.16864401465359471,0.4,62200.0,0.1731672607783931,134637.54525520062,10771.00362041605,10771.00362041605
0,64888.0,145725.0,Office,10.0,0.0,1.0,136.9478112,0.0,11.0,40.5318231,0.22349514890305872,0.4,64888.0,0.18340807677828042,148762.29107486326,11900.983285989061,11900.98328598906
0,69786.0,148769.0,Office,10.0,0.0,0.0,129.0844789,0.0,11.0,43.51994271,0.14395267781586024,0.4,69786.0,0.16555048804603886,144413.82948476085,11553.106358780868,11553.106358780868
0,67389.0,142740.0,Office,9.0,0.0,1.0,116.9061041,0.0,11.0,43.36871813,0.283677336744699,0.4,67389.0,0.18694790045836795,157477.900799862,12598.23206398896,12598.232063988959
0,71151.0,143960.0,Office,10.0,0.0,0.0,128.7805143,0.0,12.0,43.19116341,0.1386657567808892,0.4,71151.0,0.16361539606347653,145517.48806640523,11641.399045312419,11641.399045312419
0,63338.0,148871.0,Office,11.0,0.0,0.0,124.2430768,0.0,12.0,41.44401078,0.1272163087326142,0.4,63338.0,0.15900640056244625,125889.34248530275,10071.14739882422,10071.14739882422
0,71061.0,141666.0,Office,10.0,0.0,1.0,134.6809067,0.0,11.0,43.56886383,0.2641423601768553,0.4,71061.0,0.18651937393880658,165678.16539331918,13254.253231465535,13254.253231465535
1,205156.0,290239.0,ProfExe,2.0,0.0,0.0,98.80820562,1.0,21.0,144.1890013,0.9973912615512676,0.4,205156.0,0.0010404847120284444,2668.271019761344,213.46168158090754,213.46168158090754
0,71611.0,146689.0,Office,8.0,0.0,1.0,132.8466231,0.0,11.0,41.7807059,0.24561315567523634,0.4,71611.0,0.18550015316921856,166048.14335751138,13283.851468600911,13283.85146860091
0,70095.0,142922.0,Office,10.0,0.0,0.0,113.0698235,0.0,12.0,39.91878984,0.12378283368093576,0.4,70095.0,0.15750485074614706,138003.78141313975,11040.30251305118,11040.302513051178
0,62296.0,143982.0,Office,12.0,0.0,1.0,121.3494427,0.0,10.0,41.6125057,0.2553688883692429,0.4,62296.0,0.18611506004782843,144927.797259244,11594.22378073952,11594.22378073952
0,69588.0,143926.0,Office,12.0,0.0,0.0,118.2544866,0.0,11.0,39.9753471,0.12188852032291937,0.4,69588.0,0.15665141917780637,136263.23697181488,10901.05895774519,10901.05895774519
0,64423.0,143341.0,Office,9.0,0.0,0.0,113.9844467,0.0,11.0,39.82143976,0.12571656810217202,0.4,64423.0,0.1583576091532387,127523.40318098871,10201.872254479096,10201.872254479098
0,66095.0,147203.0,Office,10.0,0.0,0.0,118.7647612,0.0,11.0,42.04567201,0.13912851714475258,0.4,66095.0,0.16378945731675057,135320.80226688285,10825.664181350628,10825.664181350628
0,191000.0,288000.0,Self,11.0,0.0,0.0,218.1,3.0,25.0,,0.178525228345086,0.4,191000.0,0.17563127884778362,419319.67824908334,33545.57425992667,33545.574259926674
0,193298.0,288525.0,Self,10.0,0.0,0.0,228.2872952,2.0,25.0,30.39586943,0.11735774948895883,0.4,193298.0,0.15453545973182747,373392.44119053485,29871.39529524279,29871.395295242786
0,197356.0,291242.0,Self,10.0,0.0,0.0,217.8016474,2.0,24.0,29.42305804,0.11928166657871359,0.4,197356.0,0.15544705966716918,383480.123845923,30678.40990767384,30678.409907673842
0,197587.0,295551.0,Self,10.0,0.0,0.0,211.7763912,3.0,24.0,30.35685652,0.14587104316740138,0.4,197587.0,0.16622425147591238,410546.8897046387,32843.75117637109,32843.7511763711
0,198702.0,293252.0,Self,10.0,0.0,0.0,208.2990068,2.0,24.0,27.76164414,0.11339016708962239,0.4,198702.0,0.1525925085137604,379005.45783376525,30320.43662670122,30320.436626701223
0,192163.0,293901.0,Self,10.0,0.0,0.0,222.1475256,2.0,24.0,29.03823599,0.11392837193366916,0.4,192163.0,0.15286114930036984,367178.2129125871,29374.25703300697,29374.25703300697
0,191972.0,294367.0,Self,10.0,0.0,0.0,230.7056134,2.0,25.0,28.20187051,0.1013910195410927,0.4,191972.0,0.1461619274652544,350737.4692419977,28058.997539359814,28058.997539359814
0,197761.0,294169.0,Self,9.0,0.0,0.0,212.2397249,2.0,24.0,28.90707333,0.11975368280984046,0.4,197761.0,0.1556677369954728,384812.5916995212,30785.007335961694,30785.007335961694
0,196690.0,288512.0,Self,9.0,0.0,0.0,227.0271357,2.0,24.0,29.58230092,0.11546931316893709,0.4,196690.0,0.15362141889122763,377697.4610214445,30215.796881715563,30215.796881715563
0,192044.0,292380.0,Self,10.0,0.0,0.0,221.6084858,2.0,25.0,30.37854757,0.12138327961523825,0.4,192044.0,0.1564207299691588,375495.78332746413,30039.66266619713,30039.66266619713
0,196601.0,289430.0,Self,12.0,0.0,0.0,226.9143073,2.0,25.0,29.22035107,0.10874863751375229,0.4,196601.0,0.15020730510139113,369136.3298779825,29530.9063902386,29530.906390238597
1,,85000.0,Other,1.0,0.0,0.0,117.1666667,9.0,23.0,,0.3537422240329185,0.4,0.0,0.18393400195688847,0.0,0.0,0.0
1,,89609.0,Other,1.0,0.0,0.0,115.7635338,9.0,23.0,41.10556883,0.4580456249288049,0.4,0.0,0.16948961720984793,0.0,0.0,0.0
1,38206.0,90000.0,Other,12.0,0.0,0.0,134.9,0.0,26.0,,0.11466420137047821,0.4,38206.0,0.1532258265992927,73176.82413815722,5854.145931052577,5854.145931052577
1,83962.0,215000.0,Self,8.0,1.0,2.0,71.53313192,3.0,14.0,,0.8551268928847682,0.4,83962.0,0.05506386917052102,57790.90729119107,4623.272583295286,4623.2725832952865
1,87651.0,224630.0,Self,9.0,0.0,2.0,73.46963001,3.0,13.0,40.92979326,0.8330542045063901,0.4,87651.0,0.06298576514619114,69009.56626035999,5520.7653008288,5520.7653008288
0,13900.0,102910.0,,27.0,0.0,1.0,138.0,0.0,14.0,,0.24934305171561016,0.4,13900.0,0.18575638615379958,32275.17209422268,2582.013767537814,2582.013767537814
0,22762.0,102997.0,,25.0,0.0,0.0,146.6328416,0.0,13.0,34.30020182,0.12528326580366245,0.4,22762.0,0.1581681262342233,45002.786116792384,3600.2228893433908,3600.2228893433908
0,23553.0,103807.0,,25.0,0.0,1.0,142.1934579,0.0,13.0,31.4699374,0.2104215662055925,0.4,23553.0,0.1816722343347682,53486.57669108494,4278.926135286795,4278.926135286795
0,21694.0,103143.0,,26.0,0.0,1.0,139.9389989,0.0,14.0,31.33368478,0.2061755633856051,0.4,21694.0,0.18102172791298002,49088.56706680236,3927.0853653441886,3927.0853653441886
0,22940.0,110114.0,,28.0,0.0,1.0,144.6161263,0.0,13.0,32.36651159,0.2148347280372304,0.4,22940.0,0.18230241676260028,52275.218006675634,4182.01744053405,4182.01744053405
0,18363.0,109675.0,,27.0,0.0,1.0,132.766724,0.0,13.0,31.64233507,0.21949798923716288,0.4,18363.0,0.18291891286778805,41986.749962389906,3358.9399969911924,3358.939996991192
0,20370.0,109127.0,,27.0,0.0,1.0,142.1743004,0.0,13.0,33.46876324,0.23157488270422166,0.4,20370.0,0.1842900211840612,46924.84664399159,3753.987731519327,3753.9877315193266
0,16337.0,109370.0,,28.0,0.0,0.0,137.4399914,0.0,14.0,34.20200503,0.125739573679132,0.4,16337.0,0.15836764384016858,32340.652467710424,2587.252197416834,2587.252197416834
0,18834.0,108355.0,,28.0,0.0,0.0,139.136329,0.0,14.0,34.04215317,0.12345484939927953,0.4,18834.0,0.1573583760459717,37046.095680622886,2963.687654449831,2963.687654449831
0,22344.0,108280.0,,25.0,0.0,0.0,148.1149935,0.0,14.0,34.28574143,0.12174751455690859,0.4,22344.0,0.15658716785979487,43734.79598324071,3498.7836786592566,3498.7836786592566
0,21041.0,111304.0,,26.0,0.0,0.0,146.3227829,0.0,14.0,32.13137313,0.107224265095233,0.4,21041.0,0.1493964800991432,39293.141722075896,3143.451337766072,3143.451337766072
0,16097.0,111287.0,,26.0,0.0,0.0,142.1199793,0.0,14.0,31.7434721,0.10706604821666726,0.4,16097.0,0.1493115250384998,30043.34523180914,2403.467618544731,2403.467618544731
0,23197.0,110481.0,,26.0,0.0,1.0,127.7675876,0.0,14.0,30.94269511,0.2136783596049211,0.4,23197.0,0.182141743497044,52814.27529876162,4225.142023900929,4225.14202390093
0,47355.0,85000.0,Other,15.0,0.0,0.0,210.9666667,0.0,16.0,,0.09236855437947208,0.4,47355.0,0.14071699088935619,83295.66379456827,6663.6531035654625,6663.6531035654625
0,48980.0,89764.0,Other,14.0,0.0,0.0,209.0431166,0.0,16.0,36.08803707,0.10124582733476382,0.4,48980.0,0.14607866666305663,89436.66366445641,7154.933093156513,7154.933093156514
0,55938.0,86794.0,Other,15.0,0.0,0.0,223.88104,0.0,16.0,36.75365267,0.09686484683440896,0.4,55938.0,0.14350065460550798,100339.24521653632,8027.139617322906,8027.139617322906
0,54004.0,94838.0,Other,16.0,0.0,0.0,193.7020508,0.0,15.0,36.26269133,0.11188420330792102,0.4,54004.0,0.1518321663030346,102494.3038628635,8199.54430902908,8199.54430902908
0,50240.0,94687.0,Other,16.0,0.0,0.0,214.4262056,0.0,16.0,34.75115835,0.08945459663176643,0.4,50240.0,0.13883424824798712,87187.90789973592,6975.032631978874,6975.032631978873
0,53307.0,94058.0,Other,16.0,0.0,0.0,218.3049777,0.0,15.0,34.24246473,0.08666297985148637,0.4,53307.0,0.13696959813526924,91267.97959745997,7301.438367796798,7301.438367796797
0,48919.0,93371.0,Other,15.0,0.0,1.0,205.6501595,0.0,15.0,34.81826182,0.19061019829967793,0.4,48919.0,0.17824519270089936,108994.70727169121,8719.576581735297,8719.576581735297
0,57264.0,90185.0,Other,16.0,0.0,0.0,221.8087175,0.0,16.0,36.11234652,0.09355604923526312,0.4,57264.0,0.1414662175070114,101261.51849151877,8100.9214793215015,8100.9214793215015
0,54576.0,92937.0,Other,16.0,0.0,0.0,208.6920698,0.0,15.0,35.85997068,0.10085512679593979,0.4,54576.0,0.14585393664459997,99501.5555789461,7960.124446315689,7960.124446315688
0,54045.0,92924.0,Other,15.0,0.0,0.0,212.2796967,0.0,15.0,35.55659049,0.09771843725271745,0.4,54045.0,0.14401309848647514,97289.84884626936,7783.187907701549,7783.187907701549
0,50370.0,91861.0,Other,14.0,0.0,0.0,213.892709,0.0,16.0,34.34088237,0.08854945978436517,0.4,50370.0,0.1382363222361841,87037.0443879574,6962.963551036592,6962.963551036592
0,48811.0,88934.0,Other,15.0,0.0,0.0,219.6010022,0.0,16.0,34.57151913,0.08656479407912594,0.4,48811.0,0.13690289819957654,83529.59205024413,6682.36736401953,6682.367364019531
